order_id,customer_id,order_time,order_status,payment_method,discount_amount,delivery_days
O000001,C00033,2025-02-17 02:08:20,已完成,银行卡,38.0,7
O000002,C00489,2025-03-31 01:57:51,已完成,银行卡,5.14,1
O000003,C01526,2024-04-07 11:21:53,已取消,微信支付,23.94,4
O000004,C01233,2025-03-01 18:40:34,已完成,微信支付,29.76,2
O000005,C01648,2025-05-29 13:27:04,已完成,银行卡,77.03,5
O000006,C01736,2024-09-30 19:35:03,已发货,银行卡,15.44,3
O000007,C01065,2025-01-25 17:54:16,已完成,银行卡,8.06,3
O000008,C00044,2024-08-05 16:19:01,已完成,微信支付,4.3,7
O000009,C00996,2025-09-27 12:48:45,已完成,微信支付,41.76,6
O000010,C01747,2025-04-15 01:17:38,待发货,货到付款,41.56,3
O000011,C01474,2025-03-11 04:19:27,已完成,支付宝,15.67,2
O000012,C01802,2025-11-18 17:01:48,已完成,微信支付,19.8,3
O000013,C01364,2025-05-29 07:20:08,已完成,支付宝,25.51,2
O000014,C00706,2024-07-27 17:35:30,已完成,支付宝,0.76,6
O000015,C01896,2025-05-14 08:38:20,已完成,微信支付,65.36,6
O000016,C00124,2025-12-05 00:25:01,待发货,货到付款,61.82,4
O000017,C01830,2024-01-28 16:21:28,已完成,支付宝,25.62,3
O000018,C01957,2025-05-04 21:13:08,已发货,未知,45.94,3
O000019,C00867,2024-05-20 10:54:02,已完成,微信支付,26.25,2
O000020,C01548,2025-08-17 03:23:12,已完成,支付宝,2.14,4
O000021,C00582,2025-05-13 09:18:11,已完成,未知,47.18,4
O000022,C01802,2025-11-12 23:56:37,已完成,微信支付,57.73,3
O000023,C00150,2025-06-01 07:38:47,已完成,未知,26.71,4
O000024,C01932,2024-01-20 01:50:29,已完成,支付宝,19.31,3
O000025,C00710,2025-02-03 18:23:38,已完成,支付宝,21.14,3
O000026,C01448,2025-10-26 05:25:06,已完成,货到付款,27.93,6
O000027,C01166,2024-06-23 00:43:47,已完成,微信支付,37.4,4
O000028,C00563,2024-03-25 16:58:30,已退款,银行卡,60.39,4
O000029,C01143,2025-06-17 08:47:25,已退款,微信支付,15.92,3
O000030,C01020,2025-01-27 03:27:52,已完成,微信支付,56.51,4
O000031,C01283,2024-02-22 01:35:18,已完成,微信支付,77.16,3
O000032,C01031,2024-07-27 04:20:26,已完成,未知,14.42,4
O000033,C00407,2024-09-01 03:27:55,已完成,微信支付,40.61,4
O000034,C01777,2025-05-31 00:23:08,已完成,未知,28.9,3
O000035,C01066,2024-12-28 08:05:31,已完成,微信支付,48.04,4
O000036,C00151,2025-01-12 19:52:34,已完成,支付宝,70.47,4
O000037,C00033,2025-08-10 09:08:42,已完成,微信支付,70.91,3
O000038,C01690,2024-07-26 00:16:55,已完成,微信支付,35.44,6
O000039,C01983,2025-06-01 21:15:20,已完成,支付宝,60.59,7
O000040,C01166,2024-10-06 15:13:06,已完成,银行卡,40.9,5
O000041,C01553,2024-11-11 23:29:23,已完成,银行卡,61.76,5
O000042,C00867,2025-03-15 13:57:09,已完成,货到付款,70.75,6
O000043,C00017,2025-06-09 11:19:43,已完成,微信支付,56.94,5
O000044,C00536,2025-11-19 12:44:34,已完成,微信支付,4.86,5
O000045,C01295,2024-07-20 00:43:45,已完成,微信支付,19.62,2
O000046,C00291,2024-04-11 09:45:20,已完成,银行卡,62.86,4
O000047,C01423,2024-11-21 10:37:57,已完成,支付宝,1.57,5
O000048,C00398,2025-03-07 07:44:53,已完成,支付宝,41.44,4
O000049,C01009,2024-06-21 20:45:54,已退款,支付宝,48.83,3
O000050,C01736,2025-10-14 22:40:42,已完成,支付宝,65.6,5
O000051,C01474,2025-08-05 11:33:11,已完成,支付宝,64.53,5
O000052,C00122,2025-01-18 18:05:08,已完成,微信支付,5.85,3
O000053,C00083,2024-12-13 05:30:57,已完成,支付宝,54.38,3
O000054,C00206,2024-02-15 22:45:52,已退款,微信支付,63.22,3
O000055,C01791,2025-02-27 16:20:52,已完成,微信支付,8.44,5
O000056,C01463,2025-04-13 17:14:38,已发货,微信支付,38.83,5
O000057,C01066,2025-10-16 14:35:51,已完成,货到付款,51.95,6
O000058,C00892,2025-01-26 19:07:29,已完成,货到付款,27.39,3
O000059,C00475,2024-05-21 12:43:09,已完成,支付宝,29.64,5
O000060,C01472,2024-06-03 23:58:15,已完成,银行卡,8.23,7
O000061,C01526,2024-05-23 15:29:51,已完成,微信支付,61.95,1
O000062,C00083,2025-11-12 10:01:38,已完成,微信支付,18.97,3
O000063,C00765,2025-08-01 05:16:59,已完成,微信支付,34.79,4
O000064,C01327,2025-08-23 21:01:53,已完成,微信支付,41.31,7
O000065,C00554,2025-09-03 01:27:45,已完成,支付宝,6.98,2
O000066,C01932,2024-04-05 01:18:02,已完成,微信支付,34.49,7
O000067,C01834,2025-06-11 00:46:11,已完成,货到付款,12.19,2
O000068,C01166,2025-06-12 02:50:22,已完成,支付宝,18.6,3
O000069,C00215,2024-06-19 05:26:02,已退款,微信支付,28.5,2
O000070,C01648,2025-01-15 11:58:56,已完成,银行卡,39.18,5
O000071,C01983,2025-05-27 06:26:13,已退款,银行卡,34.74,6
O000072,C00896,2025-10-20 10:07:22,已完成,支付宝,5.73,2
O000073,C00433,2024-04-16 10:54:40,待发货,微信支付,28.03,4
O000074,C01360,2025-10-16 10:23:02,已完成,支付宝,3.14,6
O000075,C00083,2025-11-06 01:53:38,已完成,支付宝,20.06,4
O000076,C00301,2025-11-06 12:44:06,已完成,支付宝,6.81,6
O000077,C00781,2024-01-06 07:56:54,已完成,微信支付,13.39,4
O000078,C00585,2024-06-18 12:38:41,待发货,银行卡,40.2,2
O000079,C00554,2025-06-08 01:35:20,待发货,微信支付,74.18,3
O000080,C01983,2024-08-27 20:14:42,已完成,货到付款,15.58,3
O000081,C01579,2024-03-06 17:16:18,已完成,微信支付,58.46,2
O000082,C00748,2025-07-12 08:19:06,已完成,银行卡,3.5,6
O000083,C01911,2024-02-02 08:18:00,已完成,微信支付,26.87,5
O000084,C00407,2024-12-09 07:35:13,已完成,支付宝,32.11,7
O000085,C00270,2025-11-21 23:52:42,已完成,银行卡,8.67,6
O000086,C01225,2024-12-03 16:02:33,已完成,微信支付,50.94,7
O000087,C00249,2025-11-02 11:37:16,已取消,微信支付,11.65,5
O000088,C00083,2024-11-07 15:45:41,已完成,货到付款,64.05,7
O000089,C01133,2024-09-17 01:26:23,已完成,货到付款,47.32,3
O000090,C00044,2024-04-14 19:16:09,已完成,支付宝,59.3,3
O000091,C00017,2024-09-27 14:25:40,已完成,微信支付,13.14,5
O000092,C00723,2024-09-09 07:49:27,已完成,微信支付,25.37,7
O000093,C00781,2025-09-08 16:54:39,已完成,支付宝,56.44,6
O000094,C00786,2025-11-05 00:41:33,已完成,支付宝,36.27,4
O000095,C01457,2024-01-26 11:29:06,已完成,微信支付,50.59,6
O000096,C01709,2024-04-06 22:38:02,已完成,微信支付,33.08,3
O000097,C00592,2025-05-15 18:40:06,已退款,银行卡,53.78,2
O000098,C01792,2025-01-09 01:46:13,已完成,支付宝,51.32,6
O000099,C01416,2024-08-09 14:08:13,已完成,支付宝,23.96,4
O000100,C00408,2024-07-13 16:04:55,已完成,货到付款,70.53,6
O000101,C00124,2024-06-19 12:20:46,已完成,支付宝,58.59,4
O000102,C00348,2025-02-17 07:15:52,已完成,微信支付,5.46,2
O000103,C00317,2024-01-21 16:36:28,已完成,银行卡,3.02,5
O000104,C00291,2025-06-27 10:31:19,已完成,货到付款,57.29,4
O000105,C00629,2024-08-11 22:55:24,已完成,微信支付,50.56,2
O000106,C01711,2024-11-19 20:46:52,已完成,微信支付,73.96,4
O000107,C01997,2025-02-19 21:08:21,已退款,微信支付,54.04,4
O000108,C00433,2024-06-15 10:50:37,已完成,微信支付,16.66,6
O000109,C01319,2025-10-09 16:46:08,已完成,微信支付,3.36,4
O000110,C01178,2025-06-05 03:22:58,已完成,微信支付,42.59,5
O000111,C01791,2025-09-27 18:03:38,已完成,支付宝,39.7,7
O000112,C00916,2024-12-31 18:47:57,已完成,未知,74.99,5
O000113,C00931,2024-11-24 18:11:17,已完成,银行卡,56.67,5
O000114,C00725,2024-06-27 00:13:37,已完成,支付宝,72.0,2
O000115,C01694,2025-03-06 10:28:16,已完成,微信支付,60.53,4
O000116,C01387,2025-04-11 06:04:28,已完成,银行卡,52.85,6
O000117,C00592,2024-11-12 21:23:19,已完成,支付宝,45.05,7
O000118,C01432,2024-05-12 12:14:08,已完成,支付宝,46.4,7
O000119,C00333,2024-07-22 14:03:26,已完成,银行卡,40.6,7
O000120,C01364,2024-01-17 10:54:31,已退款,银行卡,67.12,4
O000121,C01261,2024-08-25 02:15:09,已完成,支付宝,18.77,4
O000122,C00485,2025-04-03 14:32:23,已完成,支付宝,73.22,3
O000123,C01544,2025-11-29 14:49:05,已完成,微信支付,44.76,4
O000124,C00844,2024-06-02 09:28:38,已完成,支付宝,34.99,6
O000125,C01896,2024-03-01 15:17:18,已完成,支付宝,16.88,3
O000126,C01060,2024-08-08 09:44:05,已完成,货到付款,22.09,2
O000127,C00140,2024-05-20 15:41:30,已完成,支付宝,46.73,6
O000128,C00433,2025-06-09 08:00:50,已完成,微信支付,12.14,4
O000129,C00819,2024-01-07 18:49:59,已完成,支付宝,0.26,5
O000130,C01596,2025-12-19 21:07:58,已完成,支付宝,20.74,4
O000131,C00616,2025-09-15 11:44:10,已完成,支付宝,24.33,4
O000132,C00287,2025-01-15 00:05:12,已完成,支付宝,75.31,3
O000133,C01663,2025-11-05 16:03:53,已完成,货到付款,46.55,4
O000134,C01472,2025-05-05 22:07:37,已完成,微信支付,32.46,5
O000135,C01225,2025-12-28 17:44:32,已完成,货到付款,78.64,5
O000136,C01189,2024-07-26 08:27:48,已完成,支付宝,29.39,7
O000137,C01983,2025-12-29 13:36:03,已完成,微信支付,76.65,7
O000138,C01425,2024-06-03 08:16:33,已完成,微信支付,75.32,1
O000139,C00475,2024-09-23 18:07:34,已完成,银行卡,55.19,6
O000140,C00943,2025-11-11 17:47:56,已完成,银行卡,42.02,4
O000141,C00594,2024-10-09 15:49:28,已完成,微信支付,65.74,4
O000142,C00637,2024-06-14 09:50:30,已取消,支付宝,25.91,6
O000143,C00976,2024-03-04 04:03:48,已发货,微信支付,29.43,7
O000144,C01280,2024-05-15 14:55:16,已完成,支付宝,16.55,6
O000145,C00193,2024-09-25 08:32:04,已完成,微信支付,20.43,2
O000146,C00437,2024-11-13 21:11:28,已完成,微信支付,10.92,3
O000147,C01526,2025-03-04 01:11:36,已完成,微信支付,68.05,3
O000148,C00725,2025-08-15 20:30:29,已完成,支付宝,0.1,7
O000149,C00587,2024-01-16 18:36:42,已完成,微信支付,33.96,3
O000150,C00475,2025-09-04 12:02:15,待发货,支付宝,29.14,5
O000151,C00829,2025-03-31 23:29:00,已完成,银行卡,31.01,4
O000152,C01143,2025-07-08 17:14:47,已完成,支付宝,67.5,1
O000153,C01548,2025-07-08 01:55:51,已完成,银行卡,65.68,5
O000154,C01388,2025-10-26 09:36:37,已取消,银行卡,53.07,4
O000155,C00122,2024-04-03 20:22:18,已完成,微信支付,55.13,6
O000156,C00366,2025-03-27 18:25:22,已取消,微信支付,64.28,4
O000157,C00201,2025-11-01 03:50:28,已完成,支付宝,30.8,2
O000158,C00337,2025-06-17 04:41:25,已完成,支付宝,36.04,6
O000159,C01594,2024-04-05 22:23:13,已完成,货到付款,19.58,4
O000160,C00201,2025-04-26 01:50:22,已完成,微信支付,19.04,7
O000161,C01028,2025-08-05 22:37:17,已完成,微信支付,74.77,7
O000162,C01964,2024-07-23 12:03:26,已完成,银行卡,60.85,2
O000163,C00197,2025-05-08 19:37:22,已完成,银行卡,36.24,3
O000164,C01115,2025-09-03 05:56:31,已完成,支付宝,3.12,4
O000165,C00260,2025-02-16 08:51:48,已完成,支付宝,59.42,2
O000166,C00962,2024-06-08 17:02:19,已完成,银行卡,75.88,5
O000167,C00412,2025-03-09 03:52:03,已完成,支付宝,74.14,3
O000168,C00083,2025-04-07 02:58:49,已完成,银行卡,57.13,4
O000169,C01412,2024-11-04 14:09:11,已完成,货到付款,51.82,5
O000170,C01932,2025-06-04 00:38:55,待发货,微信支付,9.67,7
O000171,C01669,2024-11-25 22:45:31,已完成,微信支付,6.85,4
O000172,C01932,2025-10-03 16:02:31,已完成,货到付款,21.22,3
O000173,C01385,2025-07-31 17:49:24,已完成,支付宝,45.1,7
O000174,C01327,2025-08-09 12:23:42,已完成,微信支付,73.06,5
O000175,C00282,2025-02-18 14:17:39,已完成,支付宝,69.69,4
O000176,C00949,2024-06-09 22:15:55,已完成,支付宝,24.49,6
O000177,C01815,2025-06-19 00:30:00,已完成,微信支付,29.3,5
O000178,C00637,2024-03-12 05:47:11,已发货,支付宝,24.83,2
O000179,C01166,2025-02-10 16:49:16,已完成,微信支付,42.41,5
O000180,C01424,2024-02-27 02:13:11,已完成,微信支付,64.71,3
O000181,C00033,2025-02-20 05:49:56,已完成,微信支付,62.65,4
O000182,C00549,2025-06-06 00:49:04,已完成,支付宝,70.9,5
O000183,C00083,2024-11-12 01:03:07,已完成,银行卡,41.74,3
O000184,C00819,2024-11-11 10:18:26,已完成,支付宝,52.65,7
O000185,C01671,2024-04-26 15:00:15,已完成,银行卡,76.31,4
O000186,C00262,2024-08-12 02:59:19,已完成,微信支付,54.04,4
O000187,C01523,2024-12-08 23:28:36,已完成,微信支付,13.36,6
O000188,C00022,2025-09-21 18:16:33,已完成,支付宝,26.15,4
O000189,C00993,2025-10-21 15:53:51,已完成,银行卡,6.06,4
O000190,C01165,2025-11-27 01:41:27,已完成,支付宝,8.84,3
O000191,C00017,2024-04-08 12:56:56,已完成,银行卡,39.35,5
O000192,C00475,2024-08-08 22:48:11,已完成,微信支付,59.09,2
O000193,C01909,2024-12-22 05:57:11,已完成,货到付款,15.12,5
O000194,C01777,2025-05-14 12:12:23,已完成,银行卡,25.6,6
O000195,C01802,2025-06-12 13:12:07,已完成,银行卡,26.92,3
O000196,C00456,2025-07-27 16:04:01,已退款,微信支付,67.21,3
O000197,C01405,2025-01-20 22:20:22,已完成,微信支付,14.72,7
O000198,C00765,2025-03-15 03:33:32,已完成,支付宝,2.72,1
O000199,C01690,2025-12-04 01:33:16,已完成,未知,49.91,5
O000200,C00475,2024-06-29 02:40:16,已完成,支付宝,42.15,6
O000201,C00076,2025-08-08 06:43:05,已完成,微信支付,0.22,1
O000202,C00022,2025-06-15 08:49:06,已退款,支付宝,61.18,6
O000203,C01923,2024-05-08 21:31:52,已完成,微信支付,33.91,3
O000204,C01551,2025-11-08 12:16:03,已完成,支付宝,43.83,7
O000205,C01032,2025-09-15 17:26:42,已完成,微信支付,53.67,6
O000206,C00287,2025-07-22 13:52:42,已发货,银行卡,4.11,3
O000207,C01526,2024-04-29 22:48:12,已完成,微信支付,13.8,2
O000208,C00867,2024-05-08 07:54:14,已完成,支付宝,37.05,3
O000209,C00291,2025-06-05 16:32:22,待发货,微信支付,13.75,5
O000210,C00529,2024-04-14 06:46:39,已完成,微信支付,9.33,7
O000211,C01246,2024-04-18 05:24:02,已完成,支付宝,26.0,6
O000212,C00496,2024-11-03 23:00:48,已完成,微信支付,34.13,6
O000213,C00475,2024-01-07 00:44:20,已完成,支付宝,67.99,7
O000214,C01364,2025-06-18 06:05:29,待发货,微信支付,47.6,3
O000215,C00287,2025-03-02 09:38:54,已完成,支付宝,74.35,5
O000216,C01648,2024-03-21 03:59:07,已完成,银行卡,36.58,5
O000217,C00605,2025-03-05 18:01:56,已完成,支付宝,37.79,7
O000218,C00066,2024-02-28 08:44:36,已完成,微信支付,24.92,5
O000219,C01802,2024-03-14 11:52:25,已完成,支付宝,6.52,6
O000220,C01010,2025-01-10 07:37:04,已完成,微信支付,13.76,7
O000221,C01066,2025-01-25 21:41:04,已完成,支付宝,5.42,5
O000222,C01648,2024-09-11 10:54:49,已发货,银行卡,56.28,3
O000223,C01316,2025-05-01 18:46:24,已完成,微信支付,27.92,3
O000224,C00330,2024-10-25 14:02:45,已完成,微信支付,2.52,7
O000225,C00450,2025-04-07 22:46:49,已完成,银行卡,60.18,5
O000226,C01188,2024-09-20 14:45:24,已完成,支付宝,20.39,4
O000227,C00433,2025-06-15 23:13:18,已完成,微信支付,71.48,2
O000228,C01640,2025-04-01 16:39:16,已完成,货到付款,65.85,2
O000229,C01327,2024-05-23 01:50:38,已完成,微信支付,24.3,3
O000230,C01128,2025-06-06 03:50:42,已完成,银行卡,18.86,4
O000231,C01991,2025-07-26 18:52:20,待发货,微信支付,79.45,2
O000232,C00725,2024-03-10 01:46:34,已完成,货到付款,65.57,3
O000233,C00408,2025-04-23 04:07:32,已完成,银行卡,74.13,3
O000234,C01229,2025-07-30 18:29:08,已完成,微信支付,1.36,6
O000235,C01975,2024-04-19 08:13:31,已完成,货到付款,47.87,5
O000236,C00475,2025-10-25 05:04:45,已完成,微信支付,21.33,7
O000237,C00262,2024-11-10 04:15:57,已完成,银行卡,29.98,5
O000238,C00637,2025-06-26 07:54:20,已完成,支付宝,7.29,5
O000239,C00083,2025-10-22 20:35:14,已发货,微信支付,59.87,6
O000240,C01815,2025-12-25 10:45:53,已发货,支付宝,42.05,3
O000241,C00033,2025-04-05 22:30:55,已完成,微信支付,63.36,5
O000242,C01802,2025-06-12 17:21:49,已完成,支付宝,9.32,4
O000243,C01548,2024-07-07 06:28:20,已完成,支付宝,79.78,4
O000244,C01853,2024-08-04 03:59:16,已完成,支付宝,27.88,6
O000245,C01932,2025-09-11 22:17:37,已完成,银行卡,76.12,3
O000246,C00610,2024-11-02 21:18:15,已完成,货到付款,54.12,5
O000247,C01548,2025-08-21 02:50:46,已完成,支付宝,8.71,4
O000248,C00535,2024-02-25 07:22:23,已完成,支付宝,62.56,3
O000249,C01327,2024-06-17 17:54:19,已完成,微信支付,44.85,6
O000250,C00999,2024-05-30 23:58:48,已完成,货到付款,15.1,4
O000251,C00678,2025-02-19 21:03:21,已完成,银行卡,14.98,5
O000252,C01321,2024-03-23 06:40:07,已完成,货到付款,76.25,7
O000253,C01777,2024-09-15 21:05:47,已完成,支付宝,79.89,4
O000254,C01441,2025-12-23 17:52:18,待发货,微信支付,46.09,3
O000255,C00113,2025-08-02 11:06:39,待发货,微信支付,14.97,6
O000256,C00473,2025-07-10 09:53:39,已完成,支付宝,27.22,3
O000257,C00295,2024-05-05 19:46:04,已完成,微信支付,16.96,1
O000258,C01648,2024-10-03 20:32:02,已完成,支付宝,48.6,7
O000259,C00122,2025-06-04 21:12:49,已完成,微信支付,32.02,7
O000260,C00860,2024-01-26 11:16:03,已完成,支付宝,30.25,2
O000261,C00819,2024-11-26 06:25:19,已完成,支付宝,64.11,7
O000262,C00690,2025-11-08 20:50:45,已完成,微信支付,77.09,4
O000263,C01413,2024-03-24 07:53:10,已完成,支付宝,15.76,6
O000264,C01551,2025-10-29 18:30:31,已完成,微信支付,33.15,4
O000265,C00122,2024-06-08 12:13:06,已完成,微信支付,42.92,5
O000266,C01128,2024-06-07 14:33:33,已完成,支付宝,19.67,5
O000267,C01120,2024-06-09 05:49:42,已完成,微信支付,32.15,5
O000268,C01641,2025-11-09 05:32:14,已完成,微信支付,4.46,7
O000269,C01626,2025-04-19 15:53:16,已完成,微信支付,3.3,3
O000270,C00337,2025-07-04 06:00:31,已完成,微信支付,62.91,5
O000271,C01425,2024-10-05 16:30:47,已完成,微信支付,27.13,5
O000272,C01906,2025-09-29 23:02:32,已完成,支付宝,56.59,6
O000273,C01345,2025-04-03 01:36:42,已退款,银行卡,6.63,4
O000274,C00605,2025-04-16 22:36:24,已完成,微信支付,53.65,6
O000275,C00901,2025-07-05 04:18:07,已完成,微信支付,52.27,3
O000276,C01166,2025-07-19 03:47:57,已完成,微信支付,65.72,4
O000277,C00292,2025-06-05 20:57:47,已完成,微信支付,16.37,4
O000278,C00295,2024-04-22 04:27:02,已发货,微信支付,44.09,3
O000279,C00170,2025-09-24 15:26:16,已完成,支付宝,72.09,5
O000280,C00640,2024-07-14 02:11:24,已完成,支付宝,17.59,4
O000281,C00124,2025-12-29 02:01:04,已完成,支付宝,9.99,7
O000282,C00753,2024-10-23 04:24:51,已完成,银行卡,27.58,5
O000283,C01295,2024-04-23 12:26:10,已完成,银行卡,77.23,6
O000284,C00725,2024-08-23 06:46:12,已完成,微信支付,12.59,6
O000285,C01317,2025-03-29 05:51:19,待发货,微信支付,9.55,1
O000286,C01042,2024-10-29 20:06:56,已完成,支付宝,79.82,6
O000287,C01317,2025-08-25 04:09:13,已完成,支付宝,31.45,3
O000288,C00753,2025-06-05 02:33:25,已完成,支付宝,11.94,4
O000289,C00786,2024-06-15 02:22:40,已完成,支付宝,44.69,5
O000290,C01407,2025-03-01 21:42:09,已完成,货到付款,1.11,2
O000291,C01865,2025-07-28 11:19:05,已完成,支付宝,34.05,3
O000292,C00107,2025-10-15 23:24:05,已取消,货到付款,2.9,4
O000293,C00706,2024-11-01 19:26:11,已完成,货到付款,45.23,4
O000294,C00475,2025-11-07 06:36:19,已完成,支付宝,49.98,5
O000295,C00867,2024-02-10 18:04:56,已完成,微信支付,0.28,6
O000296,C00332,2025-06-03 10:53:55,已完成,微信支付,41.02,5
O000297,C00095,2025-07-24 13:20:34,已完成,微信支付,75.6,2
O000298,C01080,2024-11-17 12:12:56,待发货,银行卡,31.85,4
O000299,C01060,2024-01-13 18:38:01,已完成,货到付款,76.36,7
O000300,C01473,2025-06-07 04:08:33,已完成,微信支付,77.08,3
O000301,C00122,2024-09-14 01:35:26,已完成,微信支付,19.22,2
O000302,C01009,2024-05-17 17:03:07,已完成,银行卡,46.19,5
O000303,C00980,2024-05-20 22:15:33,已完成,支付宝,66.42,2
O000304,C00044,2025-07-16 13:43:27,已完成,支付宝,56.73,2
O000305,C01177,2024-06-06 02:22:45,已完成,微信支付,60.81,1
O000306,C00786,2025-01-08 02:54:25,已完成,微信支付,20.87,5
O000307,C01367,2025-12-12 13:21:25,待发货,微信支付,73.46,6
O000308,C01309,2025-07-09 21:41:13,已完成,微信支付,18.85,4
O000309,C00748,2025-03-08 14:01:28,已完成,微信支付,51.58,7
O000310,C01510,2025-02-20 07:58:04,待发货,微信支付,70.78,1
O000311,C01777,2024-05-28 14:36:33,已完成,支付宝,28.76,4
O000312,C00592,2024-12-10 03:42:22,已完成,银行卡,44.17,1
O000313,C01160,2024-05-12 11:19:16,已完成,微信支付,55.24,5
O000314,C01488,2024-03-25 23:17:22,已完成,银行卡,74.28,6
O000315,C01165,2024-04-15 15:26:53,已完成,微信支付,35.84,2
O000316,C00789,2025-04-21 02:15:42,已完成,支付宝,48.26,2
O000317,C01448,2024-06-08 04:01:51,待发货,微信支付,11.34,5
O000318,C01526,2024-05-15 01:40:23,已完成,银行卡,5.22,2
O000319,C00083,2025-09-24 09:42:23,已取消,微信支付,1.71,2
O000320,C01664,2024-04-25 05:40:00,已完成,支付宝,38.13,2
O000321,C01160,2025-06-13 23:33:40,已完成,货到付款,43.66,6
O000322,C00690,2024-11-11 07:31:01,已完成,微信支付,6.91,4
O000323,C00918,2025-04-01 00:59:58,已完成,支付宝,14.49,6
O000324,C01289,2024-01-28 10:31:41,已完成,支付宝,21.3,3
O000325,C01025,2024-01-01 17:42:27,已完成,微信支付,71.3,3
O000326,C01561,2025-08-17 16:24:39,已发货,微信支付,7.94,2
O000327,C00372,2024-12-31 23:01:59,已完成,银行卡,39.18,4
O000328,C00044,2024-03-15 08:20:09,已完成,银行卡,63.13,2
O000329,C00592,2024-09-15 12:43:44,已完成,微信支付,69.61,5
O000330,C01748,2025-01-31 13:38:51,已完成,银行卡,55.45,6
O000331,C01350,2024-05-05 00:41:35,已完成,银行卡,21.24,7
O000332,C00134,2025-03-07 00:44:39,已完成,支付宝,9.71,2
O000333,C01361,2025-02-20 19:13:30,已完成,银行卡,12.63,2
O000334,C00206,2025-04-18 09:48:09,已完成,微信支付,61.62,3
O000335,C00384,2025-08-12 16:42:58,已完成,支付宝,23.72,6
O000336,C00343,2024-11-09 22:18:17,已完成,货到付款,27.03,3
O000337,C01327,2025-10-13 05:30:23,已完成,支付宝,14.04,4
O000338,C00475,2024-12-30 18:51:58,已发货,微信支付,34.77,5
O000339,C00032,2024-12-18 05:10:03,已完成,支付宝,26.76,6
O000340,C00170,2025-05-23 17:18:24,已完成,微信支付,28.56,3
O000341,C00161,2025-04-28 03:11:33,已完成,微信支付,2.7,2
O000342,C01345,2024-01-14 07:18:14,已完成,微信支付,37.01,7
O000343,C01663,2025-12-20 11:12:40,已完成,微信支付,8.95,5
O000344,C00210,2025-11-16 11:48:31,待发货,支付宝,42.85,7
O000345,C01876,2024-07-28 00:59:15,已完成,微信支付,53.53,6
O000346,C00850,2025-03-17 20:58:12,已完成,支付宝,43.69,6
O000347,C01327,2025-07-17 00:21:17,已完成,银行卡,11.72,3
O000348,C01017,2025-11-05 21:55:47,已完成,支付宝,49.32,6
O000349,C01208,2025-04-06 04:04:31,已完成,微信支付,33.02,3
O000350,C01793,2024-01-22 17:06:47,已完成,货到付款,28.75,1
O000351,C00799,2025-06-04 17:19:43,已完成,微信支付,11.9,2
O000352,C01834,2024-04-02 10:17:48,已完成,支付宝,79.55,7
O000353,C00786,2025-06-01 12:55:51,已完成,微信支付,31.41,7
O000354,C01454,2025-04-07 01:45:37,待发货,货到付款,36.51,5
O000355,C00590,2025-05-13 21:45:21,已完成,微信支付,7.55,3
O000356,C00033,2024-06-07 02:48:41,已完成,货到付款,54.04,4
O000357,C01230,2025-01-18 15:43:56,已完成,货到付款,22.61,4
O000358,C01777,2025-04-28 00:30:19,已完成,货到付款,59.21,7
O000359,C00395,2024-08-11 17:03:29,待发货,银行卡,5.37,3
O000360,C01324,2024-06-04 08:00:52,已完成,支付宝,23.75,2
O000361,C01668,2024-06-19 11:58:35,已完成,货到付款,59.65,1
O000362,C01802,2025-09-17 00:30:08,已发货,微信支付,31.68,4
O000363,C00960,2024-12-23 05:57:21,已完成,银行卡,2.74,4
O000364,C01747,2025-05-26 10:01:15,已完成,微信支付,63.16,7
O000365,C00592,2025-02-08 17:38:28,已完成,微信支付,77.25,4
O000366,C01681,2025-08-30 14:16:59,已完成,支付宝,30.12,5
O000367,C01023,2025-02-02 06:21:50,已完成,货到付款,49.73,4
O000368,C01402,2024-04-03 14:39:57,已完成,微信支付,29.81,2
O000369,C00574,2024-06-09 05:29:44,已完成,支付宝,44.4,4
O000370,C01865,2024-01-16 13:08:30,已完成,支付宝,59.09,7
O000371,C00170,2025-08-28 12:59:39,待发货,支付宝,50.63,3
O000372,C01370,2025-05-28 05:42:29,已完成,微信支付,25.18,2
O000373,C00033,2025-07-09 04:21:02,已完成,支付宝,15.62,4
O000374,C01066,2025-06-15 12:37:07,已完成,支付宝,43.55,4
O000375,C01916,2025-08-22 14:09:33,已完成,银行卡,52.76,6
O000376,C00827,2025-12-23 23:25:39,已完成,货到付款,45.96,5
O000377,C01023,2025-05-22 11:25:15,已完成,微信支付,10.25,4
O000378,C00337,2024-07-07 10:22:01,已完成,微信支付,28.4,4
O000379,C00408,2024-04-09 11:29:04,已完成,支付宝,59.57,5
O000380,C01005,2025-04-09 20:54:18,已完成,支付宝,11.74,4
O000381,C00617,2025-07-17 07:00:51,已完成,支付宝,70.67,6
O000382,C01031,2025-03-19 09:33:25,已完成,银行卡,37.32,3
O000383,C00924,2024-08-14 08:56:58,已完成,微信支付,63.29,4
O000384,C01128,2025-06-17 14:53:53,已完成,银行卡,27.26,3
O000385,C00592,2024-12-11 16:53:51,已完成,微信支付,28.74,4
O000386,C00767,2024-08-01 11:24:58,已完成,货到付款,77.36,3
O000387,C01476,2025-09-04 06:34:14,已完成,支付宝,45.39,6
O000388,C01405,2025-03-30 16:35:58,已完成,银行卡,8.15,2
O000389,C01512,2024-07-29 06:50:55,已完成,微信支付,76.61,5
O000390,C01476,2024-09-02 21:57:47,已完成,支付宝,29.99,5
O000391,C01169,2025-03-27 14:15:11,已完成,微信支付,56.82,7
O000392,C00094,2024-11-15 10:07:17,已完成,支付宝,10.28,4
O000393,C01345,2024-05-23 05:15:39,已完成,货到付款,68.43,5
O000394,C00156,2025-04-24 18:15:02,已完成,银行卡,76.73,4
O000395,C01814,2025-06-07 14:18:49,已完成,支付宝,30.63,3
O000396,C01816,2024-01-01 21:55:25,已完成,微信支付,11.58,6
O000397,C01791,2025-02-27 16:12:01,已完成,货到付款,44.61,6
O000398,C00556,2025-03-31 18:25:17,已完成,微信支付,12.94,4
O000399,C01867,2024-09-05 02:21:23,已完成,支付宝,35.37,4
O000400,C00314,2024-09-11 00:16:39,已完成,微信支付,49.81,3
O000401,C01345,2024-08-24 15:11:36,已发货,银行卡,11.14,4
O000402,C00455,2024-12-09 00:59:22,已完成,微信支付,75.84,3
O000403,C01587,2025-08-14 21:37:37,已完成,微信支付,56.45,5
O000404,C00033,2024-12-26 21:06:53,待发货,微信支付,28.9,7
O000405,C01266,2025-12-27 14:39:21,已完成,支付宝,33.26,6
O000406,C00502,2024-10-14 17:36:22,已完成,微信支付,67.85,6
O000407,C00337,2025-06-10 10:21:06,已完成,银行卡,38.08,7
O000408,C00291,2025-03-09 22:47:22,已完成,银行卡,0.0,6
O000409,C01128,2025-07-12 00:48:17,已取消,货到付款,4.97,7
O000410,C01526,2025-10-13 07:47:45,已完成,微信支付,21.71,5
O000411,C00039,2025-02-05 16:38:06,待发货,支付宝,41.48,5
O000412,C00450,2025-01-19 18:26:35,已发货,支付宝,10.87,4
O000413,C00987,2025-11-16 05:12:46,已发货,银行卡,28.5,4
O000414,C01777,2025-11-10 19:02:15,已完成,微信支付,41.6,4
O000415,C01031,2025-12-29 11:55:04,已完成,微信支付,20.88,6
O000416,C01385,2024-05-20 20:50:40,已完成,微信支付,13.17,2
O000417,C00406,2024-01-05 06:12:35,已完成,支付宝,21.47,3
O000418,C01607,2024-11-30 16:48:33,已发货,银行卡,6.61,5
O000419,C00850,2025-06-23 04:02:52,已完成,微信支付,15.67,4
O000420,C00017,2024-03-16 03:14:06,已完成,支付宝,4.88,6
O000421,C00193,2024-10-12 16:09:11,已退款,微信支付,76.2,7
O000422,C01387,2025-04-03 16:20:28,已完成,微信支付,12.88,6
O000423,C01500,2024-06-15 07:19:33,已发货,货到付款,0.1,5
O000424,C00044,2025-06-21 14:30:55,已完成,银行卡,76.59,6
O000425,C01556,2024-06-22 22:27:37,已完成,货到付款,60.69,7
O000426,C01845,2025-09-04 08:06:12,已完成,支付宝,21.36,3
O000427,C01702,2024-09-19 12:08:51,已完成,支付宝,70.31,7
O000428,C01364,2025-04-15 05:49:24,已完成,支付宝,69.73,3
O000429,C01078,2025-03-05 12:32:52,已完成,支付宝,59.28,2
O000430,C00743,2024-08-08 21:55:16,已完成,微信支付,47.38,7
O000431,C01530,2024-12-02 15:07:47,已发货,微信支付,46.78,4
O000432,C01658,2025-09-08 03:18:32,已完成,微信支付,77.51,1
O000433,C01327,2025-03-09 17:09:33,已完成,支付宝,37.21,5
O000434,C01648,2024-03-01 10:55:58,已完成,银行卡,64.69,4
O000435,C01613,2025-06-15 00:09:09,待发货,支付宝,9.0,3
O000436,C01975,2024-06-04 14:48:18,待发货,微信支付,56.07,5
O000437,C00725,2025-01-11 07:11:10,已完成,支付宝,79.17,5
O000438,C00108,2024-12-26 23:43:49,已完成,微信支付,0.8,6
O000439,C01736,2025-01-11 23:27:51,已退款,银行卡,20.63,3
O000440,C01184,2024-02-04 16:58:50,待发货,微信支付,62.8,4
O000441,C01078,2024-07-22 15:04:14,已完成,支付宝,58.7,5
O000442,C01364,2024-02-25 07:19:15,已完成,微信支付,58.74,6
O000443,C01629,2024-11-10 01:43:24,已完成,微信支付,78.6,6
O000444,C00337,2025-05-01 01:54:46,已完成,支付宝,7.67,3
O000445,C00227,2025-05-22 11:32:45,已完成,支付宝,54.01,3
O000446,C01709,2024-03-09 07:05:59,已完成,微信支付,51.29,4
O000447,C01165,2024-04-22 23:37:47,已完成,支付宝,16.46,4
O000448,C01638,2025-05-27 07:28:57,已完成,微信支付,17.03,4
O000449,C00725,2025-02-23 05:46:15,已完成,银行卡,52.02,5
O000450,C01548,2025-08-29 19:33:36,已发货,支付宝,52.36,7
O000451,C01145,2024-06-12 20:53:31,已完成,支付宝,48.01,3
O000452,C00563,2024-04-24 09:07:09,已取消,支付宝,36.95,7
O000453,C00977,2024-10-01 01:37:56,已完成,银行卡,54.98,6
O000454,C00786,2025-05-11 02:44:07,已完成,微信支付,25.75,7
O000455,C00496,2025-01-10 12:24:51,已完成,支付宝,18.86,4
O000456,C01136,2024-04-07 20:28:16,已完成,银行卡,47.63,3
O000457,C00763,2024-03-15 09:41:13,已完成,支付宝,49.38,4
O000458,C01526,2025-06-03 00:27:36,已完成,微信支付,64.98,4
O000459,C00045,2024-08-09 08:23:28,已完成,微信支付,33.29,5
O000460,C01827,2025-06-01 00:34:23,已完成,货到付款,0.0,7
O000461,C00475,2024-08-07 10:48:54,已完成,微信支付,73.42,5
O000462,C01501,2024-08-22 11:08:41,已完成,微信支付,34.05,5
O000463,C01802,2024-06-14 17:52:36,已完成,货到付款,43.41,3
O000464,C00658,2025-12-21 01:12:47,已完成,银行卡,72.82,6
O000465,C01785,2024-01-19 11:05:48,已完成,支付宝,24.02,7
O000466,C01526,2024-04-29 04:10:10,已完成,微信支付,57.81,7
O000467,C00337,2025-08-31 11:04:26,已完成,支付宝,46.18,6
O000468,C00725,2024-05-07 23:57:54,已完成,银行卡,33.12,2
O000469,C01266,2024-07-28 17:17:48,已完成,微信支付,69.14,7
O000470,C01842,2024-07-15 20:46:03,已完成,微信支付,12.54,1
O000471,C00575,2025-06-10 00:10:14,已完成,银行卡,2.83,4
O000472,C00122,2024-11-08 18:31:15,已完成,支付宝,16.57,5
O000473,C00433,2025-09-04 20:25:30,待发货,支付宝,70.1,4
O000474,C01198,2025-07-02 16:39:48,已完成,银行卡,27.49,4
O000475,C00541,2025-02-23 18:59:28,待发货,支付宝,54.72,7
O000476,C01324,2024-07-06 01:38:11,已完成,货到付款,18.47,3
O000477,C00989,2025-07-31 17:42:33,已退款,微信支付,39.27,3
O000478,C00774,2025-09-23 20:15:13,已完成,支付宝,41.83,7
O000479,C00908,2025-08-31 05:07:40,已完成,支付宝,19.63,1
O000480,C01905,2024-02-26 11:05:58,已完成,支付宝,30.99,5
O000481,C00074,2025-06-10 10:18:37,已取消,微信支付,20.94,3
O000482,C00592,2025-06-12 02:33:54,已完成,支付宝,8.05,6
O000483,C01956,2025-11-16 03:03:32,已完成,支付宝,34.53,7
O000484,C00382,2024-07-15 07:15:48,已完成,微信支付,45.09,7
O000485,C00563,2025-07-27 02:37:56,已完成,支付宝,7.2,6
O000486,C01128,2025-06-07 12:52:10,已完成,支付宝,28.63,5
O000487,C01669,2025-10-04 01:59:39,已完成,支付宝,37.02,7
O000488,C01544,2025-06-08 00:14:15,已完成,支付宝,74.6,4
O000489,C00801,2025-09-13 15:06:05,已完成,微信支付,48.83,4
O000490,C00100,2024-09-29 06:34:14,已完成,微信支付,75.38,3
O000491,C01448,2024-05-21 09:56:08,已完成,银行卡,41.95,6
O000492,C01238,2024-10-02 08:25:11,已完成,银行卡,64.26,3
O000493,C01983,2025-08-16 11:54:00,已完成,支付宝,7.7,4
O000494,C00475,2024-05-02 11:44:58,已完成,支付宝,45.15,5
O000495,C00300,2025-05-11 03:53:26,已完成,微信支付,28.23,4
O000496,C00592,2025-12-24 00:57:09,已完成,支付宝,58.27,4
O000497,C01229,2025-10-18 10:06:20,已取消,支付宝,70.21,3
O000498,C00776,2025-06-01 13:24:44,已完成,支付宝,56.98,2
O000499,C01061,2025-07-31 18:02:37,已完成,微信支付,7.06,7
O000500,C01714,2024-04-21 04:02:03,已完成,微信支付,49.68,2
O000501,C01356,2025-01-24 02:28:08,已完成,货到付款,59.53,7
O000502,C00958,2025-02-23 14:39:32,已完成,支付宝,2.39,3
O000503,C01815,2025-07-25 21:53:58,已完成,银行卡,13.58,4
O000504,C00473,2024-07-29 05:07:04,已完成,支付宝,54.42,5
O000505,C00433,2024-04-13 02:01:51,已完成,银行卡,25.19,4
O000506,C00725,2025-06-10 09:06:03,已完成,微信支付,4.97,5
O000507,C00527,2025-01-17 13:55:29,已完成,微信支付,71.15,5
O000508,C01501,2025-09-05 14:39:13,已完成,支付宝,76.17,5
O000509,C00026,2025-01-05 02:28:25,已完成,支付宝,29.88,3
O000510,C00554,2025-09-08 15:06:55,已完成,微信支付,79.43,4
O000511,C00774,2025-02-01 08:22:12,已完成,支付宝,68.53,6
O000512,C00643,2025-07-25 00:07:38,已完成,微信支付,44.47,6
O000513,C01983,2025-06-17 22:01:19,已完成,微信支付,59.78,5
O000514,C01176,2024-07-17 12:26:39,已完成,货到付款,74.9,6
O000515,C01956,2024-08-18 07:30:03,已发货,支付宝,58.19,2
O000516,C01690,2025-10-22 19:27:17,已完成,微信支付,27.0,7
O000517,C00227,2024-06-23 19:52:57,待发货,微信支付,15.44,7
O000518,C01771,2025-06-10 04:54:43,已退款,银行卡,34.54,5
O000519,C01370,2024-05-12 23:07:56,已完成,货到付款,14.93,3
O000520,C01229,2025-07-07 12:16:40,已完成,未知,1.72,4
O000521,C01548,2024-06-19 06:30:11,已完成,支付宝,36.48,5
O000522,C01697,2025-04-12 10:24:27,已完成,支付宝,26.34,4
O000523,C01166,2025-03-21 04:26:52,已完成,微信支付,7.62,4
O000524,C00011,2024-06-12 20:42:40,已完成,支付宝,69.72,5
O000525,C00341,2025-01-16 06:10:31,已完成,微信支付,9.84,4
O000526,C00479,2025-10-05 10:49:52,已取消,微信支付,50.43,7
O000527,C01385,2025-06-04 01:15:06,已完成,支付宝,45.55,4
O000528,C01648,2025-12-27 22:20:57,已完成,微信支付,78.32,4
O000529,C01858,2025-07-26 07:13:07,已退款,支付宝,20.31,4
O000530,C00044,2025-05-15 15:37:59,已发货,微信支付,18.84,2
O000531,C01050,2025-03-21 08:41:48,已完成,支付宝,50.18,3
O000532,C00086,2025-11-12 13:37:29,已完成,货到付款,44.66,5
O000533,C01957,2025-02-19 13:29:28,已完成,支付宝,64.94,2
O000534,C01983,2024-11-04 07:18:01,已完成,支付宝,13.85,5
O000535,C01601,2025-08-30 10:41:19,已完成,支付宝,24.05,5
O000536,C00215,2025-11-14 14:07:13,已完成,银行卡,0.4,2
O000537,C00496,2025-01-03 05:18:42,待发货,支付宝,57.73,4
O000538,C01562,2024-05-06 03:40:11,已完成,微信支付,26.04,3
O000539,C01031,2025-04-22 04:41:48,已完成,微信支付,18.89,5
O000540,C00471,2025-06-28 09:16:18,已完成,支付宝,48.39,6
O000541,C01756,2024-10-12 05:20:51,已完成,支付宝,20.14,2
O000542,C01976,2025-07-02 06:19:21,待发货,微信支付,4.54,4
O000543,C00182,2025-02-22 16:53:45,已完成,支付宝,18.9,4
O000544,C01229,2024-08-12 16:34:40,已完成,支付宝,67.98,4
O000545,C00904,2025-05-06 22:07:59,已完成,支付宝,47.63,3
O000546,C00786,2024-10-27 18:09:31,已发货,支付宝,37.69,5
O000547,C00044,2025-07-27 10:04:21,已完成,微信支付,39.31,4
O000548,C00201,2024-01-04 22:14:38,已完成,支付宝,79.76,3
O000549,C00726,2025-08-18 22:13:01,已完成,支付宝,2.52,6
O000550,C00349,2024-08-16 05:26:58,已完成,货到付款,12.9,7
O000551,C00704,2025-12-03 04:44:40,已取消,支付宝,69.24,5
O000552,C00637,2025-07-09 21:52:02,已完成,微信支付,42.79,6
O000553,C01474,2024-06-30 21:33:10,已完成,支付宝,79.6,7
O000554,C01201,2025-12-18 20:46:00,已取消,银行卡,54.71,5
O000555,C00025,2025-01-25 11:39:40,已完成,支付宝,57.87,2
O000556,C01476,2025-02-15 20:19:39,已完成,微信支付,46.38,7
O000557,C00977,2025-11-01 18:36:09,已完成,微信支付,1.39,5
O000558,C00124,2025-11-04 17:18:32,已退款,支付宝,72.64,2
O000559,C00936,2025-06-10 14:18:29,已退款,支付宝,41.84,5
O000560,C00017,2025-12-18 06:59:28,已完成,微信支付,0.72,4
O000561,C00588,2024-09-02 17:54:37,已完成,支付宝,16.79,5
O000562,C00789,2024-06-24 21:39:51,已完成,货到付款,0.0,3
O000563,C01737,2024-02-03 21:35:54,已完成,微信支付,22.89,6
O000564,C00908,2024-09-17 14:41:09,已完成,支付宝,2.22,4
O000565,C00170,2025-04-18 00:45:56,待发货,货到付款,22.42,2
O000566,C00430,2024-08-15 17:03:34,已完成,货到付款,71.7,1
O000567,C01277,2025-04-02 06:21:10,已完成,微信支付,47.11,4
O000568,C00185,2024-02-22 04:06:55,已完成,微信支付,26.16,3
O000569,C01407,2024-09-24 01:31:22,已完成,支付宝,7.05,2
O000570,C00310,2025-07-02 03:17:26,已完成,未知,60.1,4
O000571,C00337,2024-04-11 11:19:58,已完成,支付宝,57.47,6
O000572,C00270,2025-06-15 06:50:34,已完成,支付宝,0.19,5
O000573,C00763,2025-07-12 09:12:08,已退款,支付宝,79.47,7
O000574,C01551,2025-03-25 12:54:04,已完成,支付宝,21.25,7
O000575,C01932,2025-10-11 12:25:49,已完成,银行卡,20.99,6
O000576,C01530,2025-11-28 09:11:20,已完成,支付宝,24.08,5
O000577,C00033,2024-02-08 10:08:05,已完成,支付宝,76.94,6
O000578,C01777,2025-06-04 21:42:02,已完成,微信支付,67.29,4
O000579,C00916,2024-06-27 06:54:56,已完成,银行卡,50.98,5
O000580,C00869,2024-11-07 00:52:34,已完成,支付宝,39.54,4
O000581,C00028,2025-05-02 19:10:31,已完成,微信支付,26.16,7
O000582,C00022,2025-06-15 01:52:35,已发货,微信支付,26.81,5
O000583,C00134,2025-09-03 18:13:25,已完成,支付宝,26.05,5
O000584,C00262,2025-06-13 07:27:57,已完成,微信支付,69.01,7
O000585,C00516,2025-07-21 20:00:36,已完成,银行卡,54.51,4
O000586,C01501,2025-04-15 04:15:38,已完成,微信支付,32.54,6
O000587,C01289,2024-04-21 03:19:53,待发货,支付宝,79.48,3
O000588,C00227,2024-01-25 09:57:00,已取消,微信支付,14.2,5
O000589,C01375,2025-02-21 10:16:19,已完成,支付宝,6.13,3
O000590,C01886,2025-06-16 17:16:49,已完成,银行卡,29.45,3
O000591,C00433,2024-04-15 15:16:05,已完成,微信支付,78.55,4
O000592,C01867,2024-11-21 23:15:19,已发货,微信支付,1.92,5
O000593,C00789,2024-07-10 16:32:09,待发货,微信支付,6.48,6
O000594,C01648,2025-03-23 04:12:42,已完成,微信支付,27.32,3
O000595,C00017,2024-10-28 02:17:50,已完成,支付宝,78.99,3
O000596,C00563,2024-06-11 06:31:15,已完成,微信支付,27.48,2
O000597,C00953,2024-01-06 23:45:41,已完成,支付宝,54.25,4
O000598,C00789,2024-08-27 18:06:45,已完成,支付宝,69.12,5
O000599,C00725,2025-02-09 17:20:54,已完成,银行卡,53.64,4
O000600,C00894,2025-11-09 06:34:55,已完成,微信支付,7.19,6
O000601,C00033,2024-06-20 11:55:27,已完成,银行卡,11.88,3
O000602,C01313,2025-02-05 16:56:04,已完成,货到付款,20.71,5
O000603,C01736,2025-03-23 22:52:44,已完成,支付宝,63.68,5
O000604,C01547,2025-05-19 14:30:32,已完成,支付宝,64.15,7
O000605,C00610,2024-09-02 00:05:27,已完成,支付宝,13.62,5
O000606,C00449,2024-04-07 20:57:32,已完成,微信支付,30.33,2
O000607,C00170,2025-11-05 22:37:38,已完成,货到付款,11.18,4
O000608,C00475,2025-11-26 00:54:17,已完成,货到付款,37.85,4
O000609,C01165,2024-12-01 09:55:19,已完成,微信支付,29.14,4
O000610,C01867,2025-04-02 23:47:20,已完成,微信支付,79.37,5
O000611,C01031,2024-02-03 22:25:29,已取消,微信支付,31.1,6
O000612,C00725,2024-02-21 23:36:40,已完成,未知,4.0,5
O000613,C00122,2024-03-19 23:41:02,已完成,银行卡,41.64,6
O000614,C01236,2025-06-26 00:52:17,已取消,微信支付,72.57,3
O000615,C01337,2024-06-20 03:13:43,已完成,支付宝,29.56,6
O000616,C00090,2024-06-05 11:33:01,已完成,银行卡,65.48,6
O000617,C01145,2024-01-10 14:35:47,已发货,微信支付,33.34,3
O000618,C00207,2024-01-27 09:12:46,已完成,支付宝,45.47,3
O000619,C00475,2024-11-06 06:24:19,已发货,未知,40.19,2
O000620,C00033,2025-03-03 06:55:37,已完成,微信支付,69.93,4
O000621,C01587,2025-04-01 14:00:29,已完成,支付宝,45.44,3
O000622,C00554,2024-12-18 23:30:15,待发货,微信支付,30.33,3
O000623,C00407,2024-12-19 19:36:08,已完成,支付宝,61.36,4
O000624,C00017,2025-07-06 04:54:57,已完成,微信支付,4.03,4
O000625,C00142,2024-08-03 03:17:51,已完成,银行卡,21.8,2
O000626,C01957,2024-06-27 06:23:53,已完成,支付宝,22.91,5
O000627,C01448,2025-09-14 17:04:08,已完成,货到付款,45.51,4
O000628,C01551,2025-06-07 00:20:57,已完成,支付宝,66.73,5
O000629,C01694,2025-01-01 16:59:37,已完成,支付宝,44.31,3
O000630,C00235,2024-07-24 13:45:30,已退款,微信支付,36.67,6
O000631,C00031,2024-05-06 15:25:20,已完成,支付宝,5.22,3
O000632,C00398,2024-02-11 20:38:14,已完成,支付宝,77.6,6
O000633,C00122,2025-09-13 14:57:19,已完成,支付宝,23.64,3
O000634,C01894,2025-04-12 14:26:10,已完成,支付宝,10.37,2
O000635,C01814,2024-02-20 11:17:47,已完成,微信支付,66.63,6
O000636,C00563,2024-05-22 15:52:56,已完成,微信支付,71.23,6
O000637,C00263,2024-07-27 09:51:58,已完成,微信支付,23.89,3
O000638,C00475,2024-07-15 01:30:53,待发货,微信支付,43.89,3
O000639,C00457,2025-03-09 00:00:07,已完成,支付宝,0.0,3
O000640,C01237,2024-11-03 17:00:44,已完成,支付宝,1.74,4
O000641,C00260,2025-10-07 15:07:51,已完成,支付宝,78.95,4
O000642,C01080,2025-06-17 09:41:30,待发货,未知,25.92,3
O000643,C00761,2025-11-01 17:10:33,已完成,支付宝,38.38,7
O000644,C01385,2025-09-21 11:03:23,已完成,微信支付,4.05,4
O000645,C00953,2025-11-05 06:40:49,已完成,微信支付,3.76,4
O000646,C01031,2025-12-19 14:28:42,已完成,银行卡,8.93,5
O000647,C01787,2024-08-20 09:31:37,已完成,支付宝,25.69,6
O000648,C01899,2024-06-14 23:11:00,已完成,微信支付,73.72,6
O000649,C01337,2024-05-26 17:12:57,已发货,微信支付,41.23,4
O000650,C01283,2025-05-05 17:14:31,已完成,支付宝,26.06,5
O000651,C01704,2025-06-04 16:38:57,已发货,支付宝,36.09,5
O000652,C00547,2024-03-29 16:58:40,已取消,微信支付,21.2,5
O000653,C00433,2025-08-20 18:54:31,已完成,支付宝,49.92,6
O000654,C01065,2025-07-25 10:06:45,已完成,微信支付,40.57,1
O000655,C01581,2025-05-05 19:40:14,已完成,支付宝,30.28,2
O000656,C01327,2024-11-28 00:45:27,已完成,支付宝,54.89,5
O000657,C01364,2024-05-18 15:02:01,已完成,银行卡,31.33,4
O000658,C01203,2025-01-30 12:38:44,已完成,微信支付,64.52,3
O000659,C01166,2024-05-22 00:26:19,已完成,微信支付,47.87,4
O000660,C00447,2025-04-20 15:11:05,待发货,微信支付,16.17,6
O000661,C01181,2024-08-18 00:47:47,已完成,未知,13.06,5
O000662,C01663,2024-07-04 16:56:13,已完成,微信支付,20.48,3
O000663,C00835,2024-12-04 12:35:13,已完成,微信支付,73.46,3
O000664,C01364,2025-04-02 14:12:08,已完成,银行卡,65.87,7
O000665,C00270,2024-10-06 14:25:36,已发货,银行卡,77.78,4
O000666,C00645,2025-12-07 07:30:20,已完成,支付宝,59.55,6
O000667,C00033,2024-01-07 14:54:34,已完成,微信支付,73.16,6
O000668,C00541,2025-11-02 05:47:20,已完成,支付宝,28.43,3
O000669,C00911,2024-01-01 18:40:45,已完成,支付宝,49.59,4
O000670,C00554,2024-06-16 02:45:22,已发货,支付宝,31.32,7
O000671,C01327,2025-12-29 03:41:47,已退款,微信支付,69.19,3
O000672,C01441,2025-06-20 16:19:27,已完成,银行卡,79.76,3
O000673,C00094,2025-05-16 01:08:00,已完成,微信支付,59.64,7
O000674,C00083,2025-06-19 23:50:26,已完成,微信支付,62.52,4
O000675,C00553,2024-11-07 00:33:14,已完成,微信支付,70.48,6
O000676,C00151,2025-07-26 12:57:29,已完成,微信支付,7.63,4
O000677,C01812,2024-05-19 23:40:07,已完成,货到付款,38.54,7
O000678,C00044,2025-08-01 16:28:45,已完成,支付宝,58.6,3
O000679,C01501,2025-11-13 15:38:37,已完成,银行卡,48.4,3
O000680,C00725,2025-09-17 16:39:08,已完成,货到付款,43.23,3
O000681,C00227,2025-06-27 16:58:58,已完成,支付宝,30.87,4
O000682,C00475,2025-05-20 03:21:21,已完成,银行卡,17.64,5
O000683,C00190,2025-02-13 07:22:12,已完成,银行卡,73.79,4
O000684,C00170,2024-11-01 04:21:00,已完成,微信支付,58.73,2
O000685,C01518,2025-09-23 05:06:14,已完成,微信支付,49.08,6
O000686,C00725,2025-05-18 04:28:01,已完成,支付宝,6.83,5
O000687,C00022,2024-11-27 15:26:28,已完成,支付宝,8.93,5
O000688,C01648,2025-07-26 22:11:36,已完成,支付宝,34.59,5
O000689,C00496,2024-02-28 13:48:22,已完成,微信支付,10.06,4
O000690,C01229,2025-08-15 00:41:52,待发货,银行卡,11.91,5
O000691,C00227,2025-08-13 16:14:57,已完成,支付宝,6.51,5
O000692,C00451,2024-06-21 12:09:18,已完成,微信支付,23.52,1
O000693,C00725,2024-02-11 18:37:38,已完成,支付宝,0.89,3
O000694,C01383,2025-06-15 09:00:24,已完成,银行卡,58.58,3
O000695,C01405,2024-06-10 10:09:16,已完成,微信支付,47.95,4
O000696,C00867,2025-12-29 15:26:12,已完成,微信支付,40.61,6
O000697,C01145,2024-01-11 16:59:31,已完成,支付宝,78.95,7
O000698,C00286,2024-06-22 05:04:08,待发货,支付宝,38.55,2
O000699,C00085,2024-02-16 14:31:40,已完成,微信支付,69.57,5
O000700,C01031,2025-07-25 23:33:53,已完成,银行卡,15.15,1
O000701,C00831,2025-04-01 01:15:22,已完成,微信支付,21.18,2
O000702,C01526,2025-09-10 07:31:34,已完成,微信支付,26.28,3
O000703,C00454,2025-12-06 12:38:58,已发货,银行卡,79.23,4
O000704,C00869,2025-04-23 22:08:42,已完成,支付宝,72.61,4
O000705,C00408,2024-06-23 23:57:24,已完成,支付宝,35.89,2
O000706,C01143,2024-04-02 14:14:52,已完成,微信支付,67.56,4
O000707,C01364,2025-09-23 13:22:02,已完成,微信支付,18.66,3
O000708,C01279,2024-07-03 09:01:35,已完成,微信支付,47.41,3
O000709,C01634,2025-10-17 10:35:15,已完成,银行卡,12.95,2
O000710,C00181,2025-10-04 17:35:10,已完成,微信支付,46.02,5
O000711,C00693,2025-05-05 13:06:31,已完成,微信支付,17.78,3
O000712,C00220,2025-04-19 13:17:42,已完成,支付宝,46.86,2
O000713,C00251,2025-11-24 20:46:44,已完成,银行卡,34.29,4
O000714,C01941,2025-07-07 03:42:44,已完成,支付宝,44.7,3
O000715,C00433,2025-06-05 22:18:17,已完成,微信支付,12.9,3
O000716,C01736,2024-11-28 16:37:24,已完成,微信支付,40.52,2
O000717,C00337,2025-01-08 14:44:06,已完成,货到付款,25.31,5
O000718,C00124,2024-10-27 13:22:37,已取消,支付宝,11.52,1
O000719,C00867,2025-11-20 13:10:48,待发货,银行卡,40.03,7
O000720,C00393,2025-05-11 13:01:29,已发货,支付宝,11.07,4
O000721,C00637,2025-07-23 08:57:18,已完成,支付宝,34.18,4
O000722,C01815,2024-02-11 17:19:19,已完成,货到付款,25.85,4
O000723,C00408,2025-09-13 06:48:39,已完成,微信支付,43.44,7
O000724,C00763,2024-11-11 15:19:40,已取消,微信支付,38.7,7
O000725,C01983,2025-06-25 12:42:28,已取消,微信支付,10.77,4
O000726,C01474,2024-02-14 08:19:14,已完成,支付宝,22.32,5
O000727,C00763,2025-10-18 19:36:24,已完成,微信支付,44.54,3
O000728,C01295,2025-05-25 07:57:19,已完成,微信支付,66.71,4
O000729,C01777,2024-12-18 15:45:05,已完成,支付宝,4.74,6
O000730,C00839,2024-08-14 06:09:24,已完成,支付宝,7.27,6
O000731,C01289,2024-08-19 04:31:50,已完成,支付宝,63.75,4
O000732,C01548,2024-08-14 13:16:36,已完成,货到付款,27.19,5
O000733,C01345,2024-05-02 23:13:08,已完成,微信支付,20.55,7
O000734,C01472,2024-12-22 07:49:51,已完成,支付宝,18.37,7
O000735,C01448,2024-12-15 02:58:12,已发货,支付宝,77.66,2
O000736,C00017,2024-11-09 02:55:36,已完成,支付宝,40.86,3
O000737,C01031,2025-06-12 11:50:34,已完成,支付宝,12.87,3
O000738,C00723,2024-11-12 18:28:43,已完成,支付宝,32.48,6
O000739,C00575,2024-03-30 17:31:45,已完成,银行卡,20.85,7
O000740,C00291,2025-09-13 05:32:17,已退款,银行卡,13.5,4
O000741,C00819,2024-11-17 20:44:46,已完成,货到付款,78.29,5
O000742,C00819,2025-05-23 03:03:35,已完成,货到付款,35.61,4
O000743,C00382,2025-11-09 13:49:20,已完成,支付宝,55.3,5
O000744,C00610,2025-07-15 20:48:06,已完成,支付宝,71.89,2
O000745,C00554,2025-03-01 19:59:34,已完成,支付宝,16.45,5
O000746,C00610,2025-03-06 16:35:27,已完成,支付宝,10.24,7
O000747,C00416,2025-09-10 07:27:28,已完成,微信支付,20.82,7
O000748,C01736,2025-08-22 18:28:41,已完成,微信支付,57.01,5
O000749,C01658,2024-06-02 09:37:42,已完成,银行卡,30.56,7
O000750,C01791,2025-05-04 08:18:10,已完成,支付宝,39.13,5
O000751,C01867,2025-09-23 12:46:17,已发货,微信支付,1.62,5
O000752,C01327,2025-08-08 14:26:54,已完成,支付宝,0.34,3
O000753,C01777,2024-04-27 05:16:35,已完成,微信支付,32.57,4
O000754,C00445,2024-11-28 22:44:25,已完成,银行卡,12.03,4
O000755,C01526,2025-02-11 20:20:58,已完成,微信支付,63.29,5
O000756,C01139,2024-07-12 06:04:40,已完成,支付宝,76.1,4
O000757,C00433,2025-06-04 05:31:50,已完成,支付宝,74.06,4
O000758,C01867,2024-12-31 01:30:28,已取消,支付宝,37.24,7
O000759,C01166,2024-08-09 09:17:09,已完成,微信支付,22.95,5
O000760,C01983,2024-09-09 04:02:43,已完成,银行卡,38.7,3
O000761,C01736,2025-09-16 22:28:48,已发货,银行卡,8.32,3
O000762,C00496,2025-09-23 21:46:35,已完成,微信支付,75.51,3
O000763,C01437,2025-08-14 19:48:25,已完成,微信支付,53.7,4
O000764,C00554,2025-11-02 06:12:07,已完成,支付宝,22.92,5
O000765,C01039,2025-11-26 16:25:14,已完成,微信支付,60.74,3
O000766,C00589,2025-01-16 11:54:55,已完成,微信支付,19.6,3
O000767,C01405,2024-04-05 06:20:10,已取消,支付宝,60.12,3
O000768,C01876,2025-08-05 12:28:39,已完成,支付宝,32.15,7
O000769,C01312,2025-05-09 03:40:39,已完成,银行卡,69.11,3
O000770,C01906,2024-10-19 23:27:28,已取消,货到付款,79.18,4
O000771,C01892,2025-12-16 03:50:59,已完成,支付宝,25.62,7
O000772,C01050,2024-09-11 07:21:40,已完成,微信支付,44.09,5
O000773,C00592,2025-10-30 05:29:58,已取消,微信支付,19.03,3
O000774,C01364,2025-04-11 12:30:15,已完成,微信支付,64.03,6
O000775,C01140,2024-02-10 16:44:44,已完成,支付宝,39.36,7
O000776,C00563,2025-09-19 22:20:46,已完成,支付宝,78.7,2
O000777,C00844,2025-07-12 09:16:55,已完成,货到付款,70.95,6
O000778,C00083,2025-05-14 04:21:24,已取消,支付宝,21.82,4
O000779,C00663,2025-04-26 00:13:19,已完成,微信支付,9.56,2
O000780,C00456,2024-06-17 14:11:48,已发货,支付宝,49.59,4
O000781,C00583,2024-06-16 23:49:43,已完成,微信支付,25.44,4
O000782,C01919,2024-02-03 01:20:16,已完成,微信支付,20.3,7
O000783,C00611,2024-05-18 23:16:18,待发货,微信支付,43.61,3
O000784,C01143,2024-09-09 06:48:47,待发货,微信支付,43.06,1
O000785,C01544,2025-03-02 21:47:34,已发货,微信支付,43.01,4
O000786,C00031,2024-05-02 01:14:54,已完成,支付宝,23.54,2
O000787,C00763,2025-03-16 21:18:37,已完成,银行卡,12.43,7
O000788,C00475,2024-07-15 07:49:58,已完成,银行卡,14.69,3
O000789,C00610,2024-07-09 06:16:19,已完成,微信支付,57.61,5
O000790,C01420,2025-11-21 04:51:46,待发货,支付宝,37.44,3
O000791,C01242,2025-12-27 03:37:11,已退款,银行卡,37.55,3
O000792,C01975,2025-08-13 19:39:42,已完成,货到付款,78.14,1
O000793,C01518,2024-02-29 01:32:25,已完成,银行卡,73.44,7
O000794,C01066,2025-06-20 11:01:31,已取消,支付宝,5.2,7
O000795,C00707,2024-06-02 22:49:48,已完成,银行卡,63.81,3
O000796,C00282,2025-03-25 09:33:06,已完成,支付宝,19.83,2
O000797,C01383,2025-10-17 19:10:13,已完成,微信支付,57.78,3
O000798,C01469,2024-10-18 16:49:33,已完成,微信支付,13.87,7
O000799,C01723,2025-11-08 19:17:24,已取消,货到付款,11.63,3
O000800,C00637,2025-06-14 22:21:33,已完成,银行卡,75.14,3
O000801,C01546,2024-08-12 02:38:25,已完成,支付宝,44.66,5
O000802,C01884,2024-04-04 07:16:03,已完成,支付宝,27.97,2
O000803,C00859,2025-08-16 07:00:56,已完成,微信支付,71.29,6
O000804,C01579,2024-12-18 01:19:41,已取消,支付宝,23.19,6
O000805,C01669,2024-03-16 02:40:36,已发货,支付宝,5.11,2
O000806,C01736,2024-04-10 02:25:08,已完成,微信支付,31.58,4
O000807,C01472,2025-12-10 22:42:11,已取消,支付宝,56.58,4
O000808,C01364,2024-07-01 20:04:35,已完成,支付宝,52.96,4
O000809,C01557,2025-12-10 14:15:03,已完成,货到付款,37.9,4
O000810,C01080,2025-06-04 20:14:28,已完成,银行卡,40.81,4
O000811,C00461,2024-08-11 08:03:53,已完成,微信支付,42.36,4
O000812,C00776,2024-10-22 11:38:52,已完成,微信支付,29.96,4
O000813,C00337,2025-07-21 21:12:30,待发货,微信支付,6.64,7
O000814,C01372,2024-11-28 03:28:13,已完成,微信支付,12.63,2
O000815,C00127,2024-03-17 03:59:04,已完成,支付宝,57.94,4
O000816,C01523,2024-06-22 12:14:10,已退款,支付宝,64.8,7
O000817,C00848,2025-09-19 06:11:16,已完成,微信支付,31.64,6
O000818,C00799,2025-06-09 16:55:33,已完成,货到付款,26.34,3
O000819,C00006,2025-01-26 15:21:43,已完成,未知,48.61,4
O000820,C00262,2024-07-03 07:17:27,已完成,微信支付,1.74,3
O000821,C01696,2024-12-30 02:43:49,已完成,支付宝,45.56,3
O000822,C01867,2025-07-29 01:07:09,已完成,微信支付,37.52,4
O000823,C00869,2024-03-24 10:22:25,待发货,支付宝,35.35,1
O000824,C00291,2025-12-28 07:11:36,已完成,支付宝,0.12,5
O000825,C01925,2025-09-18 00:53:03,已完成,微信支付,75.43,7
O000826,C00626,2024-08-25 16:17:54,已完成,支付宝,13.87,2
O000827,C01337,2025-09-27 22:34:59,已完成,货到付款,9.04,1
O000828,C00804,2025-06-05 23:31:44,已完成,支付宝,30.87,4
O000829,C01690,2025-05-30 02:29:42,已完成,支付宝,62.3,4
O000830,C01448,2024-05-08 04:03:12,已完成,银行卡,61.2,7
O000831,C01844,2025-10-29 10:15:10,已完成,银行卡,40.94,5
O000832,C01143,2024-12-13 21:51:14,已完成,银行卡,43.94,2
O000833,C00512,2025-08-08 13:32:08,已完成,微信支付,36.42,3
O000834,C00291,2024-08-11 10:52:33,已完成,微信支付,2.02,4
O000835,C01867,2024-08-17 22:33:57,已完成,银行卡,22.23,3
O000836,C01405,2025-12-08 15:19:40,已完成,未知,31.12,5
O000837,C00622,2025-01-21 23:20:52,已完成,未知,44.36,3
O000838,C01754,2024-03-04 20:46:58,待发货,货到付款,52.72,4
O000839,C00292,2025-08-31 23:14:39,已完成,支付宝,79.01,7
O000840,C00724,2024-06-20 13:35:06,已完成,微信支付,40.59,5
O000841,C01381,2025-10-04 08:56:55,已完成,银行卡,53.75,5
O000842,C01028,2025-11-03 01:50:32,已完成,银行卡,76.85,5
O000843,C00610,2024-03-16 17:23:32,已完成,支付宝,22.3,3
O000844,C01031,2025-04-04 06:16:59,已完成,支付宝,36.3,7
O000845,C00582,2025-12-20 00:37:41,已完成,微信支付,57.68,4
O000846,C00554,2025-11-09 19:36:06,已完成,支付宝,45.21,2
O000847,C01472,2025-02-17 10:43:45,已完成,支付宝,71.45,7
O000848,C00045,2025-06-04 13:04:58,待发货,支付宝,45.29,5
O000849,C00291,2025-04-19 18:32:14,已完成,支付宝,73.79,1
O000850,C00975,2024-06-12 07:00:27,已完成,微信支付,11.88,3
O000851,C01805,2025-05-21 19:59:06,已完成,微信支付,64.28,7
O000852,C00479,2024-09-06 13:52:43,已完成,微信支付,17.06,7
O000853,C01834,2024-09-10 13:44:08,已完成,支付宝,3.93,3
O000854,C01526,2024-11-12 06:17:25,已完成,支付宝,8.93,6
O000855,C00437,2025-09-13 18:44:39,已完成,支付宝,46.46,2
O000856,C00592,2024-06-28 05:26:50,已完成,支付宝,23.27,4
O000857,C01400,2024-07-07 14:38:19,已完成,微信支付,11.52,5
O000858,C01752,2024-01-09 19:13:54,已取消,银行卡,50.33,3
O000859,C01304,2024-05-19 02:28:01,已完成,支付宝,39.04,4
O000860,C01327,2025-12-18 09:52:09,已完成,支付宝,30.44,7
O000861,C01384,2024-11-26 16:11:07,已完成,微信支付,42.86,3
O000862,C01633,2024-06-09 06:23:44,已完成,支付宝,68.91,5
O000863,C01526,2025-12-09 00:17:21,已完成,支付宝,57.98,4
O000864,C00033,2024-02-01 09:10:01,已完成,支付宝,39.61,3
O000865,C01430,2025-01-08 11:23:47,已完成,微信支付,65.81,4
O000866,C00723,2025-08-09 22:36:16,已完成,支付宝,69.0,7
O000867,C01369,2025-07-18 19:03:40,已完成,货到付款,30.1,1
O000868,C00094,2024-06-07 04:12:33,已完成,银行卡,11.98,6
O000869,C01548,2025-06-13 06:49:06,已完成,银行卡,9.2,4
O000870,C00338,2025-05-01 04:15:36,已完成,微信支付,51.11,3
O000871,C00979,2025-06-02 21:20:51,已完成,支付宝,74.9,6
O000872,C00851,2024-07-17 08:40:21,已退款,微信支付,3.08,7
O000873,C01031,2025-08-13 21:44:50,已完成,支付宝,39.78,6
O000874,C01884,2025-03-17 01:57:16,已完成,支付宝,15.54,7
O000875,C01145,2025-06-19 13:09:16,已完成,支付宝,42.52,5
O000876,C00541,2025-11-13 01:45:10,已完成,货到付款,68.53,3
O000877,C00303,2025-09-15 13:43:12,已完成,货到付款,62.96,4
O000878,C00867,2025-07-24 00:07:14,已完成,微信支付,77.7,7
O000879,C00949,2024-08-03 03:52:38,已完成,银行卡,38.76,4
O000880,C01918,2024-02-28 03:18:07,已完成,银行卡,53.07,7
O000881,C01865,2025-03-29 17:25:32,已完成,支付宝,71.88,3
O000882,C01405,2024-02-08 15:47:15,已完成,微信支付,55.81,3
O000883,C01530,2025-06-15 13:31:08,已发货,微信支付,77.14,5
O000884,C01160,2025-06-25 04:16:49,已完成,支付宝,19.64,3
O000885,C00541,2025-03-20 06:19:32,已完成,微信支付,10.8,6
O000886,C01233,2024-05-28 09:44:17,已完成,微信支付,11.93,7
O000887,C00557,2025-10-02 23:10:38,已完成,微信支付,68.19,5
O000888,C01357,2025-04-13 16:28:54,已完成,支付宝,4.23,2
O000889,C00592,2025-02-08 00:44:16,待发货,支付宝,64.79,4
O000890,C00124,2025-03-24 00:53:14,已发货,微信支付,37.13,6
O000891,C01790,2024-03-25 08:49:40,已完成,银行卡,55.3,3
O000892,C00908,2025-06-28 05:21:29,已完成,微信支付,59.64,6
O000893,C01899,2024-03-05 09:11:40,已完成,微信支付,33.95,3
O000894,C01221,2025-04-01 23:56:10,已完成,支付宝,11.69,5
O000895,C01128,2024-05-29 04:35:55,已取消,支付宝,49.36,6
O000896,C01448,2024-06-13 14:24:01,已完成,微信支付,76.52,3
O000897,C00533,2024-06-24 11:54:16,已完成,支付宝,2.04,6
O000898,C01210,2024-01-17 15:43:37,已发货,微信支付,18.16,3
O000899,C00122,2025-10-16 13:28:31,已完成,微信支付,69.95,4
O000900,C00193,2025-08-08 12:11:20,已完成,支付宝,5.58,3
O000901,C01136,2024-02-05 06:04:58,已完成,微信支付,0.81,4
O000902,C01033,2024-03-02 23:31:20,已完成,货到付款,70.22,2
O000903,C01983,2025-07-25 06:06:40,已完成,支付宝,61.45,3
O000904,C00124,2024-01-08 03:18:24,已完成,微信支付,20.31,5
O000905,C01028,2024-12-26 02:40:26,待发货,银行卡,77.32,4
O000906,C00262,2024-04-14 01:00:46,已完成,支付宝,56.99,6
O000907,C00972,2025-04-10 08:59:21,已取消,支付宝,9.53,6
O000908,C01106,2025-12-30 19:26:23,已完成,货到付款,36.84,4
O000909,C00543,2024-05-31 03:52:46,已完成,支付宝,69.21,4
O000910,C00248,2025-11-30 00:10:05,已完成,微信支付,53.42,3
O000911,C00117,2025-09-23 12:27:25,已完成,银行卡,46.86,7
O000912,C01454,2025-12-22 13:57:16,已完成,银行卡,33.36,5
O000913,C00505,2025-07-14 13:37:28,已完成,微信支付,19.84,2
O000914,C01447,2025-09-16 00:48:34,待发货,微信支付,49.09,7
O000915,C00829,2025-04-12 04:41:25,已完成,未知,12.31,5
O000916,C00262,2025-09-24 08:44:59,已完成,支付宝,64.79,5
O000917,C01746,2024-04-17 17:21:54,已完成,微信支付,16.77,6
O000918,C00058,2025-06-28 15:27:08,已完成,货到付款,9.65,3
O000919,C01500,2025-05-05 19:02:38,已完成,微信支付,5.76,4
O000920,C01922,2024-03-04 13:15:19,已发货,银行卡,65.19,7
O000921,C01309,2024-08-05 09:03:42,已完成,银行卡,37.42,5
O000922,C00422,2024-06-16 13:19:29,已完成,微信支付,31.89,4
O000923,C01736,2024-11-06 09:43:57,已完成,支付宝,41.7,3
O000924,C00170,2024-06-10 03:12:56,已完成,微信支付,46.98,3
O000925,C01983,2024-07-23 13:28:03,已完成,支付宝,70.46,5
O000926,C00755,2024-08-08 07:33:06,已完成,支付宝,27.5,4
O000927,C00774,2025-04-16 06:09:01,已完成,支付宝,14.97,3
O000928,C00265,2024-05-05 17:48:47,已完成,支付宝,69.52,2
O000929,C00017,2024-06-30 01:46:13,已完成,微信支付,38.45,4
O000930,C00541,2024-08-24 00:11:43,已完成,微信支付,46.36,5
O000931,C00913,2024-12-12 08:02:19,已完成,微信支付,12.65,6
O000932,C01128,2024-02-12 14:00:18,已完成,支付宝,68.97,4
O000933,C00031,2025-12-31 20:17:36,已取消,银行卡,75.07,6
O000934,C01152,2024-08-11 12:07:46,已完成,支付宝,35.81,2
O000935,C00554,2024-08-02 06:01:33,已完成,微信支付,1.61,6
O000936,C01031,2025-03-14 08:27:34,已完成,货到付款,2.16,3
O000937,C01893,2025-09-14 09:31:44,已完成,微信支付,24.18,7
O000938,C00170,2024-12-17 08:01:10,已完成,货到付款,39.35,5
O000939,C00094,2024-07-05 16:35:35,已完成,未知,34.62,3
O000940,C00592,2025-03-23 19:24:17,已完成,微信支付,45.51,4
O000941,C00193,2025-01-07 17:12:09,已发货,银行卡,20.59,5
O000942,C00892,2024-11-15 09:06:19,已完成,支付宝,16.78,5
O000943,C00020,2025-12-21 06:45:11,已完成,银行卡,77.93,5
O000944,C01448,2025-12-29 01:06:19,已完成,支付宝,22.45,3
O000945,C00259,2025-03-19 19:12:01,已完成,微信支付,75.72,7
O000946,C01474,2024-03-12 23:42:44,已完成,微信支付,45.72,3
O000947,C00661,2025-03-23 01:37:20,已完成,支付宝,5.6,4
O000948,C01010,2025-11-26 03:59:39,已发货,支付宝,47.6,3
O000949,C00667,2025-11-07 05:02:44,已完成,支付宝,78.84,2
O000950,C00193,2024-06-16 19:11:49,已完成,微信支付,67.17,3
O000951,C00433,2024-06-07 05:39:04,已完成,微信支付,24.28,3
O000952,C00563,2024-05-17 00:13:30,已完成,支付宝,7.64,4
O000953,C01668,2025-08-19 08:22:25,已完成,微信支付,36.84,2
O000954,C01145,2025-01-14 08:17:21,已完成,支付宝,7.9,4
O000955,C01802,2024-09-10 09:48:48,已发货,微信支付,23.81,3
O000956,C01421,2024-08-30 12:47:04,已完成,银行卡,73.45,4
O000957,C00786,2024-07-24 05:48:18,已退款,支付宝,52.28,4
O000958,C00633,2025-10-08 00:30:47,已取消,微信支付,62.67,5
O000959,C01983,2024-11-08 02:29:23,已完成,支付宝,43.25,5
O000960,C01742,2024-07-02 17:34:04,已完成,支付宝,13.45,6
O000961,C00801,2025-06-14 15:04:10,已完成,支付宝,12.03,3
O000962,C00333,2025-05-10 06:32:18,已完成,未知,61.26,4
O000963,C00122,2025-06-16 22:16:14,已完成,微信支付,34.34,4
O000964,C01872,2025-08-21 12:56:40,已完成,银行卡,40.0,4
O000965,C00017,2024-04-09 19:11:10,已完成,微信支付,14.31,5
O000966,C00295,2024-01-03 19:02:45,已发货,支付宝,28.93,5
O000967,C00867,2024-02-25 07:57:18,已发货,微信支付,10.58,4
O000968,C00502,2025-06-13 14:09:04,已取消,支付宝,16.36,5
O000969,C00896,2025-11-11 14:31:00,已完成,支付宝,71.11,7
O000970,C00725,2024-09-04 10:22:36,已完成,微信支付,57.34,2
O000971,C00170,2025-07-24 15:16:44,已完成,微信支付,68.15,5
O000972,C00412,2025-06-20 08:29:08,已完成,支付宝,69.93,6
O000973,C00747,2025-12-17 02:43:18,待发货,支付宝,47.17,2
O000974,C00205,2024-12-28 01:06:45,已发货,银行卡,24.34,3
O000975,C01424,2024-05-27 10:39:52,已完成,支付宝,39.4,4
O000976,C01918,2025-07-13 21:53:43,已完成,银行卡,1.51,3
O000977,C01031,2025-08-18 05:17:37,已完成,银行卡,65.39,7
O000978,C01315,2025-06-13 14:40:44,已完成,微信支付,64.21,4
O000979,C00456,2025-09-21 03:55:17,已完成,银行卡,40.67,7
O000980,C00575,2024-10-10 15:55:03,已完成,货到付款,30.2,3
O000981,C01138,2025-06-07 04:38:33,已发货,支付宝,13.81,4
O000982,C00337,2024-07-16 10:56:33,已完成,支付宝,6.05,3
O000983,C00004,2024-12-10 19:46:48,已完成,未知,26.0,4
O000984,C00552,2024-07-01 08:30:14,已完成,微信支付,75.0,1
O000985,C00690,2024-05-19 22:07:53,已完成,微信支付,5.5,3
O000986,C01777,2024-02-10 01:51:29,已完成,微信支付,75.93,3
O000987,C00819,2025-06-01 02:17:26,已完成,支付宝,42.29,7
O000988,C00045,2025-10-01 04:44:59,已完成,支付宝,35.27,4
O000989,C00449,2024-08-22 05:38:32,已完成,微信支付,9.84,7
O000990,C01166,2024-11-21 10:21:05,已完成,微信支付,5.71,2
O000991,C00679,2024-01-05 21:46:15,已发货,微信支付,43.56,5
O000992,C00217,2024-11-09 05:39:35,已完成,货到付款,47.89,7
O000993,C01659,2024-07-28 08:44:13,已完成,银行卡,34.73,4
O000994,C00337,2025-03-29 01:57:09,已完成,微信支付,22.99,2
O000995,C01678,2025-10-31 17:16:17,已完成,银行卡,1.06,5
O000996,C01036,2025-01-31 13:45:30,已完成,银行卡,21.33,4
O000997,C00449,2025-06-02 01:02:05,待发货,银行卡,57.19,4
O000998,C00194,2025-06-13 11:42:31,已完成,银行卡,48.48,2
O000999,C01079,2024-05-17 05:09:43,已完成,支付宝,12.65,3
O001000,C01581,2024-09-17 10:13:27,已完成,微信支付,63.48,2
O001001,C01921,2024-04-18 06:11:41,已发货,银行卡,11.88,5
O001002,C00556,2024-12-04 18:49:38,已完成,银行卡,63.64,7
O001003,C01417,2025-10-12 01:22:29,已完成,微信支付,41.01,7
O001004,C00822,2025-01-05 14:23:58,已完成,支付宝,57.35,6
O001005,C01865,2024-12-17 19:21:36,已完成,支付宝,6.64,7
O001006,C01327,2024-06-14 00:37:48,已完成,支付宝,59.28,7
O001007,C00382,2024-08-19 21:54:38,已取消,支付宝,57.72,7
O001008,C01884,2025-11-12 18:40:57,已发货,微信支付,14.02,5
O001009,C00725,2024-08-13 06:06:25,已完成,支付宝,11.0,7
O001010,C00104,2025-06-22 11:30:11,已完成,微信支付,59.9,3
O001011,C01828,2024-02-16 16:06:10,待发货,微信支付,33.29,5
O001012,C01327,2024-04-30 12:09:59,已完成,未知,51.81,5
O001013,C01905,2024-08-20 18:11:47,已完成,微信支付,0.72,4
O001014,C00384,2025-10-24 21:41:18,已完成,支付宝,14.69,6
O001015,C00611,2024-06-17 08:52:26,已完成,微信支付,59.67,5
O001016,C00763,2025-06-20 02:14:02,已完成,支付宝,15.91,4
O001017,C01335,2024-05-28 10:56:57,已完成,微信支付,6.42,4
O001018,C01128,2025-04-25 14:15:26,已完成,微信支付,14.01,5
O001019,C00563,2025-04-07 18:18:23,已完成,银行卡,66.59,3
O001020,C00297,2025-05-01 06:07:14,已完成,支付宝,27.72,3
O001021,C01794,2024-08-01 22:02:04,已完成,支付宝,42.41,7
O001022,C00253,2024-05-24 00:37:45,已完成,支付宝,46.2,7
O001023,C01997,2025-10-11 13:24:13,已完成,微信支付,29.81,6
O001024,C01343,2025-03-25 10:07:05,已退款,微信支付,7.5,3
O001025,C00441,2024-06-15 16:33:58,已发货,微信支付,20.54,3
O001026,C01668,2024-11-09 06:20:32,已完成,银行卡,12.62,3
O001027,C01028,2024-03-11 22:23:04,已完成,支付宝,72.76,2
O001028,C01562,2024-12-31 00:53:17,已完成,银行卡,59.21,6
O001029,C00639,2024-11-16 19:24:33,已完成,银行卡,65.84,4
O001030,C01145,2024-05-03 11:27:12,已完成,微信支付,64.98,3
O001031,C00765,2024-12-08 12:41:59,待发货,银行卡,0.17,6
O001032,C01736,2025-05-12 07:53:52,已退款,支付宝,59.92,2
O001033,C00786,2025-11-08 09:44:53,已完成,支付宝,38.56,2
O001034,C00475,2025-06-12 10:29:30,已完成,支付宝,61.97,4
O001035,C00337,2025-01-27 07:18:59,已完成,支付宝,76.79,7
O001036,C00097,2025-07-16 00:10:19,已完成,微信支付,28.62,5
O001037,C01956,2024-07-27 09:07:33,已完成,微信支付,48.38,7
O001038,C01829,2025-05-31 09:45:44,已取消,微信支付,24.37,6
O001039,C01165,2024-01-06 17:44:30,已发货,微信支付,71.5,5
O001040,C01815,2024-03-16 11:21:51,已发货,微信支付,20.32,2
O001041,C00511,2025-05-03 13:56:06,已完成,微信支付,28.1,2
O001042,C00104,2024-06-08 11:57:26,已完成,货到付款,71.04,6
O001043,C01361,2025-06-07 10:37:49,已完成,微信支付,8.07,4
O001044,C00725,2025-05-11 17:15:10,已完成,货到付款,39.52,4
O001045,C01472,2024-03-08 16:30:23,已完成,支付宝,46.5,6
O001046,C00592,2024-10-30 23:49:59,已完成,微信支付,46.32,4
O001047,C00776,2025-04-25 11:30:36,已完成,微信支付,9.61,6
O001048,C00748,2025-06-15 00:29:21,已完成,微信支付,3.16,7
O001049,C01895,2025-08-16 14:31:21,已取消,微信支付,33.33,7
O001050,C01430,2024-09-04 09:50:12,已完成,微信支付,36.31,5
O001051,C01814,2025-08-31 02:24:44,已完成,银行卡,75.41,7
O001052,C01425,2024-09-24 20:10:06,已完成,微信支付,60.45,3
O001053,C00407,2024-01-09 15:30:12,已完成,支付宝,47.89,4
O001054,C01548,2025-04-23 15:38:07,已完成,支付宝,16.81,5
O001055,C01544,2024-06-30 15:56:45,已完成,支付宝,72.12,6
O001056,C01453,2024-04-27 23:06:56,已完成,货到付款,15.48,6
O001057,C01692,2024-07-12 16:56:05,已发货,支付宝,75.79,6
O001058,C00783,2025-08-25 17:48:56,已完成,微信支付,75.67,6
O001059,C01136,2025-11-02 18:42:54,已完成,货到付款,78.23,3
O001060,C00017,2025-12-05 17:14:30,待发货,货到付款,22.64,7
O001061,C01458,2024-08-13 16:12:02,已完成,银行卡,11.0,3
O001062,C01078,2024-12-17 01:25:41,已取消,银行卡,50.3,4
O001063,C00243,2025-08-07 09:10:31,已完成,支付宝,33.83,4
O001064,C00033,2024-08-25 06:39:49,已完成,支付宝,31.08,4
O001065,C00272,2024-10-23 21:45:17,已完成,微信支付,44.5,3
O001066,C00170,2024-06-27 14:28:33,已完成,支付宝,55.16,3
O001067,C00083,2025-03-28 12:41:53,已完成,银行卡,26.57,7
O001068,C01957,2025-05-25 12:46:40,已完成,微信支付,26.81,4
O001069,C00819,2024-08-25 16:54:38,已完成,支付宝,48.83,4
O001070,C01405,2024-01-28 18:41:58,已完成,支付宝,5.7,7
O001071,C00181,2025-06-24 04:14:29,已完成,微信支付,56.0,6
O001072,C00496,2025-04-27 23:07:10,已完成,支付宝,63.92,4
O001073,C00083,2024-06-17 18:56:58,已完成,支付宝,70.38,5
O001074,C00432,2024-08-22 04:46:08,已完成,未知,60.31,4
O001075,C01836,2025-11-30 14:50:33,已完成,微信支付,40.54,5
O001076,C00496,2025-05-06 10:25:45,已完成,微信支付,69.91,6
O001077,C00496,2025-04-13 09:09:47,已完成,微信支付,39.28,4
O001078,C01424,2025-05-12 20:35:42,已完成,支付宝,62.97,5
O001079,C01867,2025-11-28 06:38:25,已完成,支付宝,5.09,2
O001080,C01270,2024-09-12 20:12:11,已完成,微信支付,56.72,4
O001081,C00856,2024-07-28 15:28:02,已完成,支付宝,6.73,1
O001082,C01736,2024-10-15 19:25:18,已完成,微信支付,2.22,5
O001083,C00407,2025-08-06 17:15:58,已完成,银行卡,40.18,1
O001084,C00552,2024-04-24 14:49:41,已完成,微信支付,9.56,2
O001085,C00566,2024-06-13 04:29:24,已完成,支付宝,26.01,1
O001086,C01915,2024-06-21 23:55:29,已完成,微信支付,61.94,5
O001087,C00044,2025-05-10 15:00:20,已完成,银行卡,44.02,4
O001088,C01660,2025-05-14 08:56:53,已完成,支付宝,58.67,2
O001089,C00170,2024-10-10 06:39:27,已完成,货到付款,62.68,3
O001090,C01309,2024-07-24 02:42:50,已完成,支付宝,38.42,6
O001091,C01082,2025-07-06 07:17:03,已发货,银行卡,78.85,5
O001092,C01364,2024-02-05 03:04:29,已完成,支付宝,16.17,7
O001093,C00563,2025-06-26 21:13:36,已完成,微信支付,6.79,5
O001094,C01544,2024-06-14 10:26:40,已完成,支付宝,25.48,6
O001095,C00080,2025-10-26 15:20:01,已完成,微信支付,61.0,4
O001096,C01028,2024-11-09 19:11:38,已取消,银行卡,7.7,4
O001097,C01385,2025-05-14 23:00:50,已完成,微信支付,37.34,2
O001098,C00122,2024-04-24 10:41:05,已发货,支付宝,45.71,3
O001099,C00777,2024-07-09 01:40:19,已完成,支付宝,64.64,5
O001100,C00170,2025-06-11 14:09:25,已完成,未知,67.67,5
O001101,C01465,2025-03-10 22:46:15,已完成,支付宝,19.11,5
O001102,C01983,2025-07-17 08:58:26,已完成,支付宝,21.93,5
O001103,C01523,2025-03-21 02:59:53,已发货,支付宝,54.72,6
O001104,C01364,2025-03-25 17:11:53,已完成,支付宝,68.78,3
O001105,C00381,2025-09-17 14:25:36,已完成,支付宝,13.47,5
O001106,C01886,2024-11-16 03:03:53,已完成,银行卡,57.81,6
O001107,C00512,2025-10-18 00:00:48,已完成,微信支付,19.01,6
O001108,C01991,2024-10-11 12:50:03,已完成,微信支付,14.45,3
O001109,C00124,2024-09-02 03:58:23,已完成,支付宝,27.0,4
O001110,C01956,2025-07-22 04:12:50,已完成,支付宝,63.57,6
O001111,C01132,2024-01-14 07:27:26,已发货,银行卡,59.4,5
O001112,C01405,2024-05-31 11:01:36,已退款,货到付款,38.3,7
O001113,C01997,2024-03-15 19:48:24,已完成,银行卡,57.13,5
O001114,C01957,2025-02-05 10:32:00,已完成,支付宝,32.47,5
O001115,C01530,2025-05-05 20:17:33,已完成,支付宝,16.84,6
O001116,C01361,2024-01-13 14:58:22,已完成,微信支付,67.44,6
O001117,C00407,2024-05-24 09:08:46,已完成,微信支付,4.3,5
O001118,C01690,2024-08-13 12:16:53,待发货,银行卡,72.08,5
O001119,C01624,2024-08-07 03:44:06,已完成,银行卡,63.11,1
O001120,C00449,2024-04-06 23:24:21,已完成,微信支付,57.89,7
O001121,C00484,2024-06-01 07:42:23,已完成,银行卡,45.53,1
O001122,C01160,2025-09-08 21:14:40,已完成,银行卡,64.8,4
O001123,C01229,2025-06-11 15:39:23,已完成,微信支付,0.0,4
O001124,C01472,2024-08-08 07:33:33,已完成,微信支付,47.28,4
O001125,C01215,2024-07-15 11:02:54,已完成,银行卡,20.88,4
O001126,C00033,2024-03-23 02:19:35,已完成,微信支付,51.14,6
O001127,C00617,2024-09-19 14:17:05,待发货,微信支付,53.98,2
O001128,C01078,2024-11-02 01:35:28,已完成,支付宝,17.18,3
O001129,C01983,2025-10-27 15:26:53,已完成,银行卡,12.38,1
O001130,C00281,2025-06-29 04:28:28,已完成,银行卡,47.0,2
O001131,C00083,2025-01-03 03:10:58,已完成,支付宝,75.25,4
O001132,C00104,2024-05-05 05:55:54,已完成,银行卡,53.08,3
O001133,C00031,2025-05-23 02:44:15,已完成,支付宝,38.73,3
O001134,C00869,2025-11-11 21:40:24,已完成,支付宝,74.84,4
O001135,C00760,2024-03-21 22:16:11,已完成,微信支付,65.51,4
O001136,C01523,2025-09-10 22:40:11,已完成,支付宝,58.62,1
O001137,C01256,2024-06-03 17:14:22,已完成,支付宝,34.99,7
O001138,C01256,2025-06-11 05:29:25,已完成,微信支付,39.31,5
O001139,C01066,2024-06-04 18:16:21,已完成,支付宝,21.17,5
O001140,C01548,2025-04-16 18:18:43,已完成,微信支付,65.35,7
O001141,C01472,2024-06-27 05:38:09,已完成,微信支付,22.77,7
O001142,C00945,2025-03-03 20:18:28,已完成,支付宝,56.3,6
O001143,C01367,2025-04-16 23:43:53,已完成,微信支付,70.0,7
O001144,C01551,2025-04-29 09:30:43,待发货,微信支付,44.17,2
O001145,C01928,2025-06-05 14:58:12,已取消,银行卡,12.52,5
O001146,C01250,2024-03-13 20:11:14,已完成,银行卡,1.99,4
O001147,C01337,2025-06-12 06:56:55,已完成,支付宝,53.86,3
O001148,C00475,2024-05-19 23:07:34,已完成,微信支付,17.97,3
O001149,C01548,2025-06-03 07:32:52,已完成,支付宝,3.13,6
O001150,C01327,2024-04-27 23:22:51,已完成,支付宝,27.46,6
O001151,C01312,2025-01-04 05:45:26,已完成,微信支付,46.57,6
O001152,C00725,2024-10-25 17:07:31,已完成,微信支付,44.12,5
O001153,C01648,2025-12-10 12:15:22,已完成,支付宝,13.39,3
O001154,C00610,2025-05-07 08:13:38,已完成,支付宝,48.32,5
O001155,C01229,2024-03-30 10:55:38,已完成,微信支付,32.86,7
O001156,C00708,2025-06-11 05:32:40,已完成,微信支付,38.21,4
O001157,C00741,2024-06-08 16:09:51,已完成,支付宝,69.95,4
O001158,C00512,2024-08-01 23:47:44,已完成,支付宝,6.28,1
O001159,C00908,2024-10-17 14:17:06,已完成,支付宝,42.23,5
O001160,C00963,2025-07-20 06:13:21,已完成,货到付款,13.89,5
O001161,C00802,2025-11-17 16:29:34,已完成,微信支付,14.62,4
O001162,C00418,2025-11-07 10:47:37,已完成,银行卡,48.84,5
O001163,C01031,2024-05-30 22:50:51,已完成,微信支付,53.58,3
O001164,C01548,2024-03-05 06:00:24,已完成,支付宝,48.5,7
O001165,C00475,2025-08-25 12:53:49,已完成,支付宝,73.88,7
O001166,C01143,2024-08-02 11:59:23,已完成,支付宝,63.57,3
O001167,C01074,2025-04-04 21:19:08,已完成,支付宝,15.89,7
O001168,C01428,2025-12-18 02:31:28,已完成,支付宝,50.87,4
O001169,C00291,2024-06-05 14:22:08,已完成,支付宝,49.63,5
O001170,C01797,2024-10-13 19:28:24,已完成,微信支付,51.72,5
O001171,C01815,2025-09-25 08:39:14,已完成,微信支付,0.0,5
O001172,C00671,2025-05-19 12:39:01,已完成,银行卡,75.81,3
O001173,C00649,2025-11-12 07:28:39,已完成,支付宝,37.1,4
O001174,C00776,2025-05-07 10:28:44,已完成,微信支付,63.15,4
O001175,C01360,2024-08-14 22:29:07,已完成,货到付款,38.5,2
O001176,C01472,2025-08-09 08:24:35,已完成,货到付款,62.99,5
O001177,C00869,2025-07-09 04:07:30,已完成,支付宝,31.65,4
O001178,C00869,2025-11-10 13:22:08,已完成,支付宝,0.07,6
O001179,C01791,2024-12-31 11:42:36,已完成,微信支付,39.99,6
O001180,C00499,2025-01-27 18:58:15,已完成,支付宝,43.84,1
O001181,C01827,2024-08-29 00:48:49,已完成,货到付款,9.25,7
O001182,C01834,2024-07-19 21:51:36,已完成,微信支付,53.21,5
O001183,C01523,2025-12-29 16:46:06,已发货,未知,68.3,7
O001184,C00592,2025-12-17 20:30:31,已完成,银行卡,69.47,2
O001185,C00819,2025-02-21 09:40:07,已完成,微信支付,30.15,4
O001186,C01447,2025-11-29 10:50:43,已完成,未知,32.8,7
O001187,C01601,2024-09-25 08:13:17,已完成,微信支付,68.67,3
O001188,C00170,2025-09-11 20:08:29,已完成,微信支付,79.87,3
O001189,C00480,2025-05-10 01:15:41,已完成,货到付款,4.21,4
O001190,C00287,2025-06-16 12:31:50,已完成,微信支付,4.94,4
O001191,C00929,2025-06-17 06:47:30,已完成,支付宝,4.34,4
O001192,C00605,2025-05-10 15:27:04,已完成,微信支付,37.0,5
O001193,C00083,2025-09-13 23:58:15,已退款,支付宝,62.76,7
O001194,C01181,2024-10-30 16:19:36,已完成,微信支付,7.49,3
O001195,C01402,2025-09-10 01:27:02,已完成,银行卡,55.12,6
O001196,C00433,2024-06-04 09:55:22,已完成,货到付款,13.69,6
O001197,C00976,2024-06-10 00:10:19,已完成,微信支付,2.64,2
O001198,C01080,2025-06-16 11:49:18,已完成,微信支付,47.65,6
O001199,C00554,2025-07-04 04:09:57,已完成,支付宝,47.51,3
O001200,C01372,2025-10-25 16:54:56,已完成,货到付款,22.66,7
O001201,C01690,2024-07-23 12:19:53,已取消,微信支付,25.78,2
O001202,C01364,2024-03-01 07:38:51,已完成,货到付款,28.32,5
O001203,C01432,2025-02-01 20:42:53,已完成,银行卡,74.34,2
O001204,C01385,2025-10-01 17:22:11,已完成,支付宝,69.31,3
O001205,C01932,2025-12-13 15:33:23,已完成,微信支付,42.2,2
O001206,C01327,2025-09-17 08:45:03,已完成,支付宝,77.08,5
O001207,C00449,2025-01-14 06:52:47,已完成,支付宝,0.0,4
O001208,C01311,2025-09-21 14:06:52,已发货,支付宝,8.12,5
O001209,C00170,2024-06-15 18:29:01,已完成,微信支付,38.97,3
O001210,C00120,2025-11-05 20:51:10,已完成,支付宝,71.56,2
O001211,C00592,2025-03-23 18:33:10,已完成,银行卡,53.01,4
O001212,C01408,2024-10-27 00:01:55,已完成,支付宝,76.21,6
O001213,C01668,2025-04-03 23:07:47,已完成,支付宝,42.47,7
O001214,C00408,2025-07-26 05:49:16,已完成,微信支付,72.95,3
O001215,C00463,2024-06-29 00:25:02,已完成,微信支付,61.33,5
O001216,C00541,2024-04-09 13:42:24,已完成,微信支付,65.82,6
O001217,C00227,2025-06-23 10:53:35,已完成,支付宝,79.32,7
O001218,C00924,2025-11-26 02:05:02,已取消,支付宝,24.18,3
O001219,C00292,2025-05-11 05:27:28,已发货,支付宝,50.24,5
O001220,C00170,2024-05-10 04:08:32,已完成,微信支付,20.52,3
O001221,C00215,2025-05-15 10:50:58,已完成,微信支付,68.31,6
O001222,C01304,2024-04-21 17:27:11,已完成,银行卡,46.87,4
O001223,C00442,2024-08-14 16:52:11,待发货,微信支付,14.07,2
O001224,C01896,2024-02-05 00:17:25,已完成,货到付款,33.7,6
O001225,C00725,2025-01-12 04:08:19,已完成,未知,14.54,3
O001226,C00122,2024-08-27 14:52:55,已完成,货到付款,36.64,3
O001227,C01364,2024-04-06 19:36:47,已取消,支付宝,6.21,7
O001228,C01631,2024-08-18 00:11:15,已完成,货到付款,77.22,3
O001229,C01472,2025-05-18 08:41:20,已完成,支付宝,47.73,4
O001230,C00819,2024-08-03 02:25:38,已完成,微信支付,79.25,4
O001231,C01457,2024-05-11 11:02:52,已完成,银行卡,13.9,6
O001232,C00763,2025-03-06 09:15:12,已完成,微信支付,30.75,2
O001233,C01736,2025-07-06 04:45:17,已完成,支付宝,74.5,6
O001234,C00592,2025-08-27 23:07:36,已完成,微信支付,55.36,4
O001235,C01364,2024-12-28 18:20:51,已完成,银行卡,5.6,6
O001236,C01067,2025-06-14 13:15:17,已完成,支付宝,70.65,5
O001237,C01367,2025-08-29 18:43:28,已完成,银行卡,15.11,3
O001238,C00867,2025-06-02 07:51:40,已完成,微信支付,20.94,5
O001239,C01748,2025-02-19 22:47:25,已取消,货到付款,58.54,2
O001240,C01042,2024-03-04 09:42:46,已完成,银行卡,56.86,5
O001241,C01661,2024-08-04 09:05:30,待发货,未知,52.85,7
O001242,C00048,2024-08-26 13:54:52,已完成,微信支付,0.43,4
O001243,C01490,2024-11-01 13:09:36,已完成,微信支付,19.95,7
O001244,C01160,2025-11-24 14:24:55,已完成,微信支付,27.59,7
O001245,C00541,2024-06-14 19:49:51,已完成,支付宝,32.03,6
O001246,C00611,2025-03-03 06:14:14,已退款,微信支付,5.91,6
O001247,C01383,2025-12-26 16:13:53,已完成,支付宝,54.03,6
O001248,C01364,2025-04-29 04:01:07,已完成,支付宝,71.3,6
O001249,C00287,2024-06-14 05:21:16,已完成,支付宝,79.17,6
O001250,C00819,2025-12-04 11:29:02,已完成,银行卡,63.84,4
O001251,C00083,2024-09-09 12:28:06,已完成,微信支付,16.21,3
O001252,C00869,2024-02-22 15:02:43,已完成,支付宝,40.9,4
O001253,C00337,2024-11-23 03:12:06,已发货,银行卡,73.26,6
O001254,C00883,2024-06-29 19:00:11,已完成,微信支付,5.33,7
O001255,C01209,2025-08-18 13:13:24,已完成,支付宝,18.27,6
O001256,C00373,2024-06-18 14:36:48,已完成,货到付款,21.18,4
O001257,C01834,2025-08-19 17:00:48,已完成,支付宝,48.77,5
O001258,C00382,2024-02-10 16:09:57,已完成,银行卡,76.12,3
O001259,C01983,2025-11-09 10:32:03,已完成,货到付款,38.61,7
O001260,C01066,2024-02-16 11:33:08,已完成,微信支付,45.11,4
O001261,C01339,2025-11-12 05:53:23,已完成,银行卡,51.19,3
O001262,C01181,2024-03-17 13:34:16,已发货,支付宝,68.12,5
O001263,C00589,2025-09-29 04:55:05,已取消,货到付款,22.91,1
O001264,C01501,2025-08-27 15:43:31,已完成,支付宝,50.1,4
O001265,C00856,2025-04-12 10:33:28,已完成,银行卡,74.02,7
O001266,C00088,2024-02-10 05:22:25,已完成,微信支付,75.11,6
O001267,C01815,2025-05-01 11:06:01,已完成,支付宝,30.61,2
O001268,C01234,2025-04-28 22:42:25,已完成,支付宝,8.94,2
O001269,C00592,2025-03-16 13:56:27,已完成,货到付款,73.95,6
O001270,C01598,2025-05-07 08:21:13,已完成,微信支付,73.68,5
O001271,C00475,2025-12-11 10:21:47,已完成,微信支付,7.78,5
O001272,C01143,2025-12-28 14:05:53,已完成,货到付款,6.51,3
O001273,C00786,2025-02-13 03:35:55,已完成,支付宝,14.81,6
O001274,C00488,2024-04-01 13:18:40,已完成,微信支付,51.75,4
O001275,C00563,2024-05-04 00:00:40,已完成,支付宝,24.21,6
O001276,C00033,2025-06-17 20:00:09,已发货,货到付款,19.22,5
O001277,C01777,2025-12-20 14:20:23,已完成,货到付款,63.97,1
O001278,C01078,2024-11-29 02:27:00,已完成,微信支付,19.51,3
O001279,C00124,2024-04-06 11:27:33,已完成,银行卡,76.83,6
O001280,C01229,2024-09-23 21:44:45,已完成,支付宝,35.08,6
O001281,C01385,2024-10-23 23:31:40,已完成,微信支付,33.81,4
O001282,C00842,2025-12-29 03:47:00,已完成,支付宝,75.49,4
O001283,C00407,2025-06-06 06:17:33,待发货,微信支付,9.61,6
O001284,C01367,2024-04-22 03:13:52,已退款,支付宝,9.2,4
O001285,C00502,2024-09-09 08:32:06,已完成,微信支付,34.69,3
O001286,C00869,2024-02-23 20:06:31,已完成,微信支付,46.97,4
O001287,C00541,2025-05-21 16:45:15,已完成,微信支付,40.65,4
O001288,C01385,2025-06-01 06:11:55,已完成,货到付款,76.39,4
O001289,C00939,2024-03-02 07:54:33,已完成,支付宝,79.45,4
O001290,C00927,2024-09-08 14:59:46,已完成,支付宝,3.27,2
O001291,C00033,2025-10-26 14:32:31,待发货,微信支付,13.24,2
O001292,C01280,2025-08-24 11:18:53,已完成,银行卡,44.29,2
O001293,C00083,2025-03-29 10:20:17,已完成,支付宝,76.01,3
O001294,C00270,2025-01-09 22:25:44,已完成,货到付款,22.39,2
O001295,C00260,2025-12-27 12:28:25,已完成,微信支付,29.37,3
O001296,C00049,2025-06-18 18:04:34,已完成,支付宝,18.48,2
O001297,C01791,2025-11-26 23:11:41,已完成,微信支付,77.39,7
O001298,C01532,2024-03-15 08:47:10,已完成,微信支付,12.31,5
O001299,C00725,2024-06-15 18:03:52,已退款,支付宝,45.17,3
O001300,C00042,2024-02-05 19:26:43,已完成,银行卡,1.84,2
O001301,C00309,2025-09-25 05:52:24,已完成,微信支付,48.13,5
O001302,C01764,2025-06-09 05:05:35,已取消,支付宝,31.4,5
O001303,C01775,2024-06-02 03:55:39,已完成,支付宝,45.25,4
O001304,C01364,2025-12-15 14:28:27,已完成,支付宝,6.42,7
O001305,C00201,2025-11-29 18:25:38,待发货,支付宝,7.29,7
O001306,C01548,2024-06-19 18:42:33,已完成,支付宝,7.38,4
O001307,C01262,2025-05-17 09:46:46,已完成,货到付款,66.81,4
O001308,C00554,2025-05-31 16:28:13,已完成,支付宝,57.93,4
O001309,C00589,2024-01-05 00:04:00,已完成,银行卡,10.27,7
O001310,C00908,2025-06-07 15:58:24,已完成,微信支付,25.28,4
O001311,C00125,2024-06-18 11:00:49,已完成,银行卡,34.91,7
O001312,C01387,2025-10-24 19:52:07,已完成,货到付款,7.89,4
O001313,C00850,2025-09-02 23:26:51,已完成,微信支付,67.2,3
O001314,C01544,2025-10-28 13:30:24,已完成,支付宝,29.03,4
O001315,C00383,2025-07-08 14:45:12,已完成,银行卡,53.64,4
O001316,C01920,2024-05-26 22:56:28,已完成,微信支付,51.36,5
O001317,C00563,2024-09-29 08:09:48,已完成,支付宝,73.14,3
O001318,C00711,2025-06-14 03:48:51,已完成,支付宝,59.35,6
O001319,C01128,2024-08-29 12:39:36,已完成,银行卡,2.75,7
O001320,C00786,2025-06-14 08:22:31,已取消,微信支付,12.41,2
O001321,C00029,2024-09-08 15:25:48,已完成,微信支付,35.59,2
O001322,C00953,2024-06-02 18:46:54,已完成,微信支付,7.44,5
O001323,C01777,2025-02-10 12:08:47,已完成,微信支付,31.35,4
O001324,C00543,2025-06-06 07:30:58,已完成,微信支付,78.19,5
O001325,C00450,2025-02-10 13:43:49,已完成,支付宝,16.44,6
O001326,C01327,2025-05-14 10:32:02,已完成,银行卡,56.38,4
O001327,C00083,2024-12-01 04:26:01,已发货,货到付款,20.8,3
O001328,C01548,2025-07-22 18:31:35,已取消,货到付款,2.73,5
O001329,C00169,2025-05-19 07:30:57,已完成,货到付款,7.87,6
O001330,C01219,2025-03-29 12:48:17,已完成,微信支付,8.31,4
O001331,C00433,2024-11-28 21:49:57,已完成,微信支付,23.92,5
O001332,C00592,2025-02-26 04:55:51,已完成,微信支付,76.84,7
O001333,C00301,2024-02-25 10:04:08,已完成,支付宝,49.65,7
O001334,C01983,2025-05-30 04:19:29,已完成,货到付款,9.84,7
O001335,C01031,2024-06-12 10:52:13,已完成,微信支付,5.62,2
O001336,C01523,2025-09-19 07:38:04,已完成,支付宝,77.66,5
O001337,C01470,2025-08-14 21:22:41,已完成,支付宝,13.71,7
O001338,C01959,2025-02-20 07:37:12,已完成,微信支付,21.64,4
O001339,C00616,2025-09-08 14:27:33,已完成,银行卡,67.33,5
O001340,C00044,2025-06-01 03:53:40,已完成,微信支付,44.39,7
O001341,C01374,2024-05-09 10:33:25,已完成,支付宝,18.13,3
O001342,C01335,2025-06-28 20:26:04,已完成,货到付款,53.16,3
O001343,C01405,2025-12-29 16:37:04,已完成,微信支付,29.72,5
O001344,C01867,2024-02-15 06:11:22,已发货,微信支付,46.53,5
O001345,C00044,2024-07-02 23:46:02,已完成,支付宝,7.74,7
O001346,C00715,2025-04-14 19:12:52,已完成,支付宝,70.42,3
O001347,C00915,2024-11-10 09:01:09,已完成,支付宝,47.64,3
O001348,C00407,2025-05-11 23:03:01,已完成,支付宝,0.35,4
O001349,C01872,2025-04-06 04:03:08,已完成,微信支付,44.73,3
O001350,C00122,2025-07-28 07:06:41,已完成,微信支付,28.97,4
O001351,C01867,2024-03-14 22:03:35,已完成,银行卡,72.44,5
O001352,C00799,2024-12-03 23:18:40,已完成,微信支付,11.08,4
O001353,C00690,2025-09-19 19:57:20,已完成,货到付款,26.7,6
O001354,C00433,2024-10-02 04:06:19,已完成,微信支付,61.16,2
O001355,C01080,2025-01-28 05:40:40,已完成,银行卡,18.02,3
O001356,C01068,2024-01-26 15:52:06,已完成,货到付款,25.05,4
O001357,C00593,2024-06-19 01:48:23,已发货,微信支付,61.7,3
O001358,C00287,2024-12-22 23:21:06,已完成,支付宝,56.99,2
O001359,C01229,2024-11-03 22:03:25,已完成,银行卡,28.77,7
O001360,C01957,2025-06-15 19:22:58,待发货,支付宝,37.39,4
O001361,C01372,2025-04-25 23:36:51,已完成,银行卡,44.19,6
O001362,C00182,2025-10-05 05:45:40,已完成,未知,71.04,5
O001363,C01380,2025-09-14 21:08:39,已完成,货到付款,52.92,6
O001364,C00900,2024-06-30 06:18:22,已完成,支付宝,47.4,2
O001365,C00254,2024-01-21 02:36:42,已完成,微信支付,64.88,6
O001366,C00017,2025-09-14 06:42:50,已完成,支付宝,24.35,5
O001367,C00170,2024-09-03 18:18:33,已完成,微信支付,35.52,4
O001368,C01057,2024-09-18 22:49:06,已完成,支付宝,54.93,4
O001369,C01246,2024-05-21 14:48:41,已完成,微信支付,32.31,5
O001370,C01870,2025-06-08 05:21:07,已完成,银行卡,38.33,3
O001371,C00017,2024-07-27 14:32:19,已完成,微信支付,12.83,5
O001372,C00170,2024-06-02 12:28:11,已退款,支付宝,48.8,2
O001373,C01731,2025-01-28 12:40:03,已完成,银行卡,51.22,4
O001374,C00177,2025-07-04 08:19:45,已完成,银行卡,68.49,3
O001375,C00025,2024-07-20 03:19:38,已完成,银行卡,6.83,2
O001376,C01019,2025-06-18 08:25:24,已完成,微信支付,71.97,2
O001377,C00763,2024-12-21 21:12:22,已完成,银行卡,6.87,4
O001378,C01472,2024-11-05 09:34:38,待发货,未知,59.62,6
O001379,C00731,2024-09-29 00:57:31,已完成,支付宝,47.12,4
O001380,C01742,2024-05-12 08:20:13,已完成,银行卡,32.49,4
O001381,C01128,2024-09-06 11:51:28,已完成,微信支付,73.88,4
O001382,C00292,2025-10-05 14:27:46,已完成,微信支付,36.53,3
O001383,C01736,2024-04-10 15:09:33,已完成,支付宝,1.98,4
O001384,C01475,2025-12-01 10:29:48,已完成,支付宝,41.65,7
O001385,C00032,2024-04-14 03:29:30,已完成,微信支付,42.6,5
O001386,C00083,2024-10-01 10:01:24,已完成,银行卡,59.55,3
O001387,C00976,2025-04-20 00:28:44,已完成,银行卡,28.66,7
O001388,C01957,2025-09-01 12:09:12,已完成,货到付款,5.91,6
O001389,C01736,2024-05-11 10:47:37,已完成,微信支付,27.96,3
O001390,C01080,2024-05-09 08:32:37,已完成,支付宝,48.21,5
O001391,C00044,2025-05-05 15:18:16,已完成,银行卡,43.58,3
O001392,C01042,2024-08-06 18:00:15,已完成,微信支付,67.76,3
O001393,C00725,2025-05-16 06:34:05,已完成,支付宝,21.62,6
O001394,C00337,2025-08-20 12:42:08,已完成,微信支付,45.54,6
O001395,C01345,2024-03-19 12:25:05,已发货,微信支付,78.05,3
O001396,C01802,2025-09-07 12:54:36,已完成,微信支付,25.09,4
O001397,C00633,2024-02-11 09:11:07,已完成,支付宝,34.89,3
O001398,C00363,2025-10-22 05:45:30,已完成,支付宝,79.54,6
O001399,C01983,2025-12-16 04:29:06,待发货,微信支付,11.55,2
O001400,C01421,2025-05-31 00:18:47,已完成,支付宝,45.89,3
O001401,C00260,2025-12-21 01:17:40,已完成,微信支付,29.63,3
O001402,C00941,2025-08-21 19:26:17,已完成,微信支付,3.69,4
O001403,C00382,2024-02-18 01:04:44,已完成,银行卡,60.86,4
O001404,C00725,2024-01-05 20:39:13,已完成,支付宝,15.91,1
O001405,C00193,2024-01-25 21:24:38,已完成,银行卡,71.36,5
O001406,C00554,2024-12-14 05:40:38,已完成,微信支付,33.43,2
O001407,C01802,2025-05-02 10:30:26,已完成,微信支付,11.57,2
O001408,C00953,2025-01-05 08:58:42,已完成,银行卡,19.68,4
O001409,C01930,2025-06-03 09:04:56,已发货,微信支付,66.63,4
O001410,C01066,2024-12-12 08:29:24,已完成,微信支付,29.91,4
O001411,C01448,2024-02-17 08:32:17,已完成,支付宝,20.5,2
O001412,C01806,2024-06-20 16:14:26,已完成,支付宝,19.92,7
O001413,C00122,2025-12-27 09:40:34,已完成,银行卡,46.66,7
O001414,C01439,2024-09-17 04:21:07,已完成,货到付款,20.55,7
O001415,C01166,2024-08-30 09:45:57,已完成,微信支付,74.83,2
O001416,C00421,2024-05-18 23:55:28,已取消,微信支付,3.95,2
O001417,C00337,2025-12-23 23:51:57,已完成,支付宝,12.47,4
O001418,C01405,2024-06-22 01:37:57,已发货,微信支付,34.32,1
O001419,C00094,2025-05-17 13:43:03,已完成,支付宝,16.66,4
O001420,C01658,2024-02-16 23:51:06,已完成,微信支付,62.29,7
O001421,C01872,2024-03-10 04:58:10,已完成,银行卡,73.32,3
O001422,C01814,2025-06-16 01:43:34,已完成,银行卡,48.01,5
O001423,C01430,2025-05-10 05:54:21,已完成,微信支付,68.32,5
O001424,C01844,2025-06-04 07:57:01,已完成,微信支付,64.05,3
O001425,C01305,2024-06-23 22:10:33,已完成,货到付款,12.69,3
O001426,C01673,2025-12-22 06:30:19,已完成,微信支付,6.25,3
O001427,C00844,2025-03-16 07:21:50,已完成,微信支付,50.32,2
O001428,C00689,2025-12-12 06:56:45,已完成,微信支付,78.6,5
O001429,C01548,2024-05-26 09:44:50,已取消,微信支付,66.55,2
O001430,C01526,2024-11-05 23:53:34,已发货,未知,49.3,3
O001431,C01876,2024-09-08 02:20:41,已完成,微信支付,8.88,5
O001432,C00142,2025-07-07 11:50:04,已完成,微信支付,62.38,5
O001433,C01144,2025-07-02 14:04:45,已完成,银行卡,54.64,7
O001434,C00985,2025-01-11 02:56:27,已完成,微信支付,74.71,3
O001435,C00384,2024-01-19 01:13:00,已完成,银行卡,56.75,5
O001436,C01149,2024-06-01 23:31:04,已完成,支付宝,8.28,1
O001437,C00433,2024-02-24 06:42:18,已完成,支付宝,48.74,6
O001438,C01548,2025-09-08 05:44:22,待发货,货到付款,32.3,4
O001439,C01867,2024-08-03 08:12:12,已完成,微信支付,33.71,5
O001440,C01534,2024-04-22 01:33:46,已完成,微信支付,50.64,6
O001441,C00588,2024-09-24 03:31:26,待发货,支付宝,71.97,7
O001442,C01181,2024-03-20 00:46:15,已完成,微信支付,60.78,6
O001443,C00637,2025-12-18 12:19:40,已完成,微信支付,1.78,2
O001444,C00433,2024-08-22 11:45:27,已完成,银行卡,11.76,4
O001445,C01463,2025-11-10 06:36:46,已完成,银行卡,0.0,5
O001446,C01173,2025-06-05 22:45:30,已完成,支付宝,54.78,4
O001447,C00867,2025-03-23 07:52:44,已完成,支付宝,50.74,4
O001448,C01560,2024-12-31 00:25:51,已完成,支付宝,40.29,5
O001449,C01501,2025-06-07 02:25:04,已完成,微信支付,34.41,3
O001450,C01515,2025-06-06 17:47:07,已完成,微信支付,63.17,7
O001451,C00629,2024-01-13 12:46:43,已完成,支付宝,7.66,7
O001452,C00819,2025-10-31 06:52:33,已发货,微信支付,47.6,7
O001453,C01448,2024-10-06 05:33:14,已完成,微信支付,64.68,7
O001454,C00094,2024-09-23 05:38:01,已完成,未知,21.79,3
O001455,C00122,2024-11-06 10:03:57,已退款,支付宝,16.18,5
O001456,C01066,2025-06-06 16:27:05,已完成,微信支付,53.88,6
O001457,C01472,2024-10-14 15:14:27,已完成,货到付款,14.05,4
O001458,C01345,2024-10-12 17:51:13,已完成,支付宝,39.06,7
O001459,C00337,2024-03-08 00:07:23,已发货,支付宝,73.83,4
O001460,C00124,2024-11-10 13:46:43,已完成,微信支付,4.85,2
O001461,C01551,2024-05-15 18:50:30,已完成,支付宝,72.73,4
O001462,C00989,2025-09-15 04:28:02,已完成,支付宝,15.23,5
O001463,C01698,2024-09-07 13:40:05,已完成,支付宝,38.59,7
O001464,C00044,2025-12-04 00:34:56,已完成,支付宝,10.58,6
O001465,C00678,2025-06-06 21:41:15,已完成,微信支付,56.79,6
O001466,C00789,2025-07-07 17:41:25,已完成,微信支付,79.82,2
O001467,C01345,2025-11-21 14:15:47,已完成,银行卡,24.17,6
O001468,C01311,2024-06-28 14:41:50,已完成,微信支付,73.98,6
O001469,C01457,2025-03-24 16:54:17,已完成,支付宝,58.4,5
O001470,C00324,2024-02-15 10:18:13,已完成,银行卡,77.23,7
O001471,C01190,2024-04-08 23:18:26,已完成,微信支付,53.74,4
O001472,C00080,2024-10-05 05:17:20,已完成,货到付款,54.56,4
O001473,C00563,2025-06-05 19:54:42,待发货,银行卡,75.5,4
O001474,C00033,2025-08-28 18:53:43,已完成,支付宝,58.19,5
O001475,C01884,2024-07-11 20:20:15,已完成,支付宝,67.8,6
O001476,C00603,2025-07-03 01:56:22,已完成,银行卡,22.77,4
O001477,C00092,2024-06-19 10:45:43,已完成,微信支付,13.51,4
O001478,C01134,2024-01-07 15:24:30,已完成,支付宝,51.2,3
O001479,C01303,2024-02-29 14:49:33,已退款,微信支付,20.21,4
O001480,C01802,2025-04-06 16:54:48,已完成,银行卡,34.39,6
O001481,C01229,2025-01-22 15:52:39,已完成,支付宝,68.45,2
O001482,C01983,2024-07-20 05:28:39,已完成,支付宝,50.49,4
O001483,C00989,2024-01-08 19:13:28,已完成,微信支付,75.51,4
O001484,C00193,2025-03-24 11:10:50,已完成,微信支付,28.38,3
O001485,C00063,2025-08-17 23:49:01,待发货,银行卡,22.45,4
O001486,C00223,2024-03-12 12:43:05,已完成,微信支付,17.1,3
O001487,C00475,2025-06-25 12:42:40,已完成,支付宝,78.11,5
O001488,C00908,2025-05-09 14:02:36,已取消,支付宝,34.37,7
O001489,C00083,2025-01-04 20:57:16,已完成,微信支付,73.61,7
O001490,C01957,2024-02-22 21:06:36,已完成,微信支付,27.59,3
O001491,C00502,2025-11-06 14:34:06,已完成,微信支付,23.02,3
O001492,C01147,2025-01-01 13:56:36,已完成,银行卡,61.67,3
O001493,C01430,2024-11-03 01:14:21,已完成,微信支付,49.45,7
O001494,C01448,2025-09-20 01:31:35,已发货,微信支付,41.97,3
O001495,C00033,2025-09-07 17:50:20,已退款,货到付款,35.22,6
O001496,C01777,2025-06-20 08:15:43,已完成,银行卡,37.31,5
O001497,C00437,2025-08-26 10:06:06,待发货,支付宝,66.76,3
O001498,C01587,2024-04-27 15:28:50,已完成,支付宝,12.25,5
O001499,C00592,2025-07-11 05:47:29,已完成,银行卡,4.08,5
O001500,C00850,2024-09-02 07:34:13,已完成,货到付款,0.48,3
O001501,C01473,2025-09-25 01:26:57,已完成,银行卡,39.6,3
O001502,C01593,2024-10-09 18:38:06,已完成,支付宝,65.44,4
O001503,C01311,2024-02-28 12:03:32,已完成,支付宝,53.68,3
O001504,C00193,2024-11-10 04:20:04,已取消,支付宝,79.24,4
O001505,C01648,2025-07-08 14:52:53,已完成,银行卡,48.8,7
O001506,C00541,2025-01-26 03:23:09,已完成,支付宝,40.73,1
O001507,C00592,2025-07-12 18:57:15,已完成,微信支付,46.53,1
O001508,C01933,2024-02-09 05:32:39,已完成,支付宝,70.57,3
O001509,C01472,2024-06-02 06:56:53,已完成,微信支付,1.17,2
O001510,C01028,2025-03-21 21:37:24,已完成,微信支付,37.32,7
O001511,C01823,2024-10-23 17:25:15,已完成,微信支付,32.89,3
O001512,C01341,2025-06-04 16:55:20,已完成,微信支付,76.27,5
O001513,C00524,2025-12-06 14:16:55,已完成,支付宝,14.98,7
O001514,C00502,2025-05-25 12:23:54,已完成,微信支付,2.04,7
O001515,C00592,2024-11-11 04:43:07,已完成,支付宝,50.53,3
O001516,C01465,2025-03-04 07:52:54,已完成,货到付款,50.0,4
O001517,C00182,2025-11-02 23:11:50,已完成,微信支付,25.55,6
O001518,C00017,2025-06-02 22:59:32,待发货,微信支付,43.18,7
O001519,C00842,2025-08-08 17:25:15,已完成,微信支付,47.73,4
O001520,C00044,2024-08-12 21:20:27,已完成,银行卡,28.24,5
O001521,C01975,2025-06-30 19:07:46,已完成,微信支付,33.64,1
O001522,C00624,2024-05-08 09:01:16,已完成,微信支付,11.34,1
O001523,C01736,2025-07-03 17:33:20,已完成,微信支付,61.68,6
O001524,C00975,2025-10-07 18:36:27,已完成,微信支付,31.13,7
O001525,C00877,2025-10-23 03:05:04,已完成,支付宝,51.64,3
O001526,C01136,2024-04-21 21:54:24,已完成,支付宝,34.13,2
O001527,C00988,2025-08-26 11:32:08,已完成,微信支付,12.98,6
O001528,C00704,2024-04-15 07:03:00,已发货,支付宝,56.05,7
O001529,C00563,2025-01-02 11:50:23,已完成,支付宝,33.39,7
O001530,C01802,2025-06-05 07:11:45,已完成,货到付款,14.83,6
O001531,C00289,2025-01-08 07:40:58,已完成,支付宝,74.68,3
O001532,C01956,2024-09-12 13:40:26,已完成,银行卡,71.47,4
O001533,C00475,2025-06-05 23:48:45,已完成,货到付款,58.17,4
O001534,C00266,2025-05-26 09:48:13,已完成,微信支付,46.08,2
O001535,C01159,2025-04-04 05:59:38,已完成,微信支付,50.02,5
O001536,C01867,2025-02-20 18:05:39,已完成,支付宝,28.82,3
O001537,C00821,2025-06-13 07:21:19,已完成,微信支付,21.04,5
O001538,C00725,2024-11-05 12:21:26,已完成,支付宝,47.37,3
O001539,C01080,2024-03-12 06:22:40,已完成,支付宝,59.2,5
O001540,C00664,2025-02-28 05:14:18,已完成,支付宝,39.61,3
O001541,C01028,2025-06-18 06:14:36,已完成,微信支付,71.64,5
O001542,C01080,2024-08-10 08:57:13,已完成,支付宝,31.07,3
O001543,C01777,2024-05-09 22:53:32,已完成,微信支付,30.12,3
O001544,C00667,2025-11-02 16:40:03,已取消,微信支付,34.04,5
O001545,C01530,2025-09-21 16:33:26,已完成,支付宝,56.34,6
O001546,C01408,2025-04-29 01:28:30,已完成,微信支付,2.2,5
O001547,C00533,2025-07-27 00:40:49,已完成,货到付款,28.3,2
O001548,C01815,2025-12-11 08:51:22,已完成,未知,59.43,3
O001549,C01340,2025-03-25 21:25:00,待发货,银行卡,44.38,3
O001550,C01212,2024-07-02 00:32:02,已完成,货到付款,24.79,2
O001551,C00725,2025-05-12 18:54:32,已退款,支付宝,52.54,6
O001552,C00094,2025-11-03 19:54:48,已完成,支付宝,72.09,5
O001553,C00801,2025-06-07 06:13:53,已发货,银行卡,40.41,4
O001554,C01383,2024-01-31 02:14:48,已完成,微信支付,59.14,7
O001555,C01159,2025-11-04 03:12:20,已取消,支付宝,15.87,5
O001556,C00678,2025-07-06 01:01:29,已发货,微信支付,37.84,3
O001557,C01462,2024-11-04 20:41:53,已完成,支付宝,23.3,1
O001558,C00033,2025-12-24 18:25:50,已完成,银行卡,79.42,4
O001559,C01479,2025-06-18 16:01:27,已完成,支付宝,17.5,4
O001560,C00725,2025-08-23 02:12:28,已完成,支付宝,75.79,4
O001561,C01747,2025-11-16 22:31:04,已完成,支付宝,32.7,7
O001562,C01518,2024-02-13 16:50:10,已完成,支付宝,39.87,6
O001563,C00962,2025-07-19 19:39:31,已完成,支付宝,41.91,3
O001564,C00184,2024-10-24 09:31:31,已完成,银行卡,19.34,3
O001565,C00819,2025-09-26 04:11:34,已完成,微信支付,19.11,6
O001566,C01472,2025-10-04 19:17:18,已完成,微信支付,30.08,3
O001567,C01165,2025-08-25 01:46:13,已完成,微信支付,59.62,6
O001568,C01129,2025-07-22 04:46:27,已完成,支付宝,56.06,7
O001569,C01370,2025-08-02 03:52:52,已完成,银行卡,79.81,7
O001570,C01031,2024-08-09 02:31:58,已完成,微信支付,7.07,4
O001571,C01548,2024-11-06 13:16:03,已完成,支付宝,60.74,5
O001572,C01082,2024-04-20 05:30:21,已完成,货到付款,15.59,3
O001573,C00502,2025-08-27 23:53:31,已完成,微信支付,40.88,5
O001574,C01383,2025-05-17 22:10:12,已完成,银行卡,15.71,3
O001575,C01970,2025-04-25 04:50:21,已退款,货到付款,74.89,6
O001576,C01551,2024-07-03 19:59:07,已完成,银行卡,40.58,4
O001577,C00563,2025-04-27 00:49:27,已完成,微信支付,37.56,4
O001578,C00624,2024-12-16 06:39:53,待发货,未知,24.59,5
O001579,C00475,2025-12-28 15:24:55,待发货,微信支付,35.92,2
O001580,C01534,2025-09-21 04:51:00,已完成,微信支付,8.86,6
O001581,C01957,2025-02-18 01:09:38,已完成,微信支付,54.74,3
O001582,C01899,2025-08-11 03:45:54,已完成,微信支付,45.65,4
O001583,C00130,2024-05-26 15:24:46,已完成,货到付款,7.97,4
O001584,C00725,2024-04-09 05:30:03,已完成,支付宝,8.19,5
O001585,C01474,2025-05-07 05:27:23,已完成,微信支付,23.44,5
O001586,C00592,2025-06-20 04:00:45,已完成,支付宝,37.85,4
O001587,C00677,2024-02-27 21:59:58,已完成,支付宝,17.81,3
O001588,C01983,2024-06-11 21:40:17,已发货,微信支付,10.51,5
O001589,C01658,2025-02-28 19:36:16,已完成,微信支付,7.71,3
O001590,C01289,2024-03-07 00:06:14,已退款,支付宝,24.41,3
O001591,C01447,2024-11-16 06:46:53,已完成,银行卡,50.37,5
O001592,C01372,2025-01-06 21:57:10,已退款,微信支付,54.27,3
O001593,C00646,2025-11-06 13:48:21,已完成,银行卡,22.63,5
O001594,C00475,2024-08-23 00:14:08,已完成,支付宝,35.25,4
O001595,C00337,2024-05-29 05:10:56,已完成,支付宝,50.28,6
O001596,C01566,2024-01-09 19:22:03,已完成,微信支付,28.8,5
O001597,C01782,2024-04-25 21:01:30,已完成,支付宝,78.29,4
O001598,C00704,2025-07-04 10:33:09,已完成,微信支付,55.42,3
O001599,C01312,2024-12-08 03:27:24,已完成,微信支付,46.27,3
O001600,C00563,2024-06-10 01:30:35,已发货,银行卡,39.83,6
O001601,C00032,2025-11-10 05:59:41,已完成,支付宝,39.36,4
O001602,C01176,2025-07-28 19:39:34,已完成,微信支付,23.34,4
O001603,C01434,2024-04-19 19:25:25,待发货,微信支付,6.18,4
O001604,C00603,2024-07-20 06:47:16,已完成,微信支付,67.03,4
O001605,C01368,2025-09-10 23:22:48,已完成,货到付款,72.43,2
O001606,C01967,2025-06-08 21:45:40,已完成,微信支付,77.96,3
O001607,C01363,2025-11-19 23:55:40,已完成,支付宝,32.32,2
O001608,C00044,2024-03-19 18:54:46,已完成,支付宝,75.71,5
O001609,C00725,2025-07-20 13:31:13,已完成,微信支付,56.19,2
O001610,C00616,2024-03-19 23:28:58,已取消,支付宝,33.77,3
O001611,C01722,2024-09-09 16:23:55,已完成,支付宝,73.48,3
O001612,C01078,2025-07-04 19:32:26,已完成,银行卡,77.48,1
O001613,C00707,2025-06-14 09:56:12,已完成,支付宝,42.71,7
O001614,C00776,2024-01-03 05:52:22,待发货,微信支付,62.37,5
O001615,C01384,2024-06-11 13:36:23,已完成,微信支付,62.13,4
O001616,C00446,2025-07-22 09:16:58,已完成,微信支付,48.71,6
O001617,C00616,2024-04-28 08:22:17,已完成,微信支付,33.82,5
O001618,C00554,2024-08-31 16:14:56,已完成,货到付款,10.75,4
O001619,C01181,2024-06-04 14:11:13,已完成,微信支付,79.84,5
O001620,C01523,2024-04-17 07:00:55,已完成,微信支付,5.73,2
O001621,C00182,2025-08-31 05:46:55,已完成,支付宝,10.79,4
O001622,C01472,2024-03-06 13:44:36,已完成,微信支付,29.98,3
O001623,C01997,2025-02-27 07:10:06,已完成,支付宝,31.88,4
O001624,C01548,2025-06-08 05:41:37,已完成,未知,21.37,4
O001625,C01690,2024-03-02 05:09:54,已完成,银行卡,6.25,3
O001626,C00407,2025-05-09 15:16:55,已退款,微信支付,71.95,6
O001627,C00017,2024-09-07 09:15:27,已完成,未知,41.06,3
O001628,C00684,2025-08-29 08:07:28,已完成,支付宝,77.59,2
O001629,C00850,2025-08-04 02:43:23,已完成,微信支付,70.24,7
O001630,C00069,2025-08-01 01:02:12,已完成,微信支付,39.52,4
O001631,C01128,2024-11-03 16:24:39,已完成,支付宝,31.06,7
O001632,C00554,2025-08-21 23:29:59,已完成,银行卡,20.4,5
O001633,C00704,2025-05-06 07:34:16,已取消,支付宝,79.44,3
O001634,C01086,2024-10-17 20:11:50,已完成,支付宝,48.4,7
O001635,C00081,2024-03-23 14:28:05,已完成,支付宝,67.26,4
O001636,C01364,2024-03-10 07:47:03,已完成,支付宝,78.77,5
O001637,C00839,2024-07-07 13:22:54,已完成,支付宝,17.92,7
O001638,C00781,2024-08-11 03:57:06,已完成,微信支付,73.99,6
O001639,C01667,2025-11-08 08:25:24,已发货,支付宝,63.56,4
O001640,C01361,2025-12-31 17:46:52,已取消,银行卡,36.37,3
O001641,C00335,2024-05-11 20:06:20,已取消,支付宝,75.9,7
O001642,C00953,2025-11-16 05:51:18,已完成,支付宝,47.19,7
O001643,C00592,2025-06-13 21:28:02,已完成,支付宝,31.49,5
O001644,C01448,2025-01-23 14:59:41,已完成,微信支付,12.79,6
O001645,C01430,2025-11-28 05:42:19,已完成,支付宝,58.23,5
O001646,C01042,2025-06-15 18:44:07,已完成,微信支付,61.92,2
O001647,C01405,2025-04-12 21:08:28,已完成,微信支付,16.55,4
O001648,C00611,2024-06-14 06:34:10,已完成,微信支付,29.75,4
O001649,C00592,2024-07-02 02:44:50,已发货,支付宝,4.4,3
O001650,C00407,2025-11-01 06:48:44,已完成,支付宝,44.58,3
O001651,C00679,2024-06-16 18:22:58,待发货,货到付款,48.01,3
O001652,C00416,2024-02-06 01:33:58,已完成,微信支付,67.86,6
O001653,C01042,2024-07-17 06:10:50,已发货,微信支付,2.09,7
O001654,C01016,2025-01-05 07:25:30,已完成,支付宝,9.57,4
O001655,C01347,2024-10-20 00:28:10,已完成,微信支付,2.53,4
O001656,C00977,2025-11-11 14:01:02,已完成,支付宝,75.56,3
O001657,C00541,2024-11-11 19:54:05,已完成,微信支付,41.03,6
O001658,C00031,2025-10-13 03:38:14,已完成,微信支付,19.68,3
O001659,C00502,2025-04-12 21:10:52,已完成,支付宝,1.53,7
O001660,C01367,2025-02-16 22:53:12,已完成,支付宝,7.72,5
O001661,C01128,2024-05-23 20:41:05,待发货,微信支付,57.61,7
O001662,C01229,2024-07-21 17:41:56,已完成,微信支付,38.42,3
O001663,C00563,2025-09-24 10:55:26,已完成,微信支付,58.75,6
O001664,C00844,2025-07-23 04:24:25,待发货,微信支付,21.22,4
O001665,C00473,2024-12-10 21:21:18,已完成,货到付款,35.16,7
O001666,C01867,2025-11-01 12:37:56,已发货,支付宝,49.91,4
O001667,C01327,2025-08-18 10:53:20,已完成,微信支付,16.99,3
O001668,C00570,2024-04-17 09:48:51,已完成,微信支付,23.0,4
O001669,C00610,2025-04-20 05:47:59,已完成,微信支付,11.33,4
O001670,C01107,2025-08-05 09:45:27,已完成,微信支付,56.94,4
O001671,C01327,2025-08-11 19:02:42,已完成,货到付款,46.58,3
O001672,C00675,2024-04-01 13:29:01,已完成,微信支付,35.57,4
O001673,C01867,2024-06-19 09:21:46,已完成,银行卡,45.39,4
O001674,C01526,2024-11-09 02:21:58,已完成,银行卡,13.58,6
O001675,C01844,2024-07-07 09:51:11,已退款,支付宝,65.03,4
O001676,C01704,2024-04-15 05:23:00,已取消,支付宝,60.44,7
O001677,C01612,2025-05-05 09:50:02,已完成,微信支付,14.56,4
O001678,C01028,2025-02-01 03:54:51,已完成,银行卡,70.86,3
O001679,C00569,2024-05-19 22:27:14,已完成,银行卡,31.52,4
O001680,C01160,2025-04-06 04:10:24,已完成,支付宝,37.09,5
O001681,C01818,2024-03-06 02:41:20,已完成,微信支付,42.5,3
O001682,C00032,2024-10-21 15:51:18,已完成,微信支付,63.43,4
O001683,C00330,2025-07-31 08:24:09,已完成,微信支付,13.12,5
O001684,C01855,2025-10-14 23:11:24,已完成,微信支付,21.2,3
O001685,C00475,2024-07-03 09:31:55,已完成,支付宝,74.91,6
O001686,C00589,2025-09-18 15:58:21,待发货,银行卡,75.02,7
O001687,C01031,2025-10-16 20:31:48,已完成,支付宝,64.72,7
O001688,C00083,2025-04-21 23:26:41,已完成,支付宝,13.47,3
O001689,C01031,2025-12-20 19:26:47,已完成,支付宝,47.6,5
O001690,C00755,2024-07-03 13:44:34,已完成,支付宝,35.68,5
O001691,C00989,2024-03-12 19:20:22,已完成,支付宝,6.46,6
O001692,C01777,2025-09-06 06:43:15,已完成,银行卡,6.04,7
O001693,C01181,2025-01-15 20:59:16,已完成,微信支付,68.55,4
O001694,C00083,2024-09-17 20:46:31,已完成,银行卡,7.24,4
O001695,C00379,2024-02-29 09:55:24,已取消,微信支付,21.71,4
O001696,C00407,2024-03-09 01:47:24,已完成,支付宝,12.06,5
O001697,C01983,2024-03-31 16:50:22,待发货,支付宝,46.01,3
O001698,C01924,2024-06-04 02:02:55,已完成,支付宝,60.8,5
O001699,C00253,2025-12-12 00:21:38,已取消,支付宝,21.21,5
O001700,C00033,2024-07-28 22:16:53,已完成,微信支付,62.56,3
O001701,C01364,2025-08-17 13:51:55,已完成,支付宝,14.0,4
O001702,C00170,2024-01-23 15:13:37,已完成,微信支付,28.54,2
O001703,C00378,2024-08-27 21:58:05,已完成,支付宝,19.43,7
O001704,C00227,2025-10-29 22:41:57,已发货,银行卡,36.35,5
O001705,C01448,2024-06-05 22:07:28,已完成,支付宝,78.48,2
O001706,C01295,2024-07-30 03:40:22,已完成,银行卡,58.94,5
O001707,C01918,2025-08-24 07:20:24,已完成,未知,16.46,7
O001708,C01145,2024-04-25 18:17:05,已完成,微信支付,77.31,4
O001709,C00201,2024-02-27 00:59:39,已完成,微信支付,54.51,5
O001710,C00335,2025-12-09 05:47:02,待发货,银行卡,36.33,5
O001711,C00541,2024-11-05 12:45:43,已完成,银行卡,73.3,6
O001712,C00640,2025-05-24 08:18:50,已发货,银行卡,61.03,5
O001713,C00193,2024-04-29 04:39:25,已完成,支付宝,58.34,5
O001714,C00989,2024-06-18 21:20:23,已完成,微信支付,16.07,6
O001715,C01380,2024-12-20 10:36:40,已完成,微信支付,10.24,5
O001716,C00104,2025-06-02 09:23:51,已完成,支付宝,69.25,1
O001717,C01121,2024-08-06 15:36:05,已完成,微信支付,54.41,4
O001718,C00022,2025-10-10 16:44:27,已完成,支付宝,65.38,4
O001719,C00121,2025-07-23 11:18:19,已完成,银行卡,0.0,7
O001720,C00748,2025-03-11 21:00:00,已完成,微信支付,72.25,5
O001721,C00763,2024-12-19 07:05:00,已完成,支付宝,30.04,6
O001722,C00168,2025-04-29 20:54:31,已完成,支付宝,28.02,4
O001723,C01742,2025-06-22 20:57:45,已完成,微信支付,18.95,5
O001724,C01998,2024-05-05 00:41:35,已完成,微信支付,8.43,5
O001725,C01928,2025-09-13 18:06:14,已完成,支付宝,38.63,4
O001726,C01884,2025-01-14 03:35:27,已完成,支付宝,39.86,5
O001727,C00253,2025-11-11 11:25:57,已完成,支付宝,9.16,5
O001728,C00684,2025-11-29 22:14:50,已完成,微信支付,48.28,5
O001729,C01536,2024-02-04 04:22:07,已完成,微信支付,29.07,6
O001730,C00725,2024-10-22 13:47:38,已完成,支付宝,36.5,7
O001731,C01311,2025-02-18 18:59:37,已完成,微信支付,40.8,7
O001732,C01535,2025-03-01 11:52:21,已完成,支付宝,24.84,4
O001733,C01327,2025-08-21 01:12:21,已完成,微信支付,54.8,4
O001734,C01240,2024-05-09 01:30:43,已完成,支付宝,40.79,7
O001735,C01626,2025-05-01 12:31:56,已完成,微信支付,35.31,4
O001736,C01551,2025-11-16 00:17:19,已完成,微信支付,32.77,4
O001737,C00433,2025-12-29 00:26:55,已取消,支付宝,1.9,4
O001738,C01337,2024-01-12 22:22:50,已退款,支付宝,61.7,4
O001739,C00563,2025-12-14 12:04:03,已完成,货到付款,77.32,2
O001740,C01704,2024-04-25 11:24:16,已完成,货到付款,10.48,5
O001741,C00287,2025-02-27 02:21:26,已完成,支付宝,23.16,3
O001742,C01548,2024-07-03 18:18:39,已完成,支付宝,67.75,3
O001743,C01802,2025-04-20 12:36:13,已完成,支付宝,56.69,6
O001744,C01061,2024-02-11 05:42:24,已退款,支付宝,24.99,4
O001745,C00725,2024-06-28 18:02:05,已完成,微信支付,51.96,4
O001746,C00819,2024-08-11 05:20:06,已完成,支付宝,73.38,5
O001747,C00616,2025-11-03 12:01:26,已完成,未知,17.57,5
O001748,C00085,2025-04-05 13:49:37,已完成,微信支付,54.37,2
O001749,C01791,2025-06-14 06:55:27,已完成,微信支付,64.96,7
O001750,C01080,2025-06-03 21:27:22,待发货,微信支付,7.62,5
O001751,C00407,2024-10-30 16:56:29,已完成,支付宝,74.76,2
O001752,C00885,2024-01-17 06:37:38,已完成,支付宝,76.75,3
O001753,C00407,2024-04-13 03:52:42,已完成,微信支付,58.65,4
O001754,C00850,2024-12-19 07:56:32,已完成,支付宝,41.25,7
O001755,C00706,2025-11-15 11:35:05,已完成,银行卡,48.32,6
O001756,C01175,2024-07-05 13:26:02,已完成,微信支付,51.87,5
O001757,C01337,2025-06-10 09:44:20,已完成,支付宝,12.33,4
O001758,C00792,2025-08-24 00:10:12,已退款,银行卡,23.59,5
O001759,C00337,2025-10-30 16:17:32,已完成,支付宝,8.07,5
O001760,C00475,2024-08-06 09:32:42,已完成,微信支付,29.64,3
O001761,C01078,2025-11-09 08:12:15,已完成,货到付款,59.61,7
O001762,C01304,2025-04-22 13:29:28,已完成,微信支付,70.84,6
O001763,C01501,2025-02-02 20:51:13,已完成,微信支付,29.7,5
O001764,C01834,2025-07-22 00:46:27,已完成,微信支付,49.29,4
O001765,C00261,2024-06-28 23:53:22,待发货,银行卡,47.59,4
O001766,C00592,2025-08-14 15:51:00,已完成,微信支付,37.8,3
O001767,C00554,2025-05-19 13:19:39,已完成,支付宝,55.54,3
O001768,C01364,2025-08-05 01:42:18,已完成,支付宝,12.06,5
O001769,C00377,2025-09-15 17:22:44,已完成,支付宝,5.99,5
O001770,C01867,2025-04-28 17:58:40,已取消,支付宝,27.84,6
O001771,C00376,2024-02-10 13:10:11,已发货,微信支付,77.55,4
O001772,C01345,2024-08-10 19:16:53,已完成,支付宝,76.25,5
O001773,C00335,2025-10-04 20:56:01,已完成,微信支付,50.65,2
O001774,C00094,2025-05-04 20:14:34,已完成,微信支付,46.3,3
O001775,C01114,2025-10-14 07:37:48,已退款,微信支付,50.66,5
O001776,C01834,2024-10-22 16:17:32,已完成,支付宝,34.35,4
O001777,C01253,2025-01-29 01:17:33,已完成,微信支付,23.07,6
O001778,C01448,2025-09-20 13:40:28,已完成,支付宝,0.44,6
O001779,C01181,2025-07-11 03:47:03,已取消,微信支付,1.54,2
O001780,C01236,2024-10-16 07:13:40,已完成,支付宝,77.77,6
O001781,C00033,2024-01-27 16:58:57,已完成,微信支付,59.57,4
O001782,C01551,2025-10-06 10:05:47,已完成,支付宝,55.21,3
O001783,C01890,2025-07-27 20:06:03,已完成,银行卡,67.55,4
O001784,C01998,2024-12-12 02:58:13,已完成,微信支付,48.55,7
O001785,C00629,2025-03-07 23:03:49,已发货,支付宝,53.41,5
O001786,C00502,2024-06-12 16:18:42,已完成,支付宝,63.21,4
O001787,C00029,2024-11-09 10:07:21,已取消,微信支付,10.01,1
O001788,C00637,2024-05-25 00:13:14,已完成,微信支付,15.01,6
O001789,C01668,2024-06-14 01:04:27,待发货,微信支付,44.48,6
O001790,C01425,2025-09-08 09:21:01,已完成,支付宝,7.75,3
O001791,C00201,2024-10-01 13:17:05,已完成,微信支付,52.75,6
O001792,C01160,2025-08-16 12:09:04,已完成,货到付款,66.58,4
O001793,C00270,2024-12-29 07:43:49,已完成,支付宝,67.01,7
O001794,C00592,2024-03-14 15:02:02,已完成,支付宝,25.87,4
O001795,C01430,2024-09-30 14:28:33,已完成,货到付款,16.22,6
O001796,C00541,2024-05-21 08:18:16,已完成,微信支付,76.7,4
O001797,C01926,2025-06-08 07:39:45,已完成,未知,72.99,3
O001798,C00337,2025-11-01 10:20:07,已完成,微信支付,25.08,5
O001799,C00433,2025-07-12 17:28:54,已完成,支付宝,71.53,3
O001800,C01494,2025-07-22 14:48:05,已完成,微信支付,70.48,3
O001801,C01704,2025-09-20 03:08:50,已完成,银行卡,27.04,5
O001802,C00563,2025-07-20 22:26:08,已完成,微信支付,29.06,5
O001803,C01023,2025-03-25 04:33:01,已完成,支付宝,74.55,7
O001804,C00976,2025-06-15 16:44:02,已完成,银行卡,59.35,4
O001805,C00554,2024-11-10 00:32:46,已完成,微信支付,49.4,4
O001806,C01960,2024-03-14 06:44:20,已完成,货到付款,76.23,1
O001807,C01736,2025-06-13 13:47:25,已完成,支付宝,69.19,4
O001808,C00511,2025-06-18 20:47:49,已发货,银行卡,5.98,2
O001809,C01956,2024-06-19 13:36:15,待发货,支付宝,39.9,7
O001810,C00663,2025-11-27 01:55:33,已完成,银行卡,71.66,4
O001811,C01485,2024-02-26 22:01:17,已取消,银行卡,8.89,7
O001812,C01867,2025-06-25 06:29:03,已完成,微信支付,5.78,5
O001813,C01010,2025-12-11 08:48:59,待发货,支付宝,68.72,5
O001814,C00592,2024-08-18 02:06:22,已取消,货到付款,62.19,6
O001815,C01327,2025-11-02 16:49:50,已完成,支付宝,13.38,4
O001816,C01548,2025-08-24 10:02:25,已取消,货到付款,14.49,4
O001817,C01932,2025-06-30 05:47:52,已完成,未知,66.61,4
O001818,C00215,2025-11-27 15:11:10,已完成,微信支付,16.73,2
O001819,C00748,2025-05-22 04:40:32,已完成,银行卡,11.52,4
O001820,C00287,2025-01-19 12:49:22,已完成,支付宝,72.6,6
O001821,C01078,2025-06-03 15:48:59,已完成,微信支付,64.4,4
O001822,C01181,2024-11-09 19:34:20,已完成,微信支付,32.3,3
O001823,C01966,2024-08-30 16:54:46,已完成,微信支付,50.08,4
O001824,C00170,2024-03-24 13:08:29,已完成,支付宝,34.43,5
O001825,C01514,2024-10-16 00:14:24,已发货,银行卡,21.96,3
O001826,C01932,2025-08-08 05:07:41,待发货,银行卡,78.94,5
O001827,C00533,2025-11-19 13:43:38,已发货,微信支付,43.65,5
O001828,C01998,2025-12-15 12:53:28,已完成,微信支付,51.01,5
O001829,C00193,2024-06-13 12:55:03,待发货,微信支付,32.66,4
O001830,C00776,2025-03-27 17:31:04,已完成,支付宝,40.06,4
O001831,C00017,2025-03-30 21:07:35,已完成,银行卡,23.02,2
O001832,C00900,2024-06-02 12:10:03,已完成,银行卡,34.34,4
O001833,C00725,2025-04-03 03:37:36,已完成,微信支付,50.22,6
O001834,C00123,2024-10-02 10:53:53,已完成,支付宝,64.97,7
O001835,C01526,2025-11-16 06:59:47,已完成,支付宝,64.19,2
O001836,C00575,2024-07-10 12:43:41,已取消,银行卡,0.91,6
O001837,C00589,2025-08-30 14:52:16,已完成,支付宝,42.79,4
O001838,C01143,2025-10-20 13:28:39,待发货,支付宝,29.87,3
O001839,C00384,2025-06-24 13:11:11,已完成,银行卡,48.56,3
O001840,C01730,2024-06-16 07:27:54,已完成,微信支付,70.53,5
O001841,C00725,2024-07-13 04:05:05,已完成,银行卡,62.0,6
O001842,C01145,2025-12-13 20:40:32,已取消,银行卡,26.46,4
O001843,C01061,2024-03-18 09:19:29,已完成,银行卡,59.13,3
O001844,C00064,2024-04-21 04:20:04,已完成,微信支付,8.11,3
O001845,C00204,2025-12-18 23:00:11,已取消,银行卡,10.25,3
O001846,C00819,2025-07-21 00:59:42,已完成,微信支付,18.04,5
O001847,C01364,2025-07-01 08:25:35,已发货,支付宝,31.98,4
O001848,C01867,2024-05-23 17:47:09,已完成,未知,40.85,5
O001849,C00496,2025-01-13 09:31:08,已完成,微信支付,31.83,4
O001850,C00579,2025-09-04 20:38:39,已完成,支付宝,50.22,3
O001851,C01031,2024-09-02 08:28:39,已完成,支付宝,9.93,7
O001852,C01181,2024-06-08 15:41:24,已完成,银行卡,41.72,2
O001853,C01704,2024-01-13 10:11:01,已完成,微信支付,21.79,4
O001854,C01867,2025-05-02 11:59:01,已取消,银行卡,29.17,5
O001855,C00842,2024-08-06 11:25:09,已完成,货到付款,40.71,4
O001856,C00227,2025-09-21 23:00:03,已完成,支付宝,10.61,2
O001857,C01337,2024-07-30 18:57:33,已完成,支付宝,31.06,7
O001858,C00122,2024-05-17 08:01:23,已完成,支付宝,60.86,3
O001859,C01797,2025-12-04 09:28:13,已完成,微信支付,22.21,6
O001860,C01848,2025-12-08 09:47:35,已完成,支付宝,61.17,4
O001861,C01383,2025-06-06 17:22:42,已完成,微信支付,18.47,7
O001862,C01364,2025-11-08 14:12:10,待发货,微信支付,60.33,1
O001863,C00633,2024-05-24 12:14:37,已完成,微信支付,15.55,4
O001864,C01364,2024-12-20 10:41:06,已完成,支付宝,76.1,3
O001865,C01360,2024-06-12 09:34:35,已完成,支付宝,12.3,6
O001866,C00610,2025-01-03 13:30:22,已完成,支付宝,79.99,4
O001867,C00786,2025-07-30 19:30:06,已完成,微信支付,18.32,1
O001868,C01765,2025-09-07 23:19:48,已完成,微信支付,56.82,4
O001869,C00370,2024-01-06 01:56:10,已完成,支付宝,24.41,3
O001870,C01777,2024-10-27 05:13:47,已完成,支付宝,6.57,7
O001871,C00869,2025-12-28 16:50:21,待发货,微信支付,1.99,5
O001872,C01291,2025-04-08 03:46:41,已完成,支付宝,11.78,7
O001873,C01932,2024-08-08 14:00:42,已完成,未知,32.65,5
O001874,C01668,2024-10-27 10:10:25,已完成,银行卡,46.42,5
O001875,C00025,2024-08-28 04:33:40,已完成,支付宝,38.28,3
O001876,C00318,2024-12-11 12:09:26,已完成,微信支付,50.44,3
O001877,C00475,2024-12-08 12:51:36,已完成,微信支付,7.67,5
O001878,C00610,2025-01-31 17:26:13,已退款,微信支付,54.11,4
O001879,C01385,2024-12-23 19:50:25,已完成,微信支付,62.81,3
O001880,C01957,2025-02-09 22:07:08,待发货,银行卡,18.45,6
O001881,C00382,2024-02-02 10:01:24,已完成,支付宝,63.35,2
O001882,C01501,2024-02-29 16:38:00,已完成,微信支付,20.0,4
O001883,C01956,2024-10-10 18:48:24,已完成,银行卡,35.53,5
O001884,C01367,2025-10-10 23:59:51,已完成,微信支付,64.46,7
O001885,C01229,2025-07-30 15:47:21,已完成,银行卡,54.98,7
O001886,C01128,2024-04-16 05:44:29,已发货,微信支付,40.3,6
O001887,C00908,2025-01-19 08:03:51,待发货,微信支付,29.57,7
O001888,C00083,2025-04-19 05:36:00,已取消,支付宝,45.09,5
O001889,C01636,2025-01-05 04:42:40,已完成,微信支付,41.58,2
O001890,C01565,2025-06-10 07:23:31,待发货,微信支付,77.72,7
O001891,C00270,2025-12-30 11:59:20,已取消,银行卡,66.09,3
O001892,C00122,2024-04-05 18:59:15,已完成,支付宝,9.31,4
O001893,C01472,2025-02-08 06:51:35,已完成,银行卡,32.99,5
O001894,C01983,2025-02-05 04:52:25,已完成,支付宝,46.98,1
O001895,C00445,2025-03-20 03:34:23,已完成,微信支付,56.43,3
O001896,C01161,2024-05-27 04:49:40,已完成,支付宝,14.19,3
O001897,C00017,2025-05-12 10:04:23,待发货,银行卡,66.46,6
O001898,C00376,2024-02-18 09:13:48,已退款,微信支付,50.4,7
O001899,C00844,2025-06-28 09:39:17,待发货,微信支付,5.39,3
O001900,C01777,2025-05-28 07:07:42,已完成,支付宝,4.73,5
O001901,C01364,2024-09-04 10:48:33,已完成,银行卡,54.89,3
O001902,C00700,2025-12-25 15:10:53,已完成,微信支付,60.44,6
O001903,C00774,2025-08-25 01:20:24,已完成,支付宝,24.83,4
O001904,C01704,2025-03-01 21:15:14,已完成,微信支付,12.96,5
O001905,C00083,2025-12-26 07:32:23,已取消,支付宝,17.59,4
O001906,C01327,2025-08-26 03:04:39,已完成,支付宝,0.0,2
O001907,C00908,2024-05-07 04:48:25,已发货,微信支付,50.55,7
O001908,C00976,2025-04-10 13:53:53,已完成,微信支付,15.02,4
O001909,C00551,2025-04-03 12:44:09,已完成,支付宝,63.31,4
O001910,C00892,2025-05-21 02:11:18,已完成,微信支付,19.91,3
O001911,C00142,2025-11-14 11:17:58,已完成,银行卡,64.77,7
O001912,C00753,2025-01-17 05:13:47,待发货,货到付款,73.92,6
O001913,C01186,2024-03-20 21:36:04,已完成,支付宝,13.13,4
O001914,C00449,2025-01-04 07:53:56,已完成,银行卡,73.42,4
O001915,C01476,2025-07-28 23:52:25,待发货,银行卡,56.43,5
O001916,C01834,2024-09-28 13:57:38,已完成,支付宝,70.98,3
O001917,C00789,2024-02-01 23:41:01,已完成,支付宝,27.74,3
O001918,C01802,2024-08-13 13:13:09,待发货,微信支付,69.09,4
O001919,C01668,2025-06-05 03:23:41,已完成,未知,38.14,7
O001920,C01834,2024-03-28 15:17:15,已完成,微信支付,15.17,6
O001921,C00473,2024-10-14 11:03:07,已完成,微信支付,79.73,4
O001922,C00879,2024-05-04 19:48:40,已完成,支付宝,75.85,2
O001923,C01130,2024-12-31 09:34:13,已完成,微信支付,9.99,7
O001924,C00896,2024-05-09 04:58:51,已完成,微信支付,36.5,4
O001925,C01706,2024-04-15 02:50:10,已完成,支付宝,78.9,6
O001926,C01690,2025-06-10 17:38:01,已完成,微信支付,43.88,5
O001927,C00294,2024-05-21 05:02:23,已完成,银行卡,39.77,3
O001928,C01361,2024-05-19 16:26:19,已完成,货到付款,15.63,4
O001929,C01800,2025-04-11 03:28:38,已完成,支付宝,33.56,4
O001930,C01031,2024-02-17 01:40:14,已完成,微信支付,39.86,3
O001931,C01556,2024-02-07 17:34:58,待发货,支付宝,57.12,7
O001932,C01405,2024-11-24 08:46:25,已完成,微信支付,36.0,5
O001933,C01425,2024-10-04 13:01:42,已完成,支付宝,50.8,4
O001934,C01143,2025-03-06 00:06:46,已完成,微信支付,8.12,4
O001935,C00408,2025-12-27 04:57:53,已完成,支付宝,61.1,5
O001936,C01736,2024-11-27 02:26:30,已完成,微信支付,0.26,5
O001937,C00044,2025-03-30 06:49:13,已完成,货到付款,51.37,7
O001938,C00270,2025-11-05 06:51:31,已完成,微信支付,66.11,5
O001939,C01385,2025-01-07 08:07:25,已完成,支付宝,61.34,3
O001940,C01867,2025-07-23 05:42:36,已完成,微信支付,11.79,4
O001941,C01031,2025-03-09 10:10:14,已完成,支付宝,0.0,5
O001942,C00924,2025-05-11 21:09:30,已完成,银行卡,6.34,4
O001943,C01337,2025-11-10 02:14:57,已完成,微信支付,5.31,7
O001944,C01039,2024-01-01 21:45:41,已完成,微信支付,65.81,7
O001945,C01157,2025-10-24 09:05:57,已完成,微信支付,14.6,5
O001946,C00614,2025-01-22 13:40:06,待发货,支付宝,35.76,7
O001947,C01393,2025-04-21 16:22:39,已完成,支付宝,74.93,7
O001948,C00659,2024-12-13 17:15:01,已完成,银行卡,16.72,7
O001949,C00640,2024-07-14 22:14:12,已完成,银行卡,62.45,4
O001950,C00475,2024-03-10 23:20:49,已完成,微信支付,46.76,4
O001951,C00227,2025-11-18 02:20:06,已完成,银行卡,32.46,3
O001952,C00502,2025-05-02 09:18:28,已取消,银行卡,36.74,6
O001953,C00407,2025-09-30 12:31:04,已完成,支付宝,32.82,7
O001954,C01777,2024-08-04 12:59:17,已完成,微信支付,66.18,2
O001955,C01864,2024-07-26 23:27:07,已完成,支付宝,65.12,5
O001956,C01259,2024-09-08 15:11:27,已完成,支付宝,29.87,5
O001957,C01425,2024-06-23 09:36:38,已完成,微信支付,55.78,4
O001958,C01579,2025-01-23 22:49:39,待发货,微信支付,42.55,2
O001959,C00291,2025-11-11 17:35:55,已完成,支付宝,59.86,4
O001960,C01965,2025-10-02 19:31:07,已完成,支付宝,4.0,4
O001961,C00496,2025-01-20 15:40:24,待发货,微信支付,26.88,5
O001962,C00201,2024-09-19 01:52:31,已完成,银行卡,26.86,2
O001963,C00033,2025-04-24 23:04:05,已完成,微信支付,47.74,4
O001964,C01966,2025-04-25 17:58:06,已完成,微信支付,16.61,7
O001965,C00339,2025-06-05 03:53:18,已完成,微信支付,42.54,7
O001966,C01396,2025-02-26 06:57:51,已完成,支付宝,78.39,4
O001967,C00433,2024-01-31 08:29:35,已发货,微信支付,3.48,5
O001968,C01364,2024-03-19 06:51:33,已完成,支付宝,40.28,3
O001969,C01128,2025-12-14 14:04:33,已完成,支付宝,11.06,3
O001970,C01166,2025-07-01 13:24:48,已完成,微信支付,46.59,2
O001971,C00109,2025-11-22 05:52:32,已完成,微信支付,19.27,7
O001972,C01364,2024-09-11 16:16:43,已完成,支付宝,72.2,5
O001973,C00611,2025-02-26 06:45:18,待发货,支付宝,25.44,5
O001974,C01523,2024-08-28 03:19:48,已完成,微信支付,76.67,3
O001975,C00836,2025-11-01 22:35:01,已完成,支付宝,0.33,4
O001976,C01385,2024-08-02 07:39:20,已完成,支付宝,66.57,6
O001977,C00258,2025-06-08 05:52:15,已完成,货到付款,20.93,3
O001978,C00563,2024-06-01 17:20:08,已完成,支付宝,16.13,3
O001979,C01197,2024-04-12 18:47:32,已完成,微信支付,70.73,4
O001980,C00170,2024-05-19 03:26:53,待发货,支付宝,24.35,6
O001981,C01777,2025-02-21 01:23:09,已完成,微信支付,46.71,4
O001982,C00563,2025-09-07 20:04:53,已完成,支付宝,58.94,5
O001983,C01474,2025-12-31 12:04:51,已完成,微信支付,33.54,5
O001984,C01476,2025-05-02 10:46:52,已完成,银行卡,8.11,3
O001985,C00142,2025-02-25 10:06:00,已完成,支付宝,73.79,3
O001986,C00170,2025-07-27 14:06:59,已完成,银行卡,51.8,5
O001987,C00291,2024-03-08 16:11:25,已完成,支付宝,71.39,6
O001988,C01374,2025-08-12 01:20:35,已发货,微信支付,61.42,3
O001989,C00592,2025-07-09 06:09:18,已完成,微信支付,61.92,4
O001990,C01031,2025-02-21 22:35:30,已完成,微信支付,47.19,4
O001991,C01367,2024-01-27 04:49:33,已完成,银行卡,0.5,5
O001992,C01949,2024-06-11 21:31:47,已完成,银行卡,70.61,5
O001993,C01186,2024-10-08 09:39:20,已完成,微信支付,66.47,6
O001994,C01501,2025-11-15 04:53:06,已完成,支付宝,58.16,3
O001995,C01983,2025-05-12 14:53:35,待发货,微信支付,70.25,4
O001996,C01325,2025-02-03 15:39:46,已完成,支付宝,14.74,2
O001997,C00777,2025-01-13 08:04:00,已完成,银行卡,22.55,7
O001998,C00142,2025-07-23 19:47:48,已完成,微信支付,12.57,4
O001999,C01669,2024-08-29 01:45:48,已完成,微信支付,51.73,3
O002000,C00603,2024-04-04 02:18:34,已完成,支付宝,35.07,6
O002001,C01872,2025-06-03 14:09:56,已完成,微信支付,8.21,2
O002002,C00659,2024-09-02 13:07:23,已完成,微信支付,46.05,2
O002003,C01797,2024-08-31 16:16:08,已完成,微信支付,27.12,2
O002004,C01165,2024-12-16 20:44:39,已完成,支付宝,39.24,2
O002005,C00953,2024-07-01 22:56:36,已完成,货到付款,20.91,3
O002006,C01130,2025-11-06 12:09:54,已完成,银行卡,12.89,2
O002007,C01385,2025-09-08 12:24:13,已完成,支付宝,36.07,5
O002008,C01345,2025-12-26 22:50:09,已完成,支付宝,18.09,2
O002009,C00337,2025-12-08 23:05:40,已发货,支付宝,32.4,6
O002010,C00478,2024-08-22 01:56:18,待发货,支付宝,30.58,4
O002011,C01658,2024-10-19 12:01:11,已发货,微信支付,75.23,7
O002012,C00850,2025-06-10 22:16:40,已发货,微信支付,14.95,3
O002013,C00292,2024-01-19 01:01:11,待发货,支付宝,22.92,4
O002014,C01166,2025-12-28 23:45:49,已完成,货到付款,0.0,4
O002015,C01861,2024-01-13 17:25:18,已完成,支付宝,23.67,2
O002016,C01960,2025-02-23 03:26:39,已完成,货到付款,0.0,4
O002017,C01081,2025-05-31 15:32:34,已完成,微信支付,60.96,4
O002018,C00867,2025-11-02 10:17:35,已发货,微信支付,0.35,6
O002019,C00496,2025-05-16 08:45:18,已完成,货到付款,76.52,3
O002020,C00142,2025-04-14 14:25:05,已完成,微信支付,37.03,6
O002021,C01648,2024-08-11 17:47:38,已完成,支付宝,60.76,4
O002022,C01777,2025-04-10 21:38:26,已完成,微信支付,73.66,3
O002023,C00819,2025-07-03 10:40:58,已完成,银行卡,70.14,7
O002024,C00685,2025-02-08 03:59:53,已完成,微信支付,17.63,7
O002025,C00205,2025-07-22 20:30:04,已完成,银行卡,44.41,5
O002026,C01474,2024-03-13 08:18:21,已完成,微信支付,32.85,3
O002027,C00291,2024-09-08 18:43:24,已完成,微信支付,42.59,6
O002028,C00433,2025-12-03 19:42:22,已完成,银行卡,62.37,7
O002029,C00637,2024-08-29 01:29:43,已完成,微信支付,28.36,3
O002030,C01322,2025-05-01 09:20:21,已退款,微信支付,38.18,6
O002031,C01736,2025-02-12 02:55:09,已完成,支付宝,48.64,2
O002032,C00083,2025-11-12 14:15:21,已完成,微信支付,21.65,4
O002033,C01246,2024-05-25 19:04:47,待发货,微信支付,48.53,7
O002034,C01345,2024-08-11 13:37:24,待发货,未知,11.91,6
O002035,C00755,2025-09-20 07:04:17,已完成,支付宝,49.73,5
O002036,C01835,2025-05-30 23:45:46,已完成,微信支付,11.46,2
O002037,C00620,2025-03-04 02:50:03,已发货,银行卡,62.05,1
O002038,C01208,2024-11-01 03:43:27,已完成,支付宝,15.52,4
O002039,C01130,2024-11-08 08:14:06,已完成,微信支付,51.69,7
O002040,C00033,2025-11-11 22:56:36,已完成,支付宝,46.5,6
O002041,C00617,2025-06-01 21:05:53,待发货,支付宝,34.03,5
O002042,C00325,2025-11-09 13:06:26,待发货,支付宝,51.64,7
O002043,C00763,2025-12-13 22:18:58,已完成,支付宝,67.72,6
O002044,C01476,2025-03-08 21:32:52,已取消,支付宝,9.61,4
O002045,C00053,2025-04-23 14:42:43,已完成,微信支付,54.11,5
O002046,C00858,2025-05-24 02:17:10,已完成,支付宝,32.81,3
O002047,C01579,2025-09-02 21:54:01,已完成,微信支付,53.91,3
O002048,C01383,2025-05-25 15:49:07,已完成,货到付款,70.0,4
O002049,C01432,2024-04-19 03:13:20,已完成,支付宝,52.23,3
O002050,C01564,2025-11-16 20:03:24,已完成,支付宝,12.79,4
O002051,C01079,2025-05-26 09:42:12,已完成,支付宝,33.29,3
O002052,C00251,2025-09-27 18:10:58,已完成,微信支付,43.96,5
O002053,C00526,2024-11-16 06:16:44,已完成,微信支付,10.15,5
O002054,C00463,2024-12-30 00:46:41,待发货,微信支付,51.49,5
O002055,C00184,2025-06-07 10:11:39,已完成,支付宝,57.06,5
O002056,C01345,2025-07-20 10:21:36,已发货,支付宝,61.0,4
O002057,C00637,2024-03-21 20:55:52,已完成,微信支付,9.59,6
O002058,C01186,2024-11-07 02:40:23,已完成,支付宝,56.41,3
O002059,C01312,2025-07-16 21:37:08,待发货,微信支付,29.29,3
O002060,C00563,2025-12-27 03:59:17,已完成,支付宝,16.9,4
O002061,C00122,2024-01-14 22:46:13,已完成,微信支付,41.95,3
O002062,C00031,2024-07-16 16:27:57,已取消,银行卡,45.82,3
O002063,C01754,2024-12-23 08:39:34,已完成,支付宝,36.54,7
O002064,C01872,2024-06-19 22:31:25,已完成,支付宝,67.27,2
O002065,C00953,2024-02-01 08:21:01,已完成,支付宝,12.46,4
O002066,C01676,2025-03-01 15:58:42,已完成,银行卡,32.57,5
O002067,C00807,2025-05-19 00:35:38,已完成,支付宝,21.36,7
O002068,C00867,2024-11-10 02:44:48,已发货,微信支付,3.9,3
O002069,C00124,2024-10-08 08:24:07,已完成,微信支付,27.13,6
O002070,C00783,2025-12-22 05:11:39,已完成,微信支付,0.0,3
O002071,C00867,2025-01-01 05:07:21,已完成,支付宝,41.86,2
O002072,C00122,2025-08-04 09:48:13,已完成,支付宝,33.5,1
O002073,C00610,2024-08-02 14:31:13,已完成,微信支付,37.98,7
O002074,C01551,2025-08-27 03:30:17,已退款,微信支付,25.0,2
O002075,C01983,2025-08-22 18:07:43,已完成,支付宝,9.77,2
O002076,C00637,2024-07-19 20:47:01,已完成,支付宝,47.23,3
O002077,C01648,2025-05-23 20:15:56,已完成,支付宝,65.23,5
O002078,C01405,2025-06-05 04:35:58,已发货,支付宝,63.12,4
O002079,C01026,2024-12-06 21:21:58,已完成,微信支付,18.67,3
O002080,C01818,2025-07-19 03:13:50,已完成,支付宝,34.74,4
O002081,C01540,2024-08-16 02:09:19,已完成,支付宝,44.17,7
O002082,C01280,2025-01-09 17:48:24,已完成,支付宝,64.2,3
O002083,C01136,2025-12-25 18:05:07,已取消,微信支付,15.72,3
O002084,C00095,2024-06-02 03:00:53,已完成,银行卡,10.58,3
O002085,C00170,2024-05-14 09:18:46,已完成,微信支付,74.53,3
O002086,C00193,2024-05-10 09:53:09,已完成,微信支付,11.66,6
O002087,C00819,2025-12-30 17:42:59,待发货,微信支付,79.13,6
O002088,C01983,2024-05-23 12:49:02,已完成,银行卡,47.92,7
O002089,C01872,2024-06-07 14:12:46,已完成,支付宝,39.92,5
O002090,C01736,2025-06-09 01:58:08,已发货,微信支付,15.12,3
O002091,C00337,2025-07-10 23:07:44,待发货,微信支付,68.84,6
O002092,C00725,2025-02-19 13:02:53,已完成,微信支付,13.77,3
O002093,C00337,2025-12-20 16:28:57,已完成,支付宝,32.1,4
O002094,C01142,2024-02-13 11:26:09,已完成,支付宝,3.84,3
O002095,C00637,2025-04-30 05:17:09,已取消,支付宝,1.8,2
O002096,C00033,2025-04-21 16:10:04,已完成,支付宝,58.37,4
O002097,C00017,2024-08-27 06:19:49,已完成,银行卡,16.62,5
O002098,C01482,2025-10-22 05:22:11,已完成,支付宝,48.06,5
O002099,C01677,2025-03-12 13:36:23,已发货,银行卡,57.87,4
O002100,C01327,2024-07-03 08:21:24,已完成,支付宝,39.34,5
O002101,C00268,2024-03-30 21:14:21,已完成,支付宝,52.51,3
O002102,C01756,2024-04-13 15:35:29,已发货,支付宝,19.29,5
O002103,C01671,2025-10-20 08:34:20,已完成,银行卡,65.43,4
O002104,C00083,2024-07-06 00:26:14,已完成,微信支付,16.5,6
O002105,C00227,2025-10-30 08:06:23,已完成,支付宝,47.25,3
O002106,C01405,2024-04-24 02:57:48,待发货,支付宝,66.87,3
O002107,C00850,2025-12-21 05:31:07,已完成,货到付款,63.46,2
O002108,C01554,2025-08-29 06:16:57,已完成,微信支付,4.1,5
O002109,C00270,2024-04-21 15:43:24,待发货,支付宝,29.37,6
O002110,C01430,2024-03-28 02:25:17,已发货,微信支付,68.21,6
O002111,C01476,2025-08-08 03:09:26,已完成,银行卡,68.08,4
O002112,C01967,2024-03-21 00:42:55,已完成,银行卡,50.91,4
O002113,C01631,2024-07-14 22:05:48,已完成,支付宝,8.68,4
O002114,C01258,2025-08-06 23:16:49,已完成,支付宝,32.34,5
O002115,C01548,2025-10-30 07:39:13,已完成,支付宝,76.89,7
O002116,C00554,2025-07-15 10:43:53,待发货,支付宝,8.52,4
O002117,C00465,2025-10-14 07:59:42,已完成,微信支付,64.11,4
O002118,C01367,2025-03-18 12:42:03,已完成,银行卡,33.43,6
O002119,C00582,2025-07-22 13:13:25,已完成,支付宝,59.58,4
O002120,C00031,2024-09-15 06:42:50,待发货,微信支付,4.34,2
O002121,C01998,2025-07-26 15:45:31,已完成,支付宝,0.83,4
O002122,C01668,2025-06-04 00:40:35,已完成,微信支付,24.05,6
O002123,C01777,2025-03-29 15:44:22,已完成,支付宝,69.61,4
O002124,C01418,2025-12-27 18:49:02,已退款,支付宝,54.38,3
O002125,C01425,2024-12-27 01:34:53,已完成,支付宝,48.95,5
O002126,C01932,2025-04-29 17:59:45,已完成,微信支付,79.81,5
O002127,C00819,2025-02-03 17:38:16,已取消,支付宝,27.78,4
O002128,C00640,2024-07-13 23:03:14,已完成,支付宝,68.02,4
O002129,C00450,2024-09-04 19:10:31,已完成,支付宝,8.77,5
O002130,C00011,2025-12-18 00:29:47,已完成,支付宝,13.66,7
O002131,C00349,2024-10-30 01:26:05,已完成,支付宝,38.25,4
O002132,C00973,2025-06-04 03:48:37,已完成,支付宝,76.76,3
O002133,C00908,2025-03-23 13:40:50,已完成,微信支付,56.27,4
O002134,C00337,2025-10-14 17:00:29,已完成,微信支付,9.0,2
O002135,C01534,2025-07-08 15:27:03,已取消,支付宝,76.39,5
O002136,C00610,2024-03-23 07:32:01,已完成,银行卡,61.26,5
O002137,C00142,2024-09-25 04:58:09,已完成,微信支付,58.93,2
O002138,C00120,2025-06-15 01:39:53,已完成,支付宝,44.12,5
O002139,C00563,2024-05-24 08:10:27,已完成,支付宝,31.48,5
O002140,C00924,2025-01-28 07:11:08,已退款,微信支付,8.79,4
O002141,C01176,2024-08-24 07:18:54,已完成,微信支付,49.58,5
O002142,C01165,2024-03-09 02:24:49,已完成,支付宝,10.22,3
O002143,C00610,2025-12-30 06:06:08,已完成,微信支付,47.2,4
O002144,C00170,2025-11-09 20:47:41,已完成,微信支付,43.17,4
O002145,C00193,2025-07-02 05:04:19,已完成,银行卡,47.72,3
O002146,C00150,2024-06-11 21:04:04,已完成,货到付款,66.14,4
O002147,C01028,2025-12-24 02:07:03,待发货,微信支付,32.89,3
O002148,C00582,2025-05-07 15:08:32,已完成,微信支付,34.93,6
O002149,C01872,2025-12-09 02:33:50,已完成,支付宝,4.8,4
O002150,C01329,2024-02-17 09:49:57,已完成,货到付款,23.02,6
O002151,C01405,2024-06-01 22:56:42,已发货,货到付款,6.48,5
O002152,C01311,2025-06-03 18:48:55,已完成,货到付款,11.34,4
O002153,C00953,2025-10-30 12:41:14,已完成,支付宝,34.14,7
O002154,C00433,2024-06-02 15:35:08,已发货,货到付款,32.58,4
O002155,C01491,2024-08-24 15:18:06,已发货,微信支付,74.87,5
O002156,C00227,2025-04-08 19:24:10,已完成,未知,9.55,4
O002157,C01991,2025-12-31 14:52:45,已完成,支付宝,11.94,2
O002158,C01386,2025-08-05 12:06:09,已完成,支付宝,60.07,4
O002159,C00919,2025-11-06 01:49:25,已完成,银行卡,1.79,2
O002160,C00227,2025-06-02 23:48:45,已完成,支付宝,52.08,4
O002161,C00315,2025-10-03 13:03:55,已完成,银行卡,59.8,4
O002162,C01066,2025-01-31 06:14:09,已完成,微信支付,50.32,3
O002163,C00554,2024-04-27 03:18:11,已完成,微信支付,23.02,5
O002164,C00592,2025-06-14 14:54:03,已完成,支付宝,8.29,3
O002165,C01472,2025-04-17 18:26:06,待发货,支付宝,79.53,2
O002166,C01594,2025-01-10 19:46:23,已完成,微信支付,68.75,4
O002167,C00085,2024-07-24 21:36:18,已完成,微信支付,58.45,5
O002168,C01848,2025-07-26 21:04:58,已退款,银行卡,14.96,1
O002169,C00287,2025-08-19 14:40:26,已完成,银行卡,34.47,5
O002170,C00976,2024-10-03 22:38:18,已完成,支付宝,56.79,6
O002171,C01474,2025-11-08 01:52:28,已完成,支付宝,8.11,4
O002172,C00908,2024-10-08 09:55:43,已完成,银行卡,76.59,4
O002173,C01166,2024-04-14 11:35:20,已完成,微信支付,76.42,3
O002174,C01130,2024-05-27 16:52:08,已完成,支付宝,12.04,3
O002175,C01815,2025-01-19 07:08:25,已完成,支付宝,15.76,7
O002176,C00316,2024-03-22 06:36:37,已完成,货到付款,29.13,5
O002177,C01601,2025-06-17 21:34:18,已发货,微信支付,36.05,2
O002178,C00408,2025-08-02 15:10:34,已完成,货到付款,35.26,4
O002179,C00819,2025-03-09 15:32:19,已完成,支付宝,55.06,5
O002180,C01061,2025-10-17 04:40:54,已取消,微信支付,37.62,3
O002181,C00353,2025-11-28 12:24:53,已完成,支付宝,14.74,5
O002182,C01648,2024-12-11 10:39:42,已完成,微信支付,20.88,4
O002183,C01401,2024-03-30 14:44:50,已完成,支付宝,32.9,3
O002184,C00628,2024-06-23 22:35:07,已完成,支付宝,41.54,4
O002185,C00563,2025-05-24 06:23:39,已完成,支付宝,73.84,3
O002186,C01078,2024-11-06 19:15:24,已取消,支付宝,7.7,3
O002187,C00445,2025-06-06 15:39:46,已完成,银行卡,64.35,3
O002188,C00330,2025-05-30 11:54:00,已完成,微信支付,24.87,4
O002189,C00017,2025-04-20 22:27:11,待发货,银行卡,58.16,5
O002190,C01043,2024-05-21 03:30:14,已完成,银行卡,20.66,6
O002191,C01865,2024-07-31 16:54:33,已完成,支付宝,30.81,3
O002192,C00382,2024-10-16 09:17:58,已完成,微信支付,35.46,4
O002193,C01867,2025-08-22 16:48:53,已完成,货到付款,60.06,3
O002194,C01569,2025-06-05 03:15:27,已完成,银行卡,13.3,6
O002195,C01209,2025-05-16 17:15:00,已完成,未知,27.72,3
O002196,C01544,2025-06-01 01:16:52,已完成,微信支付,42.28,3
O002197,C00475,2025-01-28 08:03:34,已完成,银行卡,52.61,6
O002198,C01932,2024-02-13 21:27:01,已完成,微信支付,6.09,4
O002199,C00270,2024-06-11 15:21:38,已发货,支付宝,7.58,5
O002200,C01690,2024-05-09 11:13:52,已完成,支付宝,57.48,6
O002201,C00592,2024-03-08 07:45:52,已取消,支付宝,29.29,6
O002202,C00455,2024-08-26 02:31:53,已完成,微信支付,13.25,2
O002203,C01364,2025-07-28 02:11:58,已完成,支付宝,21.06,3
O002204,C00696,2024-04-20 17:11:39,已完成,微信支付,47.86,5
O002205,C00725,2024-04-17 06:48:36,已完成,支付宝,76.26,4
O002206,C00725,2024-04-27 01:16:06,已完成,微信支付,58.55,3
O002207,C00358,2024-07-20 10:23:37,已完成,支付宝,63.76,4
O002208,C01327,2024-06-11 09:07:52,已完成,支付宝,48.68,7
O002209,C01785,2024-01-17 22:48:48,已取消,货到付款,29.69,2
O002210,C00704,2024-07-25 05:21:53,已完成,支付宝,76.98,6
O002211,C00789,2025-12-29 06:42:10,已完成,支付宝,6.5,5
O002212,C00065,2024-09-09 03:24:12,已退款,货到付款,64.69,7
O002213,C00908,2024-06-15 04:48:51,已完成,银行卡,20.66,5
O002214,C00407,2025-01-20 12:24:56,已完成,支付宝,48.63,5
O002215,C00227,2024-06-22 05:53:31,已完成,支付宝,78.59,2
O002216,C00337,2025-03-17 17:43:52,已完成,微信支付,67.38,6
O002217,C01163,2024-11-03 19:28:40,已完成,支付宝,68.01,4
O002218,C01448,2025-10-20 11:29:12,已完成,银行卡,65.85,5
O002219,C00105,2025-11-08 05:37:30,已完成,货到付款,36.3,3
O002220,C01430,2025-06-15 19:41:23,已完成,微信支付,31.44,4
O002221,C00567,2024-06-16 23:42:47,已完成,微信支付,41.48,2
O002222,C00122,2024-12-29 22:01:20,已完成,银行卡,22.81,6
O002223,C00234,2024-08-15 22:15:10,已完成,银行卡,38.25,6
O002224,C01526,2025-08-04 19:26:29,已完成,支付宝,10.14,5
O002225,C01220,2024-02-03 17:32:29,已完成,微信支付,71.4,4
O002226,C00193,2025-05-27 22:05:53,已发货,支付宝,58.85,4
O002227,C01080,2024-08-29 08:11:00,待发货,支付宝,4.96,5
O002228,C00611,2025-01-05 22:27:52,已发货,微信支付,52.8,4
O002229,C00399,2024-08-29 00:26:12,已完成,微信支付,60.7,4
O002230,C00502,2024-10-04 19:36:10,已完成,微信支付,68.93,6
O002231,C00663,2025-06-02 08:04:25,已完成,支付宝,26.33,2
O002232,C01209,2025-04-13 07:47:33,已完成,微信支付,50.46,4
O002233,C01330,2024-07-02 16:18:55,待发货,支付宝,22.09,7
O002234,C00473,2024-02-18 04:33:32,已完成,微信支付,67.91,4
O002235,C01472,2025-09-15 23:56:08,已完成,支付宝,70.01,7
O002236,C00748,2025-01-17 17:22:27,已完成,货到付款,6.12,3
O002237,C01867,2025-04-29 00:18:55,已完成,支付宝,22.81,2
O002238,C01160,2025-01-13 20:15:42,已完成,微信支付,8.22,2
O002239,C01425,2025-04-29 02:39:13,已发货,未知,31.9,3
O002240,C01478,2025-05-04 19:57:38,已完成,微信支付,0.41,5
O002241,C01744,2024-01-18 19:33:44,待发货,支付宝,62.63,7
O002242,C01704,2025-02-24 15:11:16,已完成,微信支付,34.52,2
O002243,C01337,2025-01-27 14:56:31,已完成,货到付款,42.74,3
O002244,C01764,2024-04-05 19:02:20,已完成,微信支付,59.41,3
O002245,C00704,2025-07-01 20:24:10,已完成,银行卡,56.99,7
O002246,C00819,2024-06-26 16:07:53,已完成,支付宝,25.17,1
O002247,C01969,2024-02-29 04:01:19,已完成,微信支付,62.62,6
O002248,C00637,2025-08-08 15:59:19,已完成,银行卡,51.26,2
O002249,C00408,2025-09-22 04:05:06,已完成,支付宝,17.45,6
O002250,C00444,2024-06-29 01:54:26,已完成,支付宝,2.34,3
O002251,C00017,2025-06-07 03:32:38,已完成,银行卡,60.49,5
O002252,C01173,2024-01-06 11:19:58,已完成,微信支付,13.25,5
O002253,C01383,2025-06-18 23:51:46,已完成,微信支付,9.01,4
O002254,C01548,2024-12-23 00:00:51,已完成,银行卡,33.63,7
O002255,C01694,2025-07-31 01:41:59,已取消,微信支付,73.74,6
O002256,C01405,2024-10-31 02:46:41,已完成,货到付款,57.45,6
O002257,C00834,2024-09-21 04:21:51,已完成,微信支付,63.84,4
O002258,C01983,2025-09-04 12:18:18,已完成,支付宝,21.59,7
O002259,C00188,2024-02-12 19:00:42,已完成,支付宝,66.8,5
O002260,C00016,2024-06-06 01:01:37,已完成,支付宝,33.23,3
O002261,C01914,2024-11-09 19:02:27,已完成,货到付款,78.35,3
O002262,C00170,2025-04-13 21:27:38,已发货,微信支付,45.58,6
O002263,C01393,2024-01-07 01:31:43,待发货,支付宝,48.5,7
O002264,C01623,2025-03-29 10:25:24,已完成,微信支付,73.21,6
O002265,C01986,2024-10-17 19:42:50,已完成,微信支付,75.87,5
O002266,C01337,2025-05-06 16:21:02,已完成,微信支付,1.41,3
O002267,C00475,2025-10-30 04:47:19,已完成,支付宝,18.6,7
O002268,C00552,2024-12-04 03:39:21,已完成,支付宝,49.14,3
O002269,C00430,2025-03-14 10:56:49,已完成,微信支付,0.29,3
O002270,C00745,2024-12-22 20:43:30,已完成,货到付款,25.4,4
O002271,C01364,2024-04-22 22:07:55,已完成,微信支付,15.71,5
O002272,C01476,2025-08-01 11:33:57,已完成,银行卡,41.88,7
O002273,C00728,2025-10-10 12:39:27,已完成,微信支付,47.79,5
O002274,C00786,2025-08-13 13:00:43,已完成,支付宝,15.12,4
O002275,C00896,2025-11-21 11:02:14,已完成,微信支付,42.91,2
O002276,C00557,2024-12-26 15:01:06,已完成,支付宝,31.74,3
O002277,C00017,2025-05-21 06:10:29,已完成,银行卡,79.28,6
O002278,C00176,2024-05-28 12:52:18,已完成,支付宝,5.21,2
O002279,C00748,2025-12-17 14:14:43,已完成,微信支付,67.25,7
O002280,C01367,2025-04-02 13:11:31,已完成,支付宝,79.96,3
O002281,C01448,2024-07-14 23:26:08,已完成,支付宝,43.33,4
O002282,C00202,2025-08-09 17:23:27,已完成,微信支付,54.45,6
O002283,C00182,2025-04-06 17:59:24,已完成,支付宝,10.24,3
O002284,C01031,2025-11-23 19:06:00,已完成,货到付款,28.07,3
O002285,C00637,2025-07-16 12:50:32,已完成,微信支付,14.52,5
O002286,C00044,2025-10-03 07:13:56,已完成,支付宝,46.67,6
O002287,C00337,2025-03-07 12:18:53,已完成,银行卡,75.37,3
O002288,C01308,2025-02-10 22:29:54,已完成,支付宝,2.37,4
O002289,C01548,2025-07-08 21:58:53,已完成,支付宝,39.56,5
O002290,C00521,2024-04-12 08:14:55,已退款,微信支付,57.88,6
O002291,C00207,2024-02-28 11:20:05,已完成,微信支付,34.45,1
O002292,C00353,2025-12-21 06:39:25,已完成,微信支付,43.11,6
O002293,C01548,2025-11-03 00:40:32,已完成,支付宝,36.24,1
O002294,C00022,2025-11-29 07:22:50,待发货,微信支付,47.8,7
O002295,C00033,2024-03-07 02:07:22,已完成,支付宝,5.49,5
O002296,C00416,2024-07-20 08:47:42,已完成,支付宝,43.74,7
O002297,C00525,2025-10-25 01:54:46,已完成,微信支付,40.94,6
O002298,C00287,2024-03-31 07:36:30,已完成,支付宝,14.55,6
O002299,C01383,2024-12-14 17:52:14,已取消,支付宝,42.78,4
O002300,C01526,2024-09-13 20:15:04,已完成,支付宝,37.05,5
O002301,C01385,2025-10-05 21:51:26,已发货,支付宝,47.45,5
O002302,C00563,2025-02-10 13:48:10,已取消,微信支付,45.11,5
O002303,C00554,2024-08-04 13:54:38,已完成,支付宝,32.37,7
O002304,C01032,2025-02-16 23:55:14,已发货,支付宝,62.49,6
O002305,C00121,2024-04-18 13:20:52,已完成,支付宝,28.6,2
O002306,C00589,2025-06-22 02:07:53,已完成,支付宝,37.96,5
O002307,C00033,2025-04-29 22:44:50,已完成,微信支付,34.11,6
O002308,C00232,2025-04-17 14:40:39,已完成,支付宝,38.87,6
O002309,C00473,2024-11-30 15:38:06,已完成,微信支付,64.01,7
O002310,C00867,2024-08-07 02:37:58,已完成,微信支付,56.77,4
O002311,C00771,2024-03-09 11:02:03,已完成,微信支付,3.38,4
O002312,C01886,2025-11-20 11:40:33,已完成,银行卡,39.57,2
O002313,C00050,2024-11-10 19:29:48,已完成,支付宝,9.98,1
O002314,C00974,2025-01-20 09:01:05,已完成,银行卡,58.35,4
O002315,C01052,2024-10-14 08:51:29,已完成,支付宝,78.94,4
O002316,C00725,2025-12-24 16:01:28,已完成,银行卡,49.5,4
O002317,C00017,2025-08-03 00:14:11,已完成,支付宝,30.39,6
O002318,C00206,2024-04-05 17:17:06,已退款,支付宝,5.79,4
O002319,C01786,2025-04-22 00:46:54,已退款,微信支付,26.61,3
O002320,C01023,2025-01-09 05:04:54,已完成,支付宝,42.02,4
O002321,C01255,2025-08-01 11:23:05,已完成,支付宝,70.47,7
O002322,C00592,2025-12-30 04:21:16,已完成,微信支付,41.04,3
O002323,C00724,2025-06-30 00:24:23,已完成,微信支付,78.75,4
O002324,C00240,2025-09-22 10:52:11,已完成,微信支付,29.53,7
O002325,C01472,2025-01-27 16:19:03,已退款,微信支付,0.04,7
O002326,C00781,2024-10-12 05:21:30,已完成,支付宝,50.29,3
O002327,C01124,2025-05-15 06:24:26,已完成,支付宝,17.53,4
O002328,C00033,2025-07-03 16:23:48,已完成,银行卡,19.5,3
O002329,C00024,2024-06-20 22:57:17,待发货,支付宝,1.39,6
O002330,C01736,2025-01-28 12:16:30,已完成,支付宝,42.52,3
O002331,C01352,2024-04-19 13:06:18,已完成,支付宝,19.8,3
O002332,C01118,2024-06-16 19:25:02,已完成,支付宝,79.54,5
O002333,C00844,2025-10-07 01:05:43,已发货,微信支付,66.85,6
O002334,C01383,2024-05-12 23:47:44,已完成,支付宝,57.7,7
O002335,C00463,2025-08-13 11:53:39,已完成,微信支付,28.31,4
O002336,C01548,2024-10-11 09:49:02,已完成,支付宝,5.73,4
O002337,C01648,2025-05-28 14:48:41,已发货,微信支付,53.52,5
O002338,C01065,2025-11-01 21:25:36,已完成,支付宝,1.78,3
O002339,C01009,2025-07-23 22:41:26,已完成,银行卡,35.33,6
O002340,C00127,2025-08-23 18:23:37,已完成,支付宝,4.22,4
O002341,C01160,2024-07-14 11:51:06,已完成,微信支付,44.78,6
O002342,C01159,2024-09-30 03:11:12,已完成,支付宝,44.76,4
O002343,C00976,2025-06-22 04:08:07,已完成,支付宝,42.45,2
O002344,C01361,2025-07-21 20:58:26,已完成,银行卡,57.17,5
O002345,C00937,2025-07-30 03:21:53,已完成,银行卡,18.25,2
O002346,C00707,2025-06-27 11:18:00,已完成,微信支付,19.37,3
O002347,C00433,2024-06-23 09:40:26,已完成,银行卡,33.29,5
O002348,C00616,2024-08-03 17:20:17,已完成,微信支付,56.22,7
O002349,C01327,2025-11-15 08:44:56,已完成,微信支付,9.34,4
O002350,C00287,2025-03-13 16:25:37,已退款,微信支付,70.87,4
O002351,C00533,2025-07-06 12:47:13,已完成,微信支付,20.18,4
O002352,C01311,2025-04-15 21:04:17,已完成,支付宝,10.23,6
O002353,C00605,2025-11-07 04:43:34,已完成,微信支付,47.92,6
O002354,C01430,2025-09-26 18:19:02,已完成,微信支付,22.05,7
O002355,C01448,2024-07-14 17:25:04,已完成,微信支付,32.7,4
O002356,C00872,2025-10-10 19:55:40,已发货,银行卡,4.89,2
O002357,C00955,2024-08-11 11:28:48,已完成,支付宝,37.2,6
O002358,C01367,2024-12-04 07:04:44,已完成,支付宝,24.3,5
O002359,C01542,2025-09-12 12:27:10,已完成,银行卡,13.59,5
O002360,C01405,2024-08-29 23:14:51,已完成,支付宝,30.91,7
O002361,C00468,2024-08-04 04:28:13,已完成,微信支付,61.61,5
O002362,C00502,2025-05-31 15:13:52,已完成,银行卡,61.09,5
O002363,C00823,2025-12-31 05:38:17,已完成,支付宝,28.84,5
O002364,C01435,2024-05-02 18:14:29,已完成,支付宝,77.94,3
O002365,C01669,2025-06-11 10:27:57,已完成,银行卡,10.07,3
O002366,C01446,2025-02-19 20:57:24,已发货,微信支付,68.38,4
O002367,C00122,2024-11-08 03:38:40,已完成,微信支付,78.32,2
O002368,C00633,2025-07-04 02:42:35,待发货,银行卡,45.84,3
O002369,C00502,2025-03-14 22:46:04,已完成,支付宝,4.81,5
O002370,C00850,2025-08-04 08:55:47,已完成,支付宝,73.68,4
O002371,C00122,2025-06-29 02:53:21,已完成,货到付款,34.96,4
O002372,C01448,2025-12-22 20:51:28,已发货,银行卡,13.75,4
O002373,C01762,2025-08-13 09:20:18,已完成,银行卡,71.31,2
O002374,C01421,2024-03-10 22:37:59,已完成,微信支付,34.15,3
O002375,C00685,2025-07-22 10:49:33,已完成,银行卡,39.95,2
O002376,C00390,2025-05-19 18:33:38,已取消,支付宝,45.68,5
O002377,C00170,2024-03-31 13:07:31,已完成,支付宝,72.53,1
O002378,C01160,2025-04-20 11:30:18,已发货,微信支付,40.3,5
O002379,C00122,2025-07-04 11:12:35,已发货,支付宝,71.06,6
O002380,C00857,2024-06-09 06:41:47,已完成,微信支付,13.62,3
O002381,C01383,2024-11-27 17:51:05,已发货,银行卡,49.34,7
O002382,C00642,2025-03-04 12:42:09,已完成,支付宝,42.04,4
O002383,C00017,2024-11-09 00:33:09,已完成,支付宝,26.0,4
O002384,C01834,2025-10-02 09:35:56,已完成,微信支付,17.0,5
O002385,C01181,2024-05-29 09:32:34,已发货,支付宝,5.6,5
O002386,C00376,2025-07-17 21:26:20,已完成,支付宝,20.94,3
O002387,C00610,2025-07-21 10:13:11,已完成,银行卡,54.45,4
O002388,C00339,2024-12-11 13:40:41,已完成,支付宝,22.26,3
O002389,C00667,2025-03-01 01:20:31,已完成,微信支付,58.25,7
O002390,C00811,2024-05-18 09:09:37,已完成,支付宝,70.01,3
O002391,C01932,2024-06-09 06:48:42,已完成,微信支付,55.54,4
O002392,C00122,2025-02-23 11:33:05,已完成,支付宝,64.41,5
O002393,C00349,2024-06-19 21:31:40,已完成,支付宝,45.86,3
O002394,C01214,2025-08-10 22:31:43,已完成,微信支付,75.73,4
O002395,C01983,2025-04-27 06:04:16,已发货,微信支付,61.04,6
O002396,C01694,2024-03-02 14:32:18,已完成,支付宝,25.81,4
O002397,C01364,2024-09-27 22:32:35,已完成,支付宝,57.87,1
O002398,C00924,2025-09-17 05:30:22,已发货,微信支付,53.75,5
O002399,C01384,2024-07-25 10:00:55,已完成,支付宝,60.11,7
O002400,C01745,2025-06-17 12:45:05,已完成,支付宝,25.55,4
O002401,C01742,2024-04-03 00:36:10,已完成,微信支付,40.77,4
O002402,C00124,2025-11-09 11:45:48,已完成,微信支付,70.43,1
O002403,C01526,2024-12-12 02:30:40,已完成,微信支付,78.06,7
O002404,C01075,2025-01-16 07:19:51,待发货,支付宝,28.8,3
O002405,C01405,2025-03-26 02:49:01,已完成,微信支付,38.94,1
O002406,C01364,2024-10-02 17:21:08,已完成,货到付款,26.47,3
O002407,C00781,2025-06-19 20:27:50,已完成,支付宝,57.44,7
O002408,C00373,2024-01-17 06:00:48,已发货,支付宝,3.1,7
O002409,C00043,2024-05-24 00:09:49,已完成,货到付款,76.31,4
O002410,C01049,2024-06-06 11:06:53,已完成,微信支付,43.95,1
O002411,C01658,2025-05-10 02:25:13,已完成,支付宝,21.68,2
O002412,C01311,2025-10-15 10:15:05,已完成,微信支付,2.98,4
O002413,C00270,2024-03-08 13:19:17,已完成,微信支付,44.86,7
O002414,C01851,2025-09-13 11:45:59,待发货,银行卡,46.89,3
O002415,C01834,2025-08-19 12:40:31,已完成,微信支付,55.62,3
O002416,C00575,2024-03-19 13:47:00,已完成,银行卡,42.03,5
O002417,C01405,2024-05-11 03:48:44,待发货,银行卡,41.26,4
O002418,C01408,2024-09-20 16:14:50,已退款,支付宝,24.33,4
O002419,C01404,2024-04-19 16:36:07,待发货,支付宝,15.52,3
O002420,C01005,2025-07-09 03:52:33,已完成,银行卡,20.08,7
O002421,C01361,2025-01-29 10:18:44,已取消,微信支付,29.98,2
O002422,C00028,2024-11-08 06:22:57,已完成,支付宝,61.87,4
O002423,C00291,2025-06-19 09:31:36,已发货,微信支付,9.46,2
O002424,C00135,2024-08-06 18:47:20,已完成,微信支付,51.49,2
O002425,C00563,2025-09-28 14:08:54,已完成,微信支付,3.04,5
O002426,C01474,2025-05-22 21:28:21,已完成,微信支付,3.45,5
O002427,C01229,2024-09-17 13:14:37,已完成,微信支付,21.89,5
O002428,C00512,2025-03-02 01:42:50,已完成,支付宝,28.58,7
O002429,C00639,2024-07-13 17:14:31,待发货,支付宝,15.19,2
O002430,C00473,2025-12-22 01:21:42,已完成,银行卡,70.9,4
O002431,C01345,2024-11-28 08:20:50,已发货,支付宝,24.38,6
O002432,C01548,2025-10-20 22:04:36,已完成,银行卡,37.47,3
O002433,C01116,2025-12-17 23:40:25,已完成,银行卡,79.53,3
O002434,C00182,2025-02-26 03:15:38,已完成,银行卡,20.31,7
O002435,C00610,2025-06-21 23:29:24,已完成,微信支付,49.5,3
O002436,C01367,2025-03-28 23:41:40,已完成,微信支付,59.72,6
O002437,C01983,2024-04-01 21:47:04,已完成,支付宝,21.68,3
O002438,C00695,2025-11-26 19:55:02,待发货,微信支付,4.6,4
O002439,C01742,2024-12-17 01:07:28,已完成,银行卡,63.31,5
O002440,C00083,2025-10-18 02:37:07,已完成,支付宝,23.12,6
O002441,C00687,2025-05-23 14:19:43,已完成,银行卡,25.7,3
O002442,C00592,2024-04-12 02:46:10,已完成,微信支付,33.18,7
O002443,C00984,2024-11-11 06:23:29,待发货,银行卡,3.12,4
O002444,C00408,2024-06-09 23:00:10,已完成,微信支付,68.11,5
O002445,C01501,2024-05-30 21:51:55,已发货,支付宝,69.07,1
O002446,C00617,2025-06-15 06:45:50,已完成,银行卡,69.71,3
O002447,C00475,2024-02-04 12:19:00,已完成,支付宝,14.61,3
O002448,C00283,2025-12-09 12:50:23,已完成,支付宝,78.1,4
O002449,C01071,2024-12-12 06:24:56,已完成,微信支付,52.92,5
O002450,C00433,2025-01-14 05:24:29,已完成,银行卡,47.44,7
O002451,C00433,2024-08-11 10:17:50,已完成,支付宝,57.78,4
O002452,C01536,2024-03-27 14:29:05,已完成,银行卡,60.48,3
O002453,C01754,2025-04-08 19:59:25,已取消,支付宝,33.29,5
O002454,C01509,2024-09-16 20:03:52,待发货,支付宝,46.71,6
O002455,C01463,2025-05-03 00:35:11,已完成,支付宝,46.81,4
O002456,C01867,2025-03-15 15:10:00,已完成,支付宝,0.62,7
O002457,C01867,2024-06-16 14:07:44,已退款,支付宝,0.78,7
O002458,C01802,2024-12-21 01:03:04,已完成,微信支付,37.66,6
O002459,C00376,2024-08-17 20:16:18,已完成,支付宝,44.68,4
O002460,C00592,2024-06-29 14:43:48,已完成,微信支付,56.58,4
O002461,C01093,2025-07-16 17:44:53,已完成,微信支付,60.22,5
O002462,C01282,2024-01-14 15:47:07,已完成,支付宝,46.86,5
O002463,C01256,2024-07-19 08:08:29,已完成,支付宝,22.75,2
O002464,C01692,2025-02-23 04:06:47,已完成,支付宝,49.54,2
O002465,C01251,2024-12-31 09:58:23,已完成,货到付款,20.78,7
O002466,C00514,2025-11-14 18:55:21,已完成,支付宝,65.41,6
O002467,C01233,2025-09-06 15:42:32,已完成,未知,33.87,4
O002468,C01932,2025-07-05 15:50:46,待发货,支付宝,71.6,2
O002469,C01802,2025-02-07 03:48:02,已完成,微信支付,10.23,6
O002470,C00227,2024-11-21 00:34:03,已完成,支付宝,56.44,2
O002471,C00640,2024-02-10 16:28:06,已完成,微信支付,34.35,5
O002472,C00592,2025-08-20 22:58:20,已完成,货到付款,10.19,5
O002473,C01421,2024-11-23 08:40:16,已完成,支付宝,44.72,3
O002474,C00002,2024-08-27 10:52:28,已完成,微信支付,16.95,4
O002475,C01481,2025-04-21 22:12:18,已完成,支付宝,23.39,5
O002476,C00287,2025-07-06 05:13:37,已完成,微信支付,36.5,5
O002477,C00563,2025-02-15 12:37:19,已完成,微信支付,29.15,6
O002478,C00786,2024-05-15 02:57:50,已完成,微信支付,31.1,1
O002479,C00563,2025-11-06 06:37:18,已完成,银行卡,31.76,7
O002480,C00577,2024-04-18 08:26:14,已取消,微信支付,1.36,5
O002481,C00492,2025-12-12 16:01:51,已完成,支付宝,29.39,4
O002482,C01221,2024-12-06 07:09:39,已完成,支付宝,31.48,5
O002483,C01028,2025-11-20 11:13:02,已完成,银行卡,47.42,6
O002484,C00511,2025-11-03 07:12:09,已完成,银行卡,38.47,4
O002485,C00407,2024-11-06 03:42:02,已完成,银行卡,13.8,5
O002486,C00580,2025-08-05 19:41:47,已完成,支付宝,47.03,5
O002487,C00398,2024-03-31 16:22:37,待发货,支付宝,2.81,5
O002488,C00847,2024-03-25 15:59:55,已取消,银行卡,26.66,7
O002489,C01166,2024-09-25 13:23:19,待发货,微信支付,49.61,3
O002490,C00776,2025-04-23 03:26:02,已完成,微信支付,49.92,2
O002491,C01736,2024-01-11 12:31:27,已完成,银行卡,14.43,3
O002492,C00255,2025-02-08 16:34:04,已完成,微信支付,27.14,3
O002493,C00433,2025-12-16 11:11:08,已完成,微信支付,36.62,6
O002494,C00575,2025-09-17 17:18:47,已完成,微信支付,32.91,4
O002495,C01649,2024-06-24 07:41:22,已完成,微信支付,54.83,3
O002496,C00563,2025-02-20 12:50:52,已完成,货到付款,59.22,3
O002497,C01028,2024-05-31 09:25:30,已完成,微信支付,3.27,3
O002498,C01954,2024-07-15 23:06:38,已完成,支付宝,59.62,2
O002499,C00271,2025-11-06 04:51:50,已完成,微信支付,70.28,4
O002500,C01872,2025-12-30 06:34:27,已发货,支付宝,73.11,6
O002501,C01448,2024-07-01 16:26:19,已完成,支付宝,4.48,7
O002502,C01740,2024-06-15 01:35:46,已完成,支付宝,70.7,4
O002503,C00989,2024-10-22 12:49:49,已取消,支付宝,13.1,7
O002504,C01957,2024-12-09 00:00:17,已完成,支付宝,27.07,5
O002505,C01143,2024-03-30 12:21:49,待发货,微信支付,30.53,1
O002506,C01208,2024-05-14 07:56:59,已完成,支付宝,23.92,4
O002507,C01530,2024-11-17 04:18:11,已退款,银行卡,23.58,5
O002508,C01136,2024-06-26 11:58:50,已完成,银行卡,13.55,6
O002509,C01166,2025-09-07 07:16:05,已完成,微信支付,52.72,3
O002510,C01620,2025-07-05 01:28:53,已完成,银行卡,46.44,5
O002511,C01807,2025-02-27 12:04:53,已完成,银行卡,49.08,7
O002512,C00640,2024-11-25 13:43:51,已完成,银行卡,41.71,2
O002513,C01951,2025-08-27 15:14:20,已完成,银行卡,17.67,6
O002514,C00637,2024-05-27 21:50:55,已退款,货到付款,46.9,3
O002515,C00033,2025-10-12 16:07:33,已完成,微信支付,52.3,5
O002516,C01872,2024-02-23 19:07:03,已完成,微信支付,4.15,3
O002517,C00083,2025-11-06 15:28:50,已完成,货到付款,79.02,6
O002518,C00094,2024-05-07 16:05:54,已完成,支付宝,46.38,3
O002519,C00068,2025-08-14 19:19:18,已完成,支付宝,51.07,4
O002520,C00916,2024-01-21 15:41:14,已完成,微信支付,45.57,3
O002521,C01227,2025-08-16 12:30:34,已完成,微信支付,55.26,4
O002522,C00191,2025-04-05 17:33:21,已完成,货到付款,52.55,3
O002523,C01078,2024-01-22 23:05:38,已完成,微信支付,63.93,3
O002524,C00291,2025-07-19 11:40:22,已完成,支付宝,12.92,7
O002525,C01865,2024-04-09 05:05:13,已完成,微信支付,13.1,5
O002526,C01579,2025-03-02 09:34:13,已退款,货到付款,17.57,3
O002527,C01472,2024-09-05 00:47:39,已发货,微信支付,77.08,6
O002528,C01615,2025-07-09 07:43:26,已完成,银行卡,28.56,3
O002529,C01790,2025-09-13 21:21:00,已取消,微信支付,25.29,6
O002530,C00291,2024-12-23 02:09:30,已完成,货到付款,18.34,2
O002531,C01476,2025-07-09 21:49:47,已完成,微信支付,38.51,5
O002532,C01430,2025-11-03 13:12:08,待发货,银行卡,72.43,5
O002533,C01367,2025-06-07 07:29:14,已完成,支付宝,53.93,1
O002534,C00949,2024-08-28 11:14:21,已完成,微信支付,15.02,3
O002535,C01229,2024-12-22 21:01:55,已完成,微信支付,66.99,7
O002536,C00763,2024-06-22 02:24:20,已完成,支付宝,75.64,4
O002537,C01551,2024-12-19 13:33:50,已完成,支付宝,57.04,4
O002538,C00339,2024-07-03 06:45:40,已完成,微信支付,47.49,7
O002539,C01229,2025-08-10 12:43:59,已完成,微信支付,53.74,5
O002540,C01523,2025-04-23 18:49:34,已完成,银行卡,58.88,7
O002541,C01028,2025-05-08 22:48:19,已完成,支付宝,68.75,4
O002542,C00503,2024-04-16 06:24:42,已完成,支付宝,52.69,4
O002543,C00332,2024-01-02 15:20:05,已完成,支付宝,42.52,4
O002544,C01383,2025-07-29 10:36:47,已完成,微信支付,14.6,1
O002545,C01594,2025-03-04 12:28:14,已完成,微信支付,29.94,2
O002546,C01393,2025-11-09 03:17:40,已完成,微信支付,6.77,7
O002547,C01551,2025-02-28 20:01:34,已完成,货到付款,58.28,3
O002548,C01736,2024-06-16 04:28:14,已完成,微信支付,79.38,4
O002549,C01229,2025-06-10 00:28:28,已取消,支付宝,7.68,4
O002550,C01361,2025-06-11 18:56:30,已完成,微信支付,35.22,7
O002551,C01548,2024-03-09 09:48:46,已完成,未知,56.01,6
O002552,C01476,2025-06-08 01:16:27,已退款,支付宝,2.39,2
O002553,C00407,2024-06-15 16:06:03,已完成,支付宝,35.17,6
O002554,C01314,2024-07-09 06:47:04,已完成,银行卡,63.58,5
O002555,C00611,2024-02-05 23:29:39,已完成,微信支付,23.46,3
O002556,C00122,2025-05-04 23:02:53,已完成,银行卡,52.78,7
O002557,C00475,2025-06-22 13:45:26,已完成,货到付款,48.59,4
O002558,C01777,2024-06-22 11:20:05,已完成,货到付款,56.0,3
O002559,C01105,2025-07-31 10:10:10,已完成,微信支付,19.21,2
O002560,C01983,2025-07-11 14:39:58,已完成,支付宝,13.47,6
O002561,C00152,2024-11-08 21:47:42,已完成,货到付款,1.35,5
O002562,C01802,2024-03-12 15:46:01,已完成,支付宝,38.43,2
O002563,C01648,2024-07-27 02:16:15,已发货,微信支付,14.95,4
O002564,C00384,2024-05-26 04:35:43,待发货,银行卡,52.1,1
O002565,C01136,2025-12-02 15:27:37,已完成,银行卡,43.93,5
O002566,C01994,2025-08-17 08:52:17,已完成,银行卡,66.7,3
O002567,C00953,2024-03-21 11:11:41,已完成,支付宝,64.15,2
O002568,C00449,2025-02-06 09:49:54,已发货,支付宝,28.9,5
O002569,C01436,2024-07-18 14:20:54,待发货,支付宝,23.7,3
O002570,C00605,2024-02-06 05:37:49,已完成,微信支付,6.57,3
O002571,C00332,2024-08-28 01:30:21,已完成,银行卡,60.51,3
O002572,C01295,2024-04-29 05:20:01,已完成,微信支付,39.7,4
O002573,C00789,2024-06-19 16:13:23,已发货,微信支付,26.9,7
O002574,C01899,2024-09-01 14:21:01,已完成,银行卡,56.28,7
O002575,C01160,2024-11-07 19:36:34,已完成,微信支付,21.93,4
O002576,C01548,2024-12-26 02:36:36,已完成,微信支付,38.24,5
O002577,C01748,2025-02-12 03:37:20,已完成,银行卡,34.88,1
O002578,C01501,2024-10-08 03:39:08,已发货,银行卡,21.62,7
O002579,C00690,2025-01-23 13:03:31,已完成,银行卡,63.24,6
O002580,C00033,2024-11-11 13:23:00,已完成,微信支付,56.59,3
O002581,C00605,2025-12-08 03:18:16,已完成,支付宝,41.56,6
O002582,C01866,2024-03-11 10:23:58,已完成,微信支付,55.3,3
O002583,C00222,2025-04-06 01:22:54,已完成,微信支付,7.15,4
O002584,C00989,2024-06-08 14:10:37,已完成,微信支付,34.39,7
O002585,C00433,2024-10-14 13:57:22,已完成,支付宝,48.01,7
O002586,C01148,2025-03-07 00:00:00,已完成,支付宝,31.51,7
O002587,C00301,2025-07-10 02:35:39,已完成,微信支付,57.13,4
O002588,C00122,2025-12-17 16:27:29,已退款,银行卡,41.78,4
O002589,C01742,2025-01-18 21:42:42,已完成,货到付款,30.63,6
O002590,C00480,2024-07-11 20:49:09,已完成,微信支付,33.23,5
O002591,C00479,2025-07-31 13:38:49,已发货,银行卡,57.3,4
O002592,C01879,2024-06-18 12:45:48,已完成,支付宝,5.26,4
O002593,C01754,2025-02-01 19:16:25,已完成,支付宝,67.05,5
O002594,C00262,2025-09-08 20:59:01,已发货,支付宝,4.59,5
O002595,C01190,2024-11-05 21:05:27,已完成,支付宝,10.61,3
O002596,C01031,2025-03-15 09:40:22,已完成,微信支付,64.82,5
O002597,C01983,2024-04-23 11:08:45,已完成,支付宝,29.96,7
O002598,C01165,2024-03-01 01:14:14,已完成,微信支付,36.75,4
O002599,C01309,2025-12-23 04:49:01,已完成,微信支付,29.82,3
O002600,C00227,2024-06-03 09:40:58,已完成,支付宝,7.44,2
O002601,C01209,2024-09-08 19:38:14,已完成,微信支付,48.68,3
O002602,C00287,2025-01-29 10:49:04,已完成,支付宝,55.13,7
O002603,C00605,2024-10-13 14:16:51,已完成,支付宝,15.19,4
O002604,C00193,2024-04-06 20:38:43,已完成,微信支付,60.17,1
O002605,C00496,2024-06-09 11:12:16,待发货,银行卡,7.98,4
O002606,C01166,2025-01-18 08:28:28,已完成,微信支付,61.99,2
O002607,C00758,2024-12-01 17:24:41,已完成,支付宝,56.11,5
O002608,C00376,2025-08-04 07:37:48,已完成,微信支付,72.97,3
O002609,C01553,2024-08-20 09:03:22,已完成,微信支付,65.08,5
O002610,C00257,2025-11-14 21:01:12,已完成,银行卡,67.56,7
O002611,C01136,2024-07-29 10:01:00,已完成,银行卡,76.62,4
O002612,C01534,2024-09-05 06:15:51,已完成,微信支付,67.55,3
O002613,C01080,2025-11-23 20:34:48,已完成,微信支付,63.71,2
O002614,C01194,2025-09-04 15:09:57,已完成,支付宝,15.69,5
O002615,C00606,2024-08-24 18:59:44,已完成,微信支付,60.41,7
O002616,C01957,2024-11-01 07:24:12,已完成,银行卡,50.62,7
O002617,C01896,2025-09-05 18:18:14,已完成,微信支付,76.93,7
O002618,C00385,2024-03-28 22:53:14,已退款,微信支付,57.6,5
O002619,C01305,2024-08-07 03:10:27,待发货,微信支付,20.77,5
O002620,C00545,2025-02-23 04:11:57,已发货,微信支付,13.13,5
O002621,C00882,2025-08-25 13:22:41,已发货,银行卡,22.51,7
O002622,C00748,2025-03-22 17:04:26,已完成,支付宝,38.41,3
O002623,C01561,2025-01-14 00:40:44,已完成,微信支付,52.2,5
O002624,C00170,2025-12-06 13:46:50,已完成,微信支付,17.21,7
O002625,C00788,2024-04-21 03:21:24,已退款,微信支付,18.63,7
O002626,C01166,2025-07-23 23:52:50,已完成,支付宝,24.15,3
O002627,C01796,2024-04-29 17:00:01,已完成,支付宝,64.58,6
O002628,C01869,2025-06-22 23:31:18,已发货,微信支付,29.23,7
O002629,C00592,2025-03-04 05:43:10,已完成,支付宝,6.27,6
O002630,C00193,2024-07-16 19:22:10,已完成,支付宝,43.6,6
O002631,C00589,2025-03-04 09:56:12,已完成,货到付款,0.48,4
O002632,C00291,2025-10-05 02:25:21,已完成,支付宝,53.9,4
O002633,C00333,2024-12-28 11:55:43,已完成,微信支付,67.37,4
O002634,C01447,2024-01-08 11:39:35,已取消,微信支付,13.31,3
O002635,C00083,2024-03-02 12:13:26,已完成,银行卡,67.57,2
O002636,C00989,2025-05-08 20:49:29,已发货,微信支付,54.32,6
O002637,C00480,2025-06-03 06:01:10,已完成,微信支付,7.88,5
O002638,C01078,2024-11-04 15:11:44,已完成,支付宝,18.23,7
O002639,C01548,2024-07-01 04:46:45,已完成,未知,18.19,4
O002640,C01087,2025-06-16 21:54:32,已完成,支付宝,16.46,6
O002641,C00541,2024-08-14 10:23:48,已发货,未知,26.76,7
O002642,C01523,2024-03-17 19:39:48,已完成,微信支付,72.61,5
O002643,C00079,2024-11-08 06:41:48,已完成,支付宝,17.93,4
O002644,C00260,2025-03-01 07:44:06,已完成,银行卡,74.14,5
O002645,C00255,2025-12-09 23:54:05,已退款,微信支付,43.97,3
O002646,C01760,2025-04-11 04:05:26,已完成,微信支付,41.36,3
O002647,C01208,2024-06-13 13:11:03,已完成,货到付款,53.9,3
O002648,C01084,2025-08-28 07:55:00,已完成,微信支付,64.45,5
O002649,C00473,2024-08-04 09:32:07,已完成,支付宝,76.61,4
O002650,C01166,2025-12-03 16:31:07,已完成,微信支付,0.22,3
O002651,C00563,2024-08-31 18:24:19,已完成,支付宝,31.85,7
O002652,C01669,2025-11-01 11:21:19,已完成,支付宝,14.32,3
O002653,C00170,2025-10-04 15:14:49,已完成,支付宝,12.14,7
O002654,C01760,2025-09-21 01:23:54,已完成,微信支付,11.76,5
O002655,C01472,2024-02-13 05:04:10,已完成,微信支付,56.78,4
O002656,C00222,2025-09-11 17:17:22,已完成,支付宝,4.09,4
O002657,C00953,2025-06-18 15:59:30,已完成,微信支付,66.94,2
O002658,C01159,2024-09-07 01:09:16,已完成,支付宝,60.21,4
O002659,C01850,2025-01-15 21:43:19,已完成,支付宝,32.74,6
O002660,C01897,2025-05-13 09:02:40,已完成,银行卡,34.04,4
O002661,C00154,2025-11-17 07:44:25,已完成,微信支付,54.27,3
O002662,C00675,2025-07-23 11:15:42,已完成,微信支付,0.86,2
O002663,C01364,2024-11-20 09:42:04,已完成,银行卡,30.97,5
O002664,C01865,2025-05-16 12:29:28,已完成,未知,14.41,6
O002665,C01080,2024-06-05 03:46:18,已取消,微信支付,14.46,4
O002666,C00725,2024-11-16 03:40:17,已完成,货到付款,44.05,3
O002667,C00262,2025-07-30 23:33:28,已完成,支付宝,19.67,4
O002668,C00382,2025-04-21 17:44:18,已完成,支付宝,30.01,3
O002669,C00337,2025-07-25 08:57:45,已完成,支付宝,57.39,7
O002670,C01072,2025-02-03 20:35:11,已完成,支付宝,49.65,5
O002671,C01424,2024-10-18 19:10:53,已完成,微信支付,26.4,5
O002672,C01145,2025-06-29 16:06:21,已完成,微信支付,3.97,6
O002673,C00637,2024-04-03 17:32:31,已完成,支付宝,2.13,3
O002674,C01530,2025-12-18 22:25:10,已完成,支付宝,39.0,5
O002675,C01160,2025-11-22 20:36:55,待发货,支付宝,33.72,7
O002676,C00799,2025-10-06 06:40:38,已取消,支付宝,63.72,5
O002677,C00858,2025-10-09 17:11:46,已完成,微信支付,6.56,3
O002678,C01160,2025-02-04 03:44:53,待发货,支付宝,67.99,2
O002679,C00475,2025-01-23 12:59:59,已完成,微信支付,17.0,5
O002680,C01364,2025-08-19 01:19:15,已取消,银行卡,28.06,6
O002681,C00592,2024-07-29 04:55:19,已完成,支付宝,68.79,7
O002682,C00083,2025-09-11 17:55:14,已完成,支付宝,67.01,4
O002683,C01117,2024-06-11 08:25:30,已完成,支付宝,41.19,1
O002684,C00368,2025-10-05 03:47:53,已完成,微信支付,6.53,2
O002685,C00554,2025-03-03 23:55:44,已发货,支付宝,47.24,5
O002686,C01374,2025-09-06 22:51:34,已完成,微信支付,60.94,4
O002687,C00554,2025-01-18 05:23:28,已完成,支付宝,20.98,4
O002688,C00610,2025-04-22 14:39:43,待发货,微信支付,14.64,4
O002689,C00842,2025-11-08 07:35:28,已完成,支付宝,39.76,3
O002690,C00033,2024-11-11 19:24:53,已完成,微信支付,59.94,2
O002691,C01736,2024-06-18 16:38:33,已退款,微信支付,40.39,5
O002692,C01283,2024-04-01 10:56:39,已完成,支付宝,19.16,7
O002693,C00829,2025-04-09 22:01:40,已完成,支付宝,69.51,4
O002694,C01523,2025-04-24 17:54:44,已完成,微信支付,69.76,6
O002695,C00563,2025-04-30 03:22:28,已完成,支付宝,52.67,4
O002696,C00033,2024-02-11 10:49:23,已完成,银行卡,5.94,5
O002697,C00665,2024-02-01 19:06:24,已完成,支付宝,18.57,7
O002698,C00540,2025-10-19 12:53:56,已完成,支付宝,49.49,6
O002699,C00408,2025-06-09 02:26:06,已完成,微信支付,62.5,6
O002700,C00384,2024-04-18 18:54:42,已完成,微信支付,37.94,7
O002701,C01476,2024-03-17 11:25:57,已完成,微信支付,24.32,3
O002702,C01854,2024-05-24 05:44:04,已完成,货到付款,70.76,4
O002703,C01405,2025-08-10 19:35:37,已完成,微信支付,30.51,6
O002704,C00382,2025-06-18 21:12:35,已完成,微信支付,73.3,5
O002705,C01425,2025-05-12 14:14:20,已完成,微信支付,42.59,5
O002706,C01983,2025-05-13 17:32:05,已发货,银行卡,49.14,5
O002707,C00017,2025-09-18 05:29:40,已完成,微信支付,10.0,2
O002708,C00688,2024-09-06 17:36:31,已完成,银行卡,21.41,6
O002709,C01145,2024-08-28 21:48:45,已完成,支付宝,77.97,7
O002710,C01181,2024-11-17 05:46:05,已完成,银行卡,57.49,3
O002711,C00629,2025-12-25 22:03:56,已完成,银行卡,38.17,6
O002712,C01671,2025-03-14 02:29:37,已完成,支付宝,41.71,2
O002713,C01704,2025-03-08 10:08:26,已完成,货到付款,7.02,3
O002714,C00202,2025-08-12 01:30:27,已完成,货到付款,62.67,4
O002715,C00838,2024-06-02 10:32:57,已完成,微信支付,5.71,4
O002716,C01327,2024-11-06 15:59:33,待发货,未知,30.96,3
O002717,C01080,2025-05-14 20:23:34,待发货,支付宝,32.85,7
O002718,C00563,2025-12-24 03:27:38,已完成,银行卡,48.25,4
O002719,C01028,2024-05-19 21:30:18,已完成,支付宝,33.24,3
O002720,C01742,2024-12-14 23:07:15,已完成,支付宝,76.86,7
O002721,C00017,2025-10-28 01:03:45,已完成,微信支付,63.83,7
O002722,C01526,2025-06-19 23:42:19,已完成,银行卡,76.75,1
O002723,C00592,2025-04-26 21:18:02,已完成,微信支付,41.5,5
O002724,C00415,2024-07-11 00:21:28,已完成,支付宝,24.18,5
O002725,C00120,2024-06-06 01:59:00,已完成,微信支付,78.5,4
O002726,C01070,2024-10-13 17:14:33,已取消,支付宝,6.5,2
O002727,C01690,2024-07-10 10:54:38,已完成,银行卡,74.17,3
O002728,C00182,2025-08-11 06:37:55,已完成,微信支付,7.66,5
O002729,C00686,2025-06-17 09:15:36,已完成,银行卡,64.55,4
O002730,C00122,2025-08-30 08:57:21,待发货,银行卡,62.39,5
O002731,C01221,2024-05-31 23:37:38,已发货,微信支付,52.78,5
O002732,C01271,2024-08-18 05:18:35,已完成,支付宝,62.6,5
O002733,C01932,2025-07-15 02:27:44,已完成,微信支付,7.04,7
O002734,C00850,2024-05-25 19:22:55,已完成,微信支付,29.88,2
O002735,C01603,2024-05-12 20:50:05,已完成,银行卡,26.92,4
O002736,C00616,2024-10-21 21:27:43,已完成,微信支付,78.52,3
O002737,C00554,2024-06-05 23:02:48,已发货,支付宝,37.8,3
O002738,C01407,2024-03-21 00:41:19,已完成,微信支付,3.97,3
O002739,C00287,2024-08-21 18:45:24,已完成,微信支付,20.75,6
O002740,C00017,2025-10-02 06:23:24,已完成,支付宝,67.53,7
O002741,C00667,2024-03-02 10:55:22,待发货,微信支付,71.33,4
O002742,C00789,2025-03-23 10:25:52,已退款,银行卡,74.19,4
O002743,C00748,2025-03-20 23:15:19,已完成,微信支付,11.53,4
O002744,C00044,2025-02-22 12:42:26,已完成,支付宝,55.05,3
O002745,C00690,2025-01-30 05:07:35,已完成,支付宝,32.19,5
O002746,C01499,2024-01-20 02:59:15,已取消,支付宝,58.84,5
O002747,C00193,2024-02-21 14:41:41,已完成,支付宝,65.95,7
O002748,C00475,2025-02-04 19:18:31,已完成,微信支付,20.9,5
O002749,C01795,2025-12-11 17:04:10,已完成,支付宝,40.03,4
O002750,C01022,2024-11-07 22:35:11,已完成,支付宝,26.18,5
O002751,C00182,2024-12-29 01:35:01,已完成,银行卡,36.47,4
O002752,C00892,2025-12-20 09:47:34,已完成,微信支付,23.25,5
O002753,C00044,2025-07-22 14:17:48,已完成,微信支付,27.17,7
O002754,C00690,2025-07-16 20:12:59,已发货,微信支付,21.78,2
O002755,C00304,2025-01-29 07:24:39,已完成,微信支付,23.88,3
O002756,C01364,2025-10-21 16:49:58,已完成,微信支付,46.24,5
O002757,C01145,2025-04-03 04:54:59,已完成,微信支付,48.02,3
O002758,C00659,2025-05-24 14:21:36,已完成,微信支付,73.66,3
O002759,C01498,2025-07-28 18:02:22,已完成,微信支付,31.25,2
O002760,C01548,2024-11-06 19:06:53,已完成,微信支付,52.6,5
O002761,C00433,2025-11-27 10:32:37,已完成,银行卡,77.24,5
O002762,C00896,2025-12-24 11:01:48,已退款,货到付款,37.31,7
O002763,C01518,2025-04-07 21:43:13,已完成,支付宝,62.33,5
O002764,C01571,2024-06-18 13:01:57,已完成,微信支付,77.58,4
O002765,C00170,2025-07-19 08:25:25,已完成,微信支付,63.18,6
O002766,C00725,2024-08-28 06:47:52,已发货,银行卡,6.44,1
O002767,C01439,2025-03-31 17:28:22,已完成,银行卡,15.45,7
O002768,C00912,2024-03-28 17:40:53,已完成,微信支付,23.59,4
O002769,C01536,2025-08-10 12:20:40,已完成,微信支付,54.9,4
O002770,C00588,2025-12-02 03:47:13,已完成,微信支付,53.72,4
O002771,C01983,2024-04-03 03:25:08,已完成,微信支付,10.97,3
O002772,C00337,2025-06-22 05:45:09,已完成,微信支付,35.95,7
O002773,C01181,2025-09-19 00:57:22,已完成,支付宝,33.75,5
O002774,C00953,2024-04-15 11:22:02,已完成,微信支付,55.19,4
O002775,C01690,2024-07-04 09:13:32,已完成,微信支付,20.88,4
O002776,C00480,2024-10-30 09:55:39,已完成,支付宝,19.02,7
O002777,C00277,2025-08-31 22:40:44,已取消,支付宝,47.74,7
O002778,C01448,2025-01-18 05:52:56,已完成,微信支付,6.63,7
O002779,C00635,2024-05-06 19:22:48,已完成,支付宝,53.51,2
O002780,C01337,2024-07-11 04:20:59,已完成,微信支付,35.15,6
O002781,C01790,2024-12-25 14:07:36,已完成,微信支付,42.91,4
O002782,C00724,2024-02-13 20:46:51,已完成,微信支付,64.16,3
O002783,C01383,2025-05-07 20:50:46,已取消,微信支付,14.48,2
O002784,C00263,2024-01-30 14:49:49,已完成,微信支付,16.8,3
O002785,C00725,2025-07-23 04:17:24,已完成,支付宝,72.09,4
O002786,C01361,2025-06-23 09:29:31,已完成,银行卡,59.28,4
O002787,C01867,2025-09-23 10:29:54,已完成,微信支付,21.02,3
O002788,C01982,2024-05-21 20:07:27,已完成,微信支付,57.66,6
O002789,C01884,2025-04-18 09:00:36,已完成,微信支付,36.58,7
O002790,C00819,2025-07-23 19:20:38,已完成,微信支付,49.38,5
O002791,C00725,2025-02-08 22:30:11,已完成,银行卡,62.93,3
O002792,C01166,2024-05-02 02:59:01,已完成,微信支付,3.58,1
O002793,C01317,2024-04-07 22:52:41,已完成,支付宝,48.89,5
O002794,C01995,2025-04-20 13:42:47,已完成,支付宝,27.08,1
O002795,C00850,2025-01-22 14:57:34,已完成,银行卡,41.29,4
O002796,C01465,2025-11-09 07:46:39,已完成,微信支付,29.1,7
O002797,C00384,2025-08-30 08:31:04,已完成,微信支付,75.28,7
O002798,C01526,2025-06-19 12:54:10,已完成,微信支付,47.77,1
O002799,C00151,2025-12-20 04:55:44,已退款,支付宝,67.73,4
O002800,C00475,2025-06-09 17:12:38,已完成,支付宝,20.54,3
O002801,C00947,2024-04-02 16:16:11,已完成,支付宝,29.17,5
O002802,C00837,2024-03-20 00:58:35,已完成,微信支付,62.97,3
O002803,C00251,2025-08-16 05:00:02,已完成,微信支付,18.76,4
O002804,C00675,2024-09-29 12:31:47,已完成,支付宝,80.0,4
O002805,C00475,2025-11-07 17:22:01,已完成,微信支付,52.81,4
O002806,C00031,2024-04-22 07:44:50,已完成,未知,71.75,2
O002807,C01448,2024-06-10 21:57:13,已完成,银行卡,8.36,4
O002808,C01586,2025-07-19 12:19:15,已取消,未知,33.11,3
O002809,C00119,2025-09-09 12:13:55,已完成,支付宝,26.87,4
O002810,C00620,2025-09-24 02:19:48,已完成,微信支付,77.68,2
O002811,C01305,2024-04-07 15:42:20,已完成,货到付款,11.58,5
O002812,C00725,2024-10-20 19:21:10,已完成,支付宝,59.85,3
O002813,C01364,2025-05-17 05:38:06,已完成,微信支付,50.47,4
O002814,C01417,2025-11-04 13:20:23,已完成,支付宝,68.11,7
O002815,C00843,2024-06-28 00:44:34,已完成,微信支付,78.18,6
O002816,C00706,2025-04-16 05:03:29,已发货,微信支付,64.47,5
O002817,C01263,2024-05-11 01:20:53,已完成,微信支付,20.17,6
O002818,C01767,2025-07-02 18:18:48,已完成,微信支付,66.74,4
O002819,C01704,2024-04-29 23:35:15,已完成,微信支付,42.14,7
O002820,C01405,2025-12-31 00:38:54,已完成,货到付款,52.26,4
O002821,C01302,2024-04-02 16:43:27,已完成,支付宝,22.44,7
O002822,C01530,2025-06-06 14:54:01,已完成,银行卡,65.28,5
O002823,C00260,2025-07-21 16:47:51,已完成,微信支付,35.56,3
O002824,C01381,2024-07-12 12:02:44,已完成,银行卡,64.67,5
O002825,C01392,2024-07-09 23:40:21,已完成,支付宝,34.18,7
O002826,C01932,2025-04-13 00:00:52,已完成,支付宝,49.32,6
O002827,C00557,2025-05-07 03:24:54,已发货,银行卡,8.24,2
O002828,C01066,2025-06-17 05:35:57,已完成,支付宝,7.4,6
O002829,C00455,2025-04-02 18:19:54,已完成,支付宝,76.24,2
O002830,C00541,2024-06-01 01:41:16,已完成,银行卡,58.09,3
O002831,C01337,2025-11-07 02:47:33,已完成,微信支付,13.82,5
O002832,C00157,2024-05-27 17:36:10,已完成,微信支付,47.82,5
O002833,C01042,2025-03-22 10:31:40,已完成,货到付款,62.5,7
O002834,C00032,2025-11-05 16:58:29,已完成,银行卡,47.9,6
O002835,C00511,2025-11-02 08:39:52,已完成,支付宝,35.88,5
O002836,C00199,2024-05-28 02:13:54,已完成,银行卡,66.82,5
O002837,C00869,2024-06-28 14:39:19,已完成,银行卡,4.06,7
O002838,C01300,2025-04-18 02:28:18,已完成,支付宝,50.67,7
O002839,C01327,2024-09-09 11:01:01,已完成,微信支付,37.84,6
O002840,C00384,2025-06-21 21:54:30,已完成,支付宝,51.85,7
O002841,C00639,2025-02-15 04:47:23,已完成,微信支付,23.24,6
O002842,C00924,2024-07-17 04:37:59,已完成,微信支付,13.0,5
O002843,C01166,2024-11-08 22:40:49,已完成,货到付款,77.94,3
O002844,C00502,2025-06-08 07:34:27,已完成,支付宝,69.14,4
O002845,C00975,2025-07-26 08:20:34,已完成,银行卡,72.72,4
O002846,C01309,2024-10-08 16:55:37,已完成,支付宝,61.5,6
O002847,C01867,2024-04-12 03:33:54,已完成,微信支付,5.19,5
O002848,C00506,2024-09-23 01:20:59,已完成,支付宝,50.23,6
O002849,C00384,2025-05-07 20:41:25,已完成,支付宝,30.51,7
O002850,C01658,2025-07-10 22:09:22,已完成,支付宝,26.74,3
O002851,C01221,2025-10-05 23:19:42,已发货,微信支付,19.94,5
O002852,C01457,2025-12-05 00:07:16,已完成,银行卡,14.45,5
O002853,C01760,2025-02-21 12:05:08,已完成,微信支付,11.16,6
O002854,C00496,2025-10-05 20:49:16,已取消,微信支付,9.7,2
O002855,C00844,2024-07-14 20:26:18,已完成,支付宝,56.93,6
O002856,C00298,2025-03-17 08:51:37,已取消,货到付款,74.43,1
O002857,C00789,2025-03-01 11:38:44,已完成,微信支付,30.43,2
O002858,C00637,2025-07-15 03:14:09,已完成,微信支付,8.48,3
O002859,C00170,2025-07-18 03:12:02,已完成,货到付款,17.69,6
O002860,C01425,2024-07-31 09:27:09,已完成,货到付款,59.76,4
O002861,C00044,2025-10-11 05:05:54,已完成,微信支付,27.88,7
O002862,C01327,2025-10-15 23:35:15,已完成,银行卡,53.03,4
O002863,C01983,2025-11-22 01:27:31,已完成,银行卡,16.45,4
O002864,C00755,2024-12-18 12:08:32,已完成,微信支付,60.54,4
O002865,C01785,2025-12-23 13:31:16,已取消,支付宝,52.41,4
O002866,C00684,2025-07-26 01:50:50,已退款,微信支付,17.78,2
O002867,C00181,2025-05-21 10:54:03,已完成,银行卡,74.56,4
O002868,C01797,2024-11-24 22:25:31,已完成,微信支付,41.81,2
O002869,C01790,2025-09-05 02:04:24,已完成,支付宝,17.59,6
O002870,C00122,2025-07-13 03:51:46,已完成,银行卡,45.33,7
O002871,C00142,2025-04-06 03:33:11,已退款,微信支付,33.23,4
O002872,C01373,2025-12-30 01:45:57,已完成,支付宝,73.37,7
O002873,C00044,2024-07-06 21:02:47,已完成,微信支付,24.79,4
O002874,C00094,2025-05-14 01:17:44,已完成,微信支付,70.9,3
O002875,C00611,2024-08-27 06:17:29,已完成,银行卡,59.39,5
O002876,C01468,2024-12-18 19:42:38,已取消,银行卡,54.39,7
O002877,C01080,2024-09-11 23:40:12,已退款,支付宝,14.71,5
O002878,C01454,2024-09-07 03:44:00,已完成,银行卡,6.89,7
O002879,C01405,2024-10-15 08:23:44,已完成,微信支付,69.15,2
O002880,C00763,2024-03-02 04:18:26,已取消,支付宝,45.64,7
O002881,C01932,2024-02-14 04:11:21,已完成,银行卡,77.22,2
O002882,C00122,2025-06-19 22:15:16,已完成,银行卡,41.31,1
O002883,C01526,2024-08-19 08:09:37,已完成,微信支付,47.31,4
O002884,C00044,2024-01-25 14:49:30,已完成,微信支付,79.77,5
O002885,C01648,2024-03-24 03:40:40,已发货,支付宝,57.27,3
O002886,C00776,2024-06-09 06:40:57,已取消,微信支付,28.8,4
O002887,C01159,2024-02-22 08:53:50,已取消,银行卡,66.22,2
O002888,C01850,2025-11-19 14:44:19,已完成,微信支付,23.64,7
O002889,C00924,2025-03-24 21:19:14,已退款,支付宝,42.01,3
O002890,C01995,2024-11-01 05:18:09,已完成,微信支付,19.04,6
O002891,C00144,2025-02-24 15:07:34,已完成,支付宝,79.57,2
O002892,C00017,2024-04-18 11:43:49,已完成,货到付款,74.76,4
O002893,C00357,2025-06-11 19:52:15,已完成,支付宝,69.91,4
O002894,C00610,2025-12-12 08:42:59,待发货,货到付款,32.09,6
O002895,C00408,2024-05-02 10:28:25,已完成,支付宝,58.28,4
O002896,C00103,2024-05-17 14:19:46,已取消,微信支付,20.86,3
O002897,C01867,2025-05-05 10:26:17,已完成,银行卡,31.2,7
O002898,C01383,2024-05-17 18:16:08,已完成,微信支付,64.36,5
O002899,C00033,2024-04-28 00:09:30,已完成,微信支付,4.51,4
O002900,C01370,2025-06-01 08:25:33,已完成,支付宝,3.96,6
O002901,C01383,2025-04-29 04:14:28,已完成,微信支付,52.89,5
O002902,C00463,2024-06-17 03:44:24,已完成,银行卡,61.97,4
O002903,C01886,2025-08-21 01:54:38,已完成,支付宝,30.68,4
O002904,C00778,2024-04-12 08:11:38,已完成,未知,53.97,4
O002905,C00610,2024-09-06 05:00:09,待发货,微信支付,72.24,4
O002906,C00496,2025-06-26 18:52:40,已完成,微信支付,8.0,3
O002907,C01124,2025-04-26 12:17:19,已完成,支付宝,66.44,5
O002908,C00337,2025-04-16 18:15:48,已取消,微信支付,46.54,5
O002909,C00592,2025-06-06 21:51:29,已完成,银行卡,33.79,6
O002910,C01901,2025-05-17 18:50:14,已完成,微信支付,4.14,6
O002911,C01448,2025-09-30 10:34:10,已完成,微信支付,30.73,5
O002912,C01760,2025-03-25 23:09:57,已完成,支付宝,63.51,4
O002913,C01385,2024-11-04 09:42:43,已完成,微信支付,43.36,6
O002914,C01867,2025-07-14 19:44:12,已完成,支付宝,14.1,7
O002915,C00449,2024-07-13 04:26:30,已完成,支付宝,18.58,6
O002916,C00331,2025-07-10 23:33:07,已完成,微信支付,67.81,5
O002917,C00657,2024-07-27 07:32:50,已完成,支付宝,34.63,3
O002918,C01136,2025-01-04 15:39:49,已发货,货到付款,7.64,5
O002919,C01284,2025-06-27 08:30:48,已完成,微信支付,77.87,5
O002920,C01444,2025-05-05 05:58:27,已发货,支付宝,20.28,4
O002921,C01496,2024-03-27 07:02:09,已完成,微信支付,63.72,3
O002922,C01249,2024-12-10 14:03:29,已完成,银行卡,1.02,4
O002923,C01777,2025-08-14 02:09:30,已完成,微信支付,20.52,3
O002924,C00735,2025-12-29 04:08:19,已完成,微信支付,26.97,4
O002925,C00216,2024-12-25 22:29:22,已完成,支付宝,68.75,7
O002926,C00227,2024-03-28 02:04:02,已完成,支付宝,59.84,7
O002927,C00563,2024-10-05 17:11:31,已完成,微信支付,24.64,5
O002928,C01478,2025-01-14 07:31:11,已完成,银行卡,63.0,2
O002929,C01229,2024-03-16 07:53:50,已完成,微信支付,64.8,5
O002930,C01932,2025-09-22 08:48:45,已完成,银行卡,40.96,3
O002931,C00475,2025-03-01 09:13:36,已完成,银行卡,0.0,4
O002932,C00690,2024-11-10 17:03:13,已完成,支付宝,40.76,6
O002933,C01072,2024-11-02 19:44:40,已完成,支付宝,13.39,5
O002934,C01094,2024-02-02 08:46:59,已完成,支付宝,65.02,5
O002935,C01679,2025-02-11 04:55:37,已完成,银行卡,57.17,5
O002936,C01160,2024-12-31 00:25:47,已完成,微信支付,67.95,2
O002937,C00170,2024-09-17 17:03:54,已发货,银行卡,65.25,3
O002938,C01337,2025-05-25 22:56:50,已完成,支付宝,62.83,3
O002939,C01648,2024-11-08 00:17:09,已完成,银行卡,62.43,3
O002940,C00433,2025-03-27 14:22:52,已完成,支付宝,75.56,5
O002941,C00355,2025-10-10 05:24:45,待发货,支付宝,48.43,4
O002942,C00083,2024-10-03 05:59:43,已取消,微信支付,66.23,4
O002943,C00475,2024-11-02 19:21:13,已完成,支付宝,64.11,3
O002944,C01166,2025-09-23 06:33:27,已完成,微信支付,21.62,5
O002945,C00449,2024-09-27 07:30:54,待发货,支付宝,45.26,3
O002946,C00292,2024-12-02 02:59:55,已完成,微信支付,58.38,4
O002947,C00287,2025-08-06 21:57:06,已完成,货到付款,8.28,7
O002948,C00725,2025-04-10 21:37:25,已取消,银行卡,42.45,5
O002949,C01762,2025-11-10 21:06:36,已完成,银行卡,0.23,4
O002950,C01526,2024-12-28 05:20:05,已取消,银行卡,19.22,3
O002951,C01364,2025-01-03 04:39:14,已完成,支付宝,38.91,5
O002952,C01031,2024-02-17 22:48:35,已完成,银行卡,24.55,5
O002953,C00765,2024-06-09 14:45:39,已完成,支付宝,61.69,6
O002954,C00083,2025-03-02 06:29:06,已完成,微信支付,50.99,4
O002955,C00023,2024-06-06 01:40:25,待发货,微信支付,21.4,6
O002956,C01455,2024-12-15 19:18:39,已完成,微信支付,1.37,5
O002957,C01809,2024-07-29 19:38:59,已取消,微信支付,20.38,7
O002958,C01430,2024-01-25 00:28:59,已完成,微信支付,41.53,1
O002959,C00104,2024-12-30 11:41:18,已退款,货到付款,60.98,3
O002960,C00262,2025-05-17 11:52:40,已完成,微信支付,48.27,4
O002961,C00127,2024-09-10 11:49:33,已完成,银行卡,4.47,3
O002962,C01736,2025-07-20 08:43:12,已完成,银行卡,37.32,5
O002963,C00819,2024-05-12 07:46:30,已完成,银行卡,76.76,4
O002964,C00270,2024-04-01 08:10:08,已完成,银行卡,72.32,4
O002965,C00725,2025-11-11 22:11:07,待发货,货到付款,59.39,1
O002966,C01500,2025-11-06 23:50:21,已取消,微信支付,22.71,4
O002967,C00975,2024-11-06 02:32:15,已完成,支付宝,1.77,5
O002968,C01327,2024-11-12 17:25:08,已完成,微信支付,36.51,6
O002969,C01066,2025-09-12 13:39:03,已完成,微信支付,29.96,3
O002970,C00800,2025-02-22 06:04:34,已发货,支付宝,54.07,4
O002971,C01979,2024-04-21 04:09:00,已完成,支付宝,5.65,4
O002972,C01136,2024-04-20 18:08:46,已完成,货到付款,73.87,3
O002973,C00850,2024-05-02 08:33:04,已完成,微信支付,58.87,3
O002974,C01548,2025-07-23 03:03:39,已取消,银行卡,77.68,6
O002975,C00526,2025-04-18 23:02:08,已完成,微信支付,69.23,2
O002976,C00200,2024-08-11 22:40:37,已完成,支付宝,34.42,5
O002977,C00725,2024-05-24 10:44:08,已完成,微信支付,53.0,4
O002978,C00592,2024-04-26 10:15:26,已取消,货到付款,67.65,1
O002979,C00337,2025-06-28 10:41:39,已完成,支付宝,16.31,5
O002980,C01788,2025-10-11 04:05:10,待发货,微信支付,0.77,4
O002981,C00970,2025-02-23 02:24:07,待发货,银行卡,24.61,6
O002982,C01777,2025-07-18 06:21:38,已完成,微信支付,35.0,6
O002983,C00124,2024-07-29 09:20:38,已完成,银行卡,49.97,6
O002984,C01327,2025-04-06 03:52:25,已发货,微信支付,21.07,3
O002985,C01383,2024-12-01 00:04:07,已完成,微信支付,35.36,3
O002986,C01337,2024-03-29 22:37:18,已完成,微信支付,51.89,1
O002987,C00454,2025-01-12 21:16:13,已完成,支付宝,65.95,7
O002988,C01472,2025-09-08 07:29:39,已发货,银行卡,18.15,4
O002989,C01160,2024-02-26 14:12:18,已完成,支付宝,63.99,3
O002990,C00126,2025-01-01 03:43:22,已完成,微信支付,75.14,4
O002991,C00616,2025-09-29 22:03:15,已完成,支付宝,32.76,6
O002992,C01867,2025-07-30 19:04:10,已完成,支付宝,0.0,6
O002993,C01586,2025-01-18 04:19:48,已完成,微信支付,0.8,3
O002994,C00976,2024-05-31 05:52:29,已完成,支付宝,56.82,5
O002995,C00924,2025-09-10 07:01:34,待发货,支付宝,69.76,3
O002996,C00122,2024-05-18 02:10:17,已退款,支付宝,1.6,7
O002997,C01364,2024-07-25 08:29:05,已完成,支付宝,67.49,7
O002998,C01372,2024-04-27 16:01:44,已完成,微信支付,11.92,6
O002999,C00256,2024-12-19 17:32:43,已完成,银行卡,67.37,3
O003000,C00563,2025-05-06 00:21:02,已完成,银行卡,43.35,5
O003001,C01445,2025-08-24 08:38:53,已完成,银行卡,29.61,4
O003002,C00541,2024-12-21 19:03:51,已完成,银行卡,75.3,6
O003003,C00017,2025-12-13 20:10:50,已完成,支付宝,48.99,3
O003004,C00819,2025-04-13 13:10:27,已完成,货到付款,3.09,6
O003005,C01983,2025-04-19 17:44:41,已完成,微信支付,61.28,2
O003006,C01777,2024-06-01 05:44:00,已完成,支付宝,14.59,5
O003007,C01838,2024-06-07 20:06:35,已完成,银行卡,73.86,2
O003008,C00496,2025-03-30 11:24:08,已完成,银行卡,13.32,4
O003009,C00170,2025-06-18 16:42:54,已完成,支付宝,39.01,2
O003010,C00915,2024-06-12 06:00:56,已完成,银行卡,41.81,7
O003011,C01690,2025-01-08 04:06:09,已完成,支付宝,45.1,2
O003012,C00605,2024-09-26 12:38:32,已完成,微信支付,42.66,5
O003013,C01733,2024-12-01 12:33:35,已完成,银行卡,35.12,7
O003014,C01367,2024-06-18 13:42:46,已完成,支付宝,57.03,5
O003015,C00337,2024-05-09 19:27:29,已完成,银行卡,12.44,6
O003016,C01138,2024-08-26 18:54:52,已完成,银行卡,62.98,5
O003017,C01448,2025-09-26 07:07:20,已完成,微信支付,3.0,6
O003018,C01955,2025-08-09 11:09:19,已完成,银行卡,67.37,5
O003019,C01502,2024-04-09 02:38:43,已完成,微信支付,59.99,4
O003020,C01777,2024-03-29 18:51:32,已完成,银行卡,63.63,2
O003021,C01298,2025-01-18 03:01:04,已完成,支付宝,23.75,4
O003022,C00819,2024-07-25 01:42:39,已完成,支付宝,67.98,5
O003023,C00679,2025-08-22 12:58:16,已完成,银行卡,55.29,4
O003024,C00124,2025-01-11 22:33:50,已完成,支付宝,77.48,5
O003025,C00487,2025-09-13 09:49:50,已完成,微信支付,1.6,5
O003026,C01031,2024-04-14 04:15:25,已完成,支付宝,63.24,5
O003027,C01983,2025-12-12 04:48:51,已完成,支付宝,49.86,5
O003028,C01327,2025-07-14 20:27:57,已完成,微信支付,0.0,7
O003029,C01224,2025-06-22 15:17:43,已完成,微信支付,35.44,4
O003030,C00563,2025-11-14 11:11:36,已完成,支付宝,22.37,4
O003031,C01405,2024-12-27 22:51:55,已完成,银行卡,70.38,6
O003032,C00175,2024-05-15 02:43:52,已完成,支付宝,26.06,2
O003033,C00718,2025-01-22 14:47:28,已退款,银行卡,56.22,6
O003034,C00465,2025-08-16 08:42:05,待发货,支付宝,26.55,4
O003035,C00842,2025-09-18 05:15:36,已完成,货到付款,75.66,6
O003036,C00330,2025-01-13 22:11:27,已完成,银行卡,42.09,6
O003037,C00094,2025-06-22 22:38:21,已完成,微信支付,25.58,5
O003038,C01474,2024-07-04 20:15:10,已发货,支付宝,65.79,4
O003039,C00142,2024-06-22 03:38:42,已完成,货到付款,5.0,3
O003040,C00122,2025-04-06 17:54:54,已完成,货到付款,7.5,3
O003041,C01079,2024-11-13 08:44:35,已发货,支付宝,66.94,2
O003042,C00362,2024-05-23 09:28:14,已完成,银行卡,25.87,3
O003043,C01031,2025-07-11 04:54:00,已发货,银行卡,14.12,3
O003044,C01159,2025-02-23 14:33:42,已完成,微信支付,46.97,5
O003045,C01548,2025-02-13 20:28:09,已发货,支付宝,20.37,3
O003046,C00083,2024-06-07 05:57:03,已完成,支付宝,78.97,4
O003047,C01384,2024-06-30 12:20:11,已完成,微信支付,65.65,2
O003048,C01454,2025-06-08 15:12:12,已完成,银行卡,0.0,4
O003049,C01007,2025-09-12 15:08:20,已发货,微信支付,66.69,3
O003050,C01082,2024-06-02 06:37:19,已完成,支付宝,70.87,4
O003051,C01783,2025-08-14 00:30:11,已发货,微信支付,27.04,6
O003052,C01472,2025-07-28 19:46:46,已退款,支付宝,53.87,2
O003053,C00034,2025-08-16 14:08:49,已完成,微信支付,72.56,2
O003054,C00124,2025-04-03 16:19:15,待发货,支付宝,54.88,7
O003055,C01383,2024-09-22 12:07:22,已完成,微信支付,79.77,6
O003056,C00215,2025-07-17 09:18:49,已退款,微信支付,69.24,7
O003057,C00541,2025-01-04 06:57:57,待发货,银行卡,5.68,5
O003058,C00397,2024-06-18 15:53:47,已完成,微信支付,40.13,3
O003059,C00142,2024-11-04 19:29:33,已完成,微信支付,22.04,4
O003060,C01465,2024-12-18 07:05:59,已完成,微信支付,70.0,5
O003061,C00408,2025-01-30 00:59:43,已完成,支付宝,74.98,3
O003062,C00572,2025-10-21 03:09:40,已完成,微信支付,45.33,2
O003063,C00765,2024-11-08 13:06:01,已完成,支付宝,4.65,6
O003064,C00287,2024-07-31 05:24:38,已完成,支付宝,27.73,3
O003065,C01802,2025-12-06 19:56:17,已完成,微信支付,15.09,7
O003066,C00786,2024-06-30 06:47:36,已退款,微信支付,42.34,3
O003067,C00122,2024-01-13 11:21:34,已完成,微信支付,78.79,5
O003068,C01454,2025-09-11 05:27:06,已完成,银行卡,27.46,5
O003069,C01327,2025-11-28 10:03:27,已发货,微信支付,58.72,6
O003070,C01031,2025-06-05 16:16:30,已完成,支付宝,66.48,4
O003071,C01721,2024-11-07 19:40:02,已完成,货到付款,66.41,7
O003072,C00373,2025-03-05 17:25:51,已完成,微信支付,11.96,6
O003073,C00433,2025-08-28 12:58:56,已取消,微信支付,19.0,5
O003074,C01345,2025-10-10 10:26:01,待发货,支付宝,17.86,2
O003075,C00033,2024-04-10 07:50:07,已完成,货到付款,23.78,6
O003076,C01448,2025-09-25 23:43:07,已完成,微信支付,3.74,6
O003077,C01335,2025-04-28 17:30:26,已完成,支付宝,43.15,3
O003078,C00763,2024-02-06 21:52:36,已完成,支付宝,59.27,2
O003079,C01165,2024-04-14 17:52:14,已完成,支付宝,20.87,5
O003080,C00616,2024-02-19 02:19:50,已完成,支付宝,51.19,5
O003081,C00433,2025-11-22 06:16:18,已完成,支付宝,43.65,2
O003082,C01526,2024-11-18 11:42:18,待发货,货到付款,7.93,2
O003083,C01337,2025-06-16 07:01:35,已完成,支付宝,19.18,3
O003084,C00610,2024-01-03 21:42:52,已完成,支付宝,19.32,7
O003085,C01981,2025-08-01 11:26:14,已退款,支付宝,39.09,5
O003086,C00541,2025-01-06 05:46:20,已完成,微信支付,50.23,2
O003087,C00819,2025-11-06 14:07:20,已完成,支付宝,24.11,4
O003088,C01472,2025-02-13 09:34:27,已完成,微信支付,10.17,3
O003089,C00502,2025-07-29 03:32:25,已取消,支付宝,21.54,3
O003090,C01865,2025-05-06 22:00:57,已完成,支付宝,3.21,7
O003091,C01405,2025-02-13 22:31:08,已取消,银行卡,59.89,5
O003092,C01704,2025-11-22 18:39:25,已完成,银行卡,55.94,5
O003093,C01815,2025-01-20 07:24:15,已完成,支付宝,53.65,3
O003094,C01557,2025-10-16 19:36:35,已完成,支付宝,49.42,5
O003095,C01042,2024-02-10 06:19:46,已发货,微信支付,23.82,7
O003096,C01748,2025-05-24 21:36:56,已完成,微信支付,9.24,6
O003097,C01704,2025-11-02 21:14:26,已完成,微信支付,47.92,2
O003098,C01467,2025-10-22 04:16:15,已完成,微信支付,58.61,3
O003099,C00475,2025-01-09 07:04:57,已完成,银行卡,64.87,6
O003100,C00475,2024-12-28 16:05:05,已完成,货到付款,58.12,3
O003101,C00433,2025-08-13 05:08:07,已完成,支付宝,52.69,7
O003102,C00867,2024-09-08 19:11:57,已完成,未知,65.95,6
O003103,C00423,2025-11-12 16:43:53,已完成,微信支付,60.94,5
O003104,C00725,2024-07-06 05:12:33,已完成,微信支付,75.59,6
O003105,C00819,2024-03-17 18:21:19,已取消,银行卡,0.48,3
O003106,C01028,2025-07-18 01:10:57,已完成,支付宝,11.73,4
O003107,C01544,2024-11-05 09:25:57,已完成,银行卡,46.38,4
O003108,C01762,2024-09-25 04:14:52,已完成,微信支付,32.08,4
O003109,C00554,2024-08-27 00:19:46,已完成,支付宝,27.24,5
O003110,C00816,2025-12-19 17:04:35,已完成,支付宝,59.67,6
O003111,C00287,2025-03-27 03:30:22,已完成,微信支付,42.85,7
O003112,C00718,2025-12-27 16:16:28,已完成,支付宝,42.12,5
O003113,C01276,2024-09-15 01:39:32,已完成,未知,3.99,7
O003114,C00206,2024-11-09 21:59:28,已完成,微信支付,36.9,5
O003115,C01526,2024-06-15 23:29:51,已完成,微信支付,48.64,3
O003116,C01176,2024-11-23 07:30:09,已完成,支付宝,22.41,4
O003117,C01777,2024-03-06 11:49:04,已完成,货到付款,19.12,5
O003118,C01190,2024-01-01 14:20:27,已完成,货到付款,44.05,6
O003119,C00038,2024-12-15 14:08:12,已完成,微信支付,72.96,7
O003120,C01143,2025-07-01 00:43:49,已完成,支付宝,9.31,2
O003121,C00170,2024-11-30 23:38:50,已取消,银行卡,24.73,2
O003122,C00763,2025-02-10 22:28:59,已完成,银行卡,4.65,5
O003123,C00134,2024-12-09 11:23:23,已完成,微信支付,26.03,6
O003124,C01229,2025-02-19 13:01:57,已完成,货到付款,55.59,4
O003125,C00997,2025-07-20 04:33:06,已完成,银行卡,25.49,4
O003126,C00727,2025-08-08 17:32:57,已发货,支付宝,31.88,3
O003127,C00022,2025-09-02 12:30:14,已完成,微信支付,74.84,4
O003128,C01648,2024-06-15 06:18:01,已完成,微信支付,27.77,7
O003129,C00291,2024-12-18 07:09:49,已完成,微信支付,43.16,4
O003130,C01474,2025-08-27 01:34:30,已完成,银行卡,74.69,3
O003131,C01742,2025-11-15 18:37:24,已完成,支付宝,40.68,4
O003132,C00554,2025-03-04 01:10:12,已完成,货到付款,13.61,2
O003133,C00181,2025-01-18 13:07:24,已完成,支付宝,11.45,5
O003134,C00017,2025-07-13 19:28:36,已完成,银行卡,71.91,7
O003135,C01798,2025-12-26 01:02:08,已完成,银行卡,70.85,4
O003136,C01802,2024-11-18 03:11:56,已完成,微信支付,20.08,6
O003137,C01611,2024-05-26 18:38:43,已完成,微信支付,49.86,6
O003138,C00592,2025-08-30 19:17:52,已退款,银行卡,13.32,6
O003139,C01802,2025-06-14 01:27:02,已完成,支付宝,18.52,7
O003140,C01181,2024-05-12 06:41:51,已完成,微信支付,73.65,2
O003141,C00017,2024-08-29 14:10:51,待发货,银行卡,32.14,5
O003142,C00172,2025-03-12 12:13:21,已退款,微信支付,16.68,5
O003143,C01618,2025-06-22 12:17:34,已发货,支付宝,41.93,3
O003144,C00108,2025-07-23 06:25:30,已完成,货到付款,68.08,5
O003145,C00592,2024-05-19 12:33:49,已完成,微信支付,66.64,5
O003146,C00637,2024-06-16 01:04:16,已完成,微信支付,52.96,5
O003147,C01961,2025-06-30 20:28:55,已完成,支付宝,65.08,4
O003148,C01736,2024-04-20 13:41:33,已完成,支付宝,62.36,5
O003149,C00262,2025-01-23 08:51:00,已完成,微信支付,77.09,3
O003150,C00875,2025-03-07 08:32:18,已完成,未知,52.47,4
O003151,C01430,2024-09-11 08:37:08,已完成,支付宝,47.83,6
O003152,C00286,2025-08-03 10:48:48,已完成,银行卡,72.45,4
O003153,C00104,2024-03-01 04:43:24,已完成,支付宝,28.92,6
O003154,C01827,2025-07-21 14:32:27,已完成,微信支付,39.43,4
O003155,C00291,2025-05-17 04:33:21,已发货,微信支付,68.73,6
O003156,C00282,2025-02-01 07:59:42,待发货,微信支付,78.32,6
O003157,C00475,2025-09-29 20:45:59,已完成,微信支付,33.7,7
O003158,C00819,2024-06-11 13:14:52,已完成,微信支付,47.18,7
O003159,C01867,2025-08-06 21:27:59,待发货,银行卡,67.02,4
O003160,C01304,2024-06-06 15:44:17,已完成,银行卡,41.5,5
O003161,C01009,2025-12-26 18:31:39,已完成,微信支付,32.36,3
O003162,C00033,2024-02-06 02:25:37,已完成,银行卡,5.19,6
O003163,C01834,2025-03-12 12:36:18,已完成,支付宝,16.96,4
O003164,C01078,2024-05-28 08:22:50,已完成,支付宝,26.51,1
O003165,C01055,2024-11-07 00:40:55,已完成,银行卡,32.13,3
O003166,C00332,2024-05-14 02:43:57,已完成,微信支付,62.1,1
O003167,C00033,2024-06-08 04:53:59,已完成,支付宝,13.34,6
O003168,C00333,2024-03-05 00:57:09,已完成,微信支付,5.79,5
O003169,C01736,2024-01-10 10:42:08,已完成,银行卡,47.02,5
O003170,C01232,2025-06-17 01:45:40,已完成,微信支付,0.65,5
O003171,C01061,2024-12-15 19:46:43,已发货,支付宝,74.47,3
O003172,C01815,2024-02-19 14:19:26,已完成,微信支付,20.48,3
O003173,C00367,2025-11-13 23:54:09,已完成,微信支付,66.69,3
O003174,C01526,2025-05-29 02:30:17,已完成,微信支付,30.36,4
O003175,C01736,2024-07-16 01:52:07,已完成,支付宝,79.91,4
O003176,C00592,2024-12-01 20:13:09,已完成,微信支付,40.1,4
O003177,C01385,2025-01-14 09:18:11,已完成,未知,77.03,2
O003178,C01526,2025-03-26 18:37:35,已发货,微信支付,37.51,6
O003179,C01166,2025-09-16 04:34:30,已完成,微信支付,57.14,6
O003180,C01802,2025-04-09 00:24:20,待发货,微信支付,5.09,5
O003181,C00351,2025-12-18 11:13:32,已完成,支付宝,35.6,6
O003182,C00725,2025-06-20 13:13:40,已完成,未知,21.66,4
O003183,C01854,2025-12-24 02:43:05,已完成,货到付款,63.45,5
O003184,C01031,2025-03-10 00:01:16,已完成,支付宝,42.59,4
O003185,C01338,2025-06-04 05:07:12,已完成,微信支付,51.2,3
O003186,C01473,2025-06-26 02:55:00,待发货,银行卡,20.31,4
O003187,C00182,2025-07-06 23:58:06,待发货,微信支付,9.35,6
O003188,C00785,2024-01-29 23:04:46,已完成,银行卡,54.45,2
O003189,C00028,2024-04-29 00:08:52,已发货,支付宝,35.38,5
O003190,C01031,2024-06-21 10:19:09,已发货,微信支付,33.36,7
O003191,C01602,2024-07-21 09:35:46,已取消,货到付款,77.12,2
O003192,C00150,2025-10-28 00:11:15,已完成,支付宝,9.46,6
O003193,C01818,2025-06-18 15:58:08,已完成,银行卡,51.51,7
O003194,C00592,2024-05-11 20:29:14,已取消,支付宝,4.82,3
O003195,C00182,2024-11-18 14:32:55,已完成,支付宝,54.79,6
O003196,C00083,2024-07-01 22:11:20,已完成,微信支付,44.77,5
O003197,C00605,2025-08-26 15:18:44,已完成,微信支付,58.15,6
O003198,C00124,2025-11-04 13:44:29,已完成,银行卡,60.07,5
O003199,C01551,2024-05-26 22:37:26,已完成,微信支付,10.56,3
O003200,C00296,2024-11-10 16:13:48,已完成,支付宝,21.98,2
O003201,C00850,2025-11-26 18:26:59,已完成,微信支付,20.19,6
O003202,C00971,2025-05-24 18:11:39,已完成,支付宝,48.64,7
O003203,C01201,2025-09-25 00:24:50,已完成,微信支付,20.67,3
O003204,C01518,2024-09-27 17:13:08,已完成,微信支付,41.27,6
O003205,C00017,2024-06-14 17:58:54,已完成,支付宝,35.37,7
O003206,C01371,2025-06-08 11:17:11,已完成,支付宝,46.85,7
O003207,C01031,2024-05-06 13:28:11,已完成,货到付款,28.11,4
O003208,C01031,2025-09-03 19:38:50,待发货,微信支付,74.0,7
O003209,C00690,2025-07-06 03:02:28,已完成,支付宝,77.2,4
O003210,C01166,2024-08-15 12:12:14,已完成,微信支付,28.07,4
O003211,C01190,2025-01-24 18:59:01,已完成,支付宝,73.14,5
O003212,C01385,2025-08-05 06:41:13,已完成,微信支付,63.44,3
O003213,C01501,2025-11-11 06:14:49,已完成,微信支付,18.09,7
O003214,C00337,2024-09-22 00:25:00,已完成,支付宝,45.02,3
O003215,C00475,2025-07-29 07:51:55,已完成,微信支付,30.21,5
O003216,C01815,2024-06-08 08:11:46,已完成,微信支付,64.07,3
O003217,C01983,2025-10-26 22:17:12,已完成,银行卡,71.51,5
O003218,C00213,2025-06-06 01:14:44,已完成,银行卡,49.79,2
O003219,C00541,2024-05-18 15:39:31,已完成,支付宝,50.41,1
O003220,C00663,2025-06-27 01:31:20,已完成,微信支付,57.7,7
O003221,C01358,2025-06-19 19:30:30,已完成,微信支付,39.61,7
O003222,C00869,2025-06-29 11:22:00,已完成,微信支付,37.65,3
O003223,C01501,2024-09-16 10:19:52,已完成,支付宝,45.06,3
O003224,C01080,2025-06-27 22:30:47,已完成,银行卡,65.47,7
O003225,C00022,2025-08-24 17:47:10,已完成,微信支付,51.79,5
O003226,C01166,2024-09-18 02:48:05,已完成,支付宝,11.52,2
O003227,C01066,2024-06-13 06:47:25,已完成,微信支付,11.23,4
O003228,C00083,2025-10-12 06:02:27,已完成,支付宝,33.27,5
O003229,C00170,2025-04-30 14:29:46,已完成,微信支付,52.73,2
O003230,C00017,2024-12-20 19:23:50,已发货,支付宝,31.29,3
O003231,C00382,2025-10-05 15:56:03,已完成,支付宝,30.54,3
O003232,C00637,2024-05-05 09:24:14,已完成,微信支付,71.64,4
O003233,C01059,2025-08-13 17:14:35,已完成,银行卡,69.46,3
O003234,C01530,2025-01-15 18:15:22,已完成,银行卡,38.05,4
O003235,C00833,2024-02-17 01:11:59,已完成,未知,57.46,5
O003236,C00148,2025-12-14 13:26:39,已完成,微信支付,36.17,5
O003237,C01526,2025-07-21 17:15:19,已完成,微信支付,48.25,1
O003238,C00869,2024-06-16 14:33:40,已完成,微信支付,21.96,7
O003239,C01544,2025-11-06 05:13:25,已完成,支付宝,39.8,6
O003240,C01078,2025-11-11 03:35:27,已完成,微信支付,51.4,3
O003241,C00882,2025-08-06 06:36:42,已完成,银行卡,35.34,5
O003242,C01159,2024-04-29 08:40:26,已完成,支付宝,60.75,4
O003243,C01324,2024-06-05 22:52:41,已完成,支付宝,21.39,2
O003244,C00407,2025-07-06 14:04:25,待发货,银行卡,1.03,2
O003245,C00605,2025-11-02 20:03:35,已发货,支付宝,73.14,7
O003246,C00065,2024-06-16 00:27:29,待发货,微信支付,28.88,5
O003247,C01777,2024-12-20 18:30:34,已完成,货到付款,20.17,4
O003248,C01336,2024-05-19 04:45:20,已完成,支付宝,38.08,3
O003249,C00690,2025-01-02 13:13:07,已完成,支付宝,19.95,3
O003250,C00408,2025-05-14 09:27:15,已完成,微信支付,58.66,2
O003251,C00639,2024-01-22 20:36:21,已完成,支付宝,24.54,6
O003252,C00823,2025-05-15 16:39:18,已完成,支付宝,79.34,4
O003253,C01960,2025-05-12 11:32:25,已取消,支付宝,22.1,3
O003254,C01364,2024-12-16 12:35:28,已完成,微信支付,28.95,1
O003255,C00032,2025-10-19 16:09:15,已完成,货到付款,43.07,6
O003256,C00563,2024-05-05 17:27:22,已完成,支付宝,0.27,3
O003257,C01692,2024-02-25 13:32:16,已完成,银行卡,0.33,5
O003258,C00017,2025-01-20 17:04:35,已发货,微信支付,18.7,6
O003259,C01840,2025-02-24 18:58:28,待发货,支付宝,6.53,4
O003260,C00563,2024-07-18 00:37:37,已完成,货到付款,60.81,6
O003261,C01806,2025-12-05 08:43:25,已完成,支付宝,69.75,5
O003262,C01867,2024-07-09 21:32:59,已完成,微信支付,33.06,4
O003263,C00122,2024-07-20 07:55:29,已完成,支付宝,41.32,6
O003264,C00083,2025-08-13 19:00:36,已完成,微信支付,49.02,1
O003265,C01124,2025-11-06 13:57:26,已完成,微信支付,7.59,4
O003266,C00451,2025-02-27 06:12:44,已完成,微信支付,37.59,3
O003267,C01143,2024-01-22 08:53:33,已完成,微信支付,76.75,3
O003268,C01777,2024-09-25 11:03:05,已完成,微信支付,16.63,5
O003269,C00840,2024-06-19 02:18:43,已完成,支付宝,6.72,5
O003270,C00772,2025-02-04 07:34:45,已完成,支付宝,22.45,5
O003271,C01340,2025-06-05 16:39:24,已完成,微信支付,43.83,4
O003272,C00850,2024-10-30 21:00:30,已取消,支付宝,69.48,5
O003273,C01235,2025-02-28 22:21:00,已完成,支付宝,28.38,7
O003274,C00610,2025-07-10 09:50:51,已取消,货到付款,27.58,5
O003275,C00552,2024-07-03 19:10:46,已完成,银行卡,27.45,5
O003276,C01464,2024-06-09 09:56:58,已完成,货到付款,67.27,3
O003277,C00382,2025-08-09 19:42:35,已完成,银行卡,37.54,6
O003278,C01552,2024-02-11 21:58:13,已完成,支付宝,26.51,3
O003279,C01601,2024-05-16 10:54:17,已完成,微信支付,14.16,4
O003280,C01867,2024-01-15 14:13:55,已完成,银行卡,10.05,3
O003281,C01472,2025-03-14 20:56:02,已完成,支付宝,77.93,4
O003282,C00044,2025-04-16 03:29:40,已完成,微信支付,38.91,3
O003283,C00592,2025-02-22 05:15:04,已完成,微信支付,5.78,4
O003284,C00601,2024-11-10 15:53:44,已发货,支付宝,72.51,5
O003285,C01871,2025-02-21 04:28:34,已完成,微信支付,76.33,7
O003286,C01053,2024-06-08 19:41:28,已退款,货到付款,18.97,2
O003287,C01890,2025-08-24 06:36:42,已完成,微信支付,25.29,6
O003288,C01108,2025-12-19 08:17:21,已退款,微信支付,76.84,2
O003289,C00286,2025-03-02 19:58:34,已完成,微信支付,1.26,5
O003290,C00819,2024-10-13 12:50:48,已完成,未知,25.95,2
O003291,C01878,2025-07-31 18:31:27,已完成,支付宝,34.41,2
O003292,C00108,2024-06-08 15:34:01,已完成,支付宝,61.63,3
O003293,C00617,2024-08-27 12:04:59,已完成,微信支付,29.42,7
O003294,C00372,2025-11-14 12:43:32,已完成,银行卡,27.07,5
O003295,C00819,2024-06-05 19:54:25,已完成,微信支付,58.35,3
O003296,C01576,2024-04-17 23:58:04,已发货,微信支付,67.94,7
O003297,C00193,2025-03-07 00:33:05,已完成,微信支付,7.46,3
O003298,C01983,2025-04-07 12:59:15,已完成,支付宝,11.4,4
O003299,C00384,2025-04-14 18:47:55,已完成,支付宝,52.78,3
O003300,C00617,2024-05-26 15:30:43,已完成,支付宝,25.15,6
O003301,C00563,2025-06-18 11:48:24,已完成,微信支付,53.47,5
O003302,C01280,2024-06-30 19:09:45,已完成,银行卡,13.92,4
O003303,C00173,2025-11-22 11:40:23,已完成,微信支付,64.32,6
O003304,C01405,2024-06-21 03:37:53,已完成,微信支付,25.71,2
O003305,C00930,2024-01-21 06:29:19,已完成,支付宝,26.81,7
O003306,C01551,2025-03-24 01:38:42,已完成,支付宝,14.31,5
O003307,C01405,2024-06-11 16:51:26,已完成,货到付款,16.91,4
O003308,C00776,2025-05-05 23:34:40,已完成,支付宝,47.87,7
O003309,C01867,2024-06-22 09:22:11,已完成,微信支付,46.53,6
O003310,C00292,2024-11-20 17:25:56,待发货,货到付款,65.95,3
O003311,C01248,2024-06-03 23:34:17,已完成,支付宝,50.42,3
O003312,C00263,2024-11-21 09:34:32,已完成,支付宝,34.23,5
O003313,C00829,2024-05-06 21:18:41,已完成,微信支付,64.27,6
O003314,C00815,2024-09-10 00:32:39,已退款,微信支付,1.33,7
O003315,C01561,2024-06-10 16:17:33,已完成,货到付款,56.14,5
O003316,C01648,2025-08-16 03:56:52,已完成,货到付款,43.46,4
O003317,C00330,2025-06-21 18:32:58,已发货,货到付款,17.67,2
O003318,C00255,2024-05-27 00:50:45,已退款,银行卡,51.0,6
O003319,C01518,2024-03-25 19:22:11,已发货,支付宝,78.93,4
O003320,C01764,2024-01-30 09:23:46,已完成,支付宝,27.72,4
O003321,C00473,2024-06-20 05:17:30,已完成,微信支付,51.08,3
O003322,C01957,2025-01-04 13:34:32,已取消,银行卡,35.15,7
O003323,C00433,2024-11-03 23:36:56,已完成,支付宝,31.4,5
O003324,C00563,2025-12-13 03:33:31,已完成,支付宝,24.57,3
O003325,C00554,2025-07-31 07:50:51,待发货,微信支付,18.32,3
O003326,C01802,2024-03-21 15:30:38,已完成,微信支付,18.85,5
O003327,C01717,2024-05-22 02:49:05,已完成,银行卡,61.94,2
O003328,C00408,2024-01-31 22:03:42,已完成,货到付款,25.9,3
O003329,C01327,2024-05-07 12:21:29,已完成,支付宝,42.37,5
O003330,C00541,2025-02-21 23:42:32,已完成,微信支付,17.08,6
O003331,C01119,2024-03-19 09:23:18,已完成,银行卡,17.0,4
O003332,C00819,2024-03-04 19:43:11,已退款,支付宝,46.97,3
O003333,C00124,2024-04-22 07:35:44,待发货,支付宝,46.62,4
O003334,C00591,2025-06-01 10:29:14,已完成,货到付款,40.42,2
O003335,C01548,2024-01-23 08:33:05,已发货,支付宝,55.45,7
O003336,C01646,2025-12-12 13:54:29,已完成,支付宝,50.96,5
O003337,C01364,2024-10-19 05:40:42,已完成,支付宝,16.01,7
O003338,C00449,2024-09-09 12:59:12,已取消,支付宝,4.44,6
O003339,C00829,2024-12-30 20:05:21,已取消,微信支付,21.57,7
O003340,C00142,2025-02-10 03:48:25,已完成,微信支付,34.5,2
O003341,C01489,2024-11-12 19:53:55,已完成,支付宝,16.66,7
O003342,C01802,2025-01-11 20:55:08,已完成,微信支付,38.59,5
O003343,C00449,2024-09-12 00:32:55,已完成,货到付款,2.94,4
O003344,C01312,2024-08-28 16:29:08,已完成,支付宝,38.17,5
O003345,C01544,2024-02-01 11:35:34,已完成,支付宝,28.12,7
O003346,C01031,2025-06-01 15:54:50,已发货,微信支付,76.73,6
O003347,C00475,2025-04-28 07:52:54,已完成,支付宝,70.14,4
O003348,C00541,2025-05-31 05:56:32,已完成,微信支付,76.09,3
O003349,C01345,2025-11-15 06:58:29,已完成,支付宝,52.71,3
O003350,C01091,2024-12-29 03:37:46,已完成,微信支付,77.76,6
O003351,C01159,2025-10-07 09:15:54,已完成,支付宝,15.16,6
O003352,C00278,2024-12-07 20:09:00,已完成,银行卡,42.59,5
O003353,C01361,2025-01-02 18:53:15,已完成,支付宝,59.45,3
O003354,C01815,2025-05-08 04:09:17,已完成,支付宝,38.59,4
O003355,C00789,2024-06-16 13:04:50,已完成,支付宝,17.1,4
O003356,C00610,2024-06-17 01:28:01,已完成,支付宝,52.31,1
O003357,C01535,2025-02-03 01:44:07,已发货,微信支付,77.7,4
O003358,C01812,2024-03-12 15:44:00,已完成,微信支付,41.86,5
O003359,C00437,2024-06-27 07:15:57,已完成,微信支付,19.85,6
O003360,C01364,2025-08-01 16:30:01,已完成,微信支付,0.0,5
O003361,C01405,2024-12-22 03:53:15,已完成,支付宝,8.33,4
O003362,C01802,2024-01-31 02:47:31,已完成,银行卡,62.18,7
O003363,C00182,2024-03-05 17:55:20,已完成,支付宝,38.82,5
O003364,C00908,2025-11-05 04:46:05,已完成,微信支付,16.69,5
O003365,C01526,2025-11-30 01:05:24,已完成,银行卡,68.81,4
O003366,C01209,2025-05-13 18:12:47,已完成,支付宝,34.89,6
O003367,C01526,2024-06-05 16:10:17,已取消,微信支付,63.66,4
O003368,C01526,2024-10-07 22:07:30,已完成,微信支付,64.9,7
O003369,C00031,2024-08-15 14:51:28,已完成,银行卡,57.43,7
O003370,C01523,2025-07-26 11:42:14,已完成,支付宝,77.81,7
O003371,C00124,2025-02-28 16:54:00,已完成,支付宝,71.75,3
O003372,C00431,2025-07-22 19:19:50,已完成,支付宝,10.04,4
O003373,C01032,2024-09-29 15:58:59,已完成,支付宝,27.5,5
O003374,C01385,2025-09-26 07:55:30,已完成,微信支付,76.34,7
O003375,C00776,2024-11-21 21:06:49,已完成,支付宝,52.45,7
O003376,C01472,2024-11-11 16:52:21,已完成,微信支付,35.5,5
O003377,C01448,2025-01-13 21:06:56,已发货,微信支付,68.97,3
O003378,C00122,2025-04-10 13:27:34,已完成,支付宝,51.11,5
O003379,C01198,2025-10-18 10:10:48,已完成,微信支付,29.65,2
O003380,C01229,2024-12-18 20:34:40,已完成,银行卡,21.7,2
O003381,C01364,2025-11-09 14:01:55,已完成,微信支付,68.09,3
O003382,C00475,2024-11-01 18:50:33,待发货,微信支付,67.74,5
O003383,C00867,2024-08-30 21:28:50,已完成,支付宝,73.46,4
O003384,C01932,2024-08-07 06:52:55,待发货,支付宝,62.76,5
O003385,C00976,2024-01-25 04:26:45,待发货,微信支付,14.78,2
O003386,C00563,2025-09-10 03:33:21,已完成,银行卡,31.08,2
O003387,C00610,2024-03-22 14:44:05,已完成,支付宝,26.25,2
O003388,C01474,2024-09-07 19:58:24,已完成,微信支付,20.63,3
O003389,C00592,2024-07-06 23:22:41,已完成,微信支付,63.58,5
O003390,C01736,2025-06-30 00:31:51,已完成,银行卡,9.97,6
O003391,C01886,2025-11-10 00:19:46,已完成,支付宝,38.34,7
O003392,C01209,2025-08-17 16:02:38,已完成,微信支付,69.25,3
O003393,C00511,2024-08-26 06:52:32,已完成,微信支付,63.12,4
O003394,C01983,2024-12-17 11:33:57,已取消,支付宝,21.39,2
O003395,C00340,2024-07-04 01:22:14,已完成,微信支付,2.84,7
O003396,C01610,2025-11-07 01:46:47,已完成,微信支付,33.11,7
O003397,C00193,2024-04-22 12:49:33,已完成,未知,47.48,4
O003398,C00554,2025-11-25 16:59:30,已完成,银行卡,68.38,2
O003399,C00032,2025-08-15 21:26:23,待发货,微信支付,42.26,5
O003400,C00557,2025-06-14 11:06:38,已完成,微信支付,21.27,7
O003401,C00206,2025-07-19 15:29:59,已完成,微信支付,55.26,2
O003402,C01874,2024-09-11 20:26:24,已完成,银行卡,32.13,3
O003403,C01802,2024-08-08 10:12:06,已退款,支付宝,66.02,5
O003404,C00017,2024-10-19 05:35:07,已完成,微信支付,1.9,4
O003405,C01548,2024-06-04 19:24:10,已取消,支付宝,33.52,3
O003406,C00610,2025-07-01 00:52:24,已完成,支付宝,33.77,5
O003407,C01815,2024-12-30 06:02:00,已取消,微信支付,47.0,4
O003408,C01476,2025-10-11 03:42:16,已完成,货到付款,28.69,6
O003409,C00282,2025-10-04 15:36:41,已发货,微信支付,32.17,4
O003410,C01031,2024-05-19 06:13:40,已完成,支付宝,58.79,4
O003411,C00337,2024-06-17 08:21:40,已完成,支付宝,13.7,3
O003412,C00433,2024-11-08 15:51:40,已完成,支付宝,19.07,7
O003413,C01457,2024-04-22 07:21:04,已完成,微信支付,0.0,2
O003414,C00033,2025-06-07 08:39:56,已完成,支付宝,20.61,6
O003415,C01983,2025-06-26 11:30:17,已完成,支付宝,40.43,6
O003416,C00736,2025-06-18 02:53:04,待发货,银行卡,15.13,2
O003417,C01269,2024-12-27 22:39:48,已完成,微信支付,5.89,4
O003418,C01754,2025-09-06 23:50:28,已完成,微信支付,79.71,4
O003419,C00609,2025-04-20 17:54:20,已完成,货到付款,36.42,4
O003420,C00605,2025-12-27 02:07:23,已完成,支付宝,66.52,7
O003421,C01361,2025-08-16 11:50:34,已完成,支付宝,59.1,4
O003422,C00193,2025-06-18 08:57:31,已完成,支付宝,13.24,7
O003423,C00337,2024-04-26 03:02:00,已完成,微信支付,40.98,3
O003424,C00472,2025-08-29 21:27:07,已发货,货到付款,45.43,3
O003425,C01474,2024-08-15 09:15:56,已完成,支付宝,12.63,7
O003426,C00122,2024-11-12 15:58:29,已完成,银行卡,8.95,7
O003427,C00932,2024-12-22 16:21:59,已完成,支付宝,21.06,6
O003428,C00605,2024-09-05 07:11:39,已完成,银行卡,20.9,4
O003429,C00307,2024-04-14 08:05:44,待发货,微信支付,22.21,4
O003430,C00312,2024-06-10 23:47:18,已完成,微信支付,20.2,1
O003431,C01742,2025-08-08 19:03:50,待发货,微信支付,43.75,6
O003432,C00916,2025-05-21 12:18:39,已完成,银行卡,23.55,3
O003433,C01865,2025-11-16 12:33:45,已完成,支付宝,61.73,5
O003434,C00011,2025-08-20 00:02:15,已完成,支付宝,4.19,4
O003435,C00740,2024-11-04 04:10:35,已完成,微信支付,49.72,5
O003436,C01257,2025-07-27 00:59:22,已完成,支付宝,61.8,4
O003437,C00384,2025-03-30 19:27:54,已完成,支付宝,34.97,6
O003438,C00022,2024-08-01 22:18:54,已完成,支付宝,25.55,4
O003439,C00044,2025-12-15 03:52:21,已完成,支付宝,24.25,6
O003440,C01143,2025-11-08 06:04:01,已完成,微信支付,26.22,6
O003441,C00384,2024-04-17 08:15:14,已完成,支付宝,9.39,4
O003442,C00849,2025-09-03 19:51:16,已完成,微信支付,46.49,4
O003443,C00449,2024-03-20 09:45:01,已完成,微信支付,49.88,3
O003444,C01145,2025-11-08 01:25:56,已完成,微信支付,31.17,4
O003445,C00493,2025-05-03 14:58:27,已完成,银行卡,76.47,5
O003446,C00287,2024-05-27 03:34:08,已完成,微信支付,72.91,4
O003447,C01544,2025-08-17 15:44:36,待发货,微信支付,23.83,4
O003448,C01501,2025-02-08 20:59:23,已取消,支付宝,58.59,7
O003449,C00083,2024-03-04 01:30:10,已完成,支付宝,9.31,4
O003450,C01644,2025-08-04 23:28:27,已完成,银行卡,60.63,6
O003451,C00262,2025-07-28 15:39:35,已完成,支付宝,58.86,5
O003452,C00449,2025-01-06 01:04:39,已完成,支付宝,28.53,3
O003453,C01244,2025-06-21 05:25:13,已完成,微信支付,30.96,5
O003454,C01331,2024-02-14 04:41:36,已取消,微信支付,46.88,5
O003455,C01072,2024-08-25 21:22:47,已发货,微信支付,22.42,3
O003456,C00554,2025-06-02 17:42:37,待发货,支付宝,45.82,7
O003457,C01032,2024-06-22 08:24:57,已完成,微信支付,71.01,3
O003458,C01802,2024-12-13 12:11:56,已完成,银行卡,35.59,3
O003459,C01460,2025-11-10 08:08:29,已完成,货到付款,16.34,2
O003460,C00407,2025-08-24 09:32:23,已完成,支付宝,0.0,4
O003461,C00952,2025-03-16 15:11:27,已完成,支付宝,52.23,3
O003462,C00589,2025-03-30 04:22:29,已完成,银行卡,42.08,7
O003463,C01117,2025-10-11 18:31:10,已发货,微信支付,1.89,7
O003464,C00076,2025-09-21 22:02:57,已完成,货到付款,53.54,3
O003465,C00597,2024-03-30 23:25:34,已完成,微信支付,2.95,7
O003466,C01526,2024-12-24 04:18:07,已完成,支付宝,33.39,3
O003467,C01472,2024-06-07 09:18:54,已取消,微信支付,33.15,7
O003468,C01166,2024-03-25 06:54:56,已取消,支付宝,67.71,2
O003469,C00878,2024-08-05 15:55:33,已完成,微信支付,69.01,2
O003470,C01327,2025-04-24 07:18:56,已完成,未知,62.0,4
O003471,C01812,2025-08-02 09:52:58,已完成,支付宝,65.58,6
O003472,C00475,2025-11-02 03:13:57,已完成,微信支付,17.5,6
O003473,C00633,2024-11-15 13:20:57,已发货,微信支付,57.3,3
O003474,C00867,2024-11-14 12:56:04,已取消,银行卡,59.94,3
O003475,C00460,2024-05-18 13:06:01,已完成,微信支付,62.25,4
O003476,C00763,2024-06-09 08:22:34,已完成,支付宝,63.58,2
O003477,C00680,2024-04-10 18:48:44,已完成,微信支付,13.06,2
O003478,C01472,2025-12-16 14:56:50,已完成,支付宝,20.55,4
O003479,C00763,2024-04-29 04:56:38,已完成,货到付款,62.69,3
O003480,C01425,2025-07-08 08:52:18,已完成,支付宝,11.79,4
O003481,C00725,2024-08-24 15:57:55,待发货,货到付款,9.92,3
O003482,C00789,2025-02-28 02:28:35,已完成,支付宝,78.16,5
O003483,C00292,2025-09-29 08:19:40,已完成,支付宝,77.42,5
O003484,C00563,2025-11-11 20:23:15,已完成,微信支付,26.94,6
O003485,C00044,2024-06-29 10:07:45,已完成,货到付款,0.69,3
O003486,C00663,2025-11-01 12:08:07,已发货,银行卡,31.86,5
O003487,C01246,2024-07-07 16:58:52,已发货,微信支付,2.07,3
O003488,C01742,2025-08-09 07:11:51,已完成,微信支付,11.47,5
O003489,C00850,2024-01-18 19:36:40,已完成,微信支付,17.93,6
O003490,C01544,2025-02-26 00:13:58,已完成,微信支付,67.14,6
O003491,C01145,2025-06-19 11:39:54,已取消,微信支付,30.02,5
O003492,C01230,2025-09-02 14:28:04,已完成,货到付款,0.66,5
O003493,C01867,2025-09-04 05:06:13,已完成,银行卡,50.95,4
O003494,C00291,2024-08-10 18:22:07,已完成,支付宝,5.65,5
O003495,C01556,2025-09-13 01:43:19,已完成,微信支付,71.53,3
O003496,C01357,2024-08-29 15:48:35,已完成,支付宝,19.63,6
O003497,C01078,2024-06-25 15:17:08,已完成,货到付款,19.02,4
O003498,C00541,2024-01-02 18:17:05,已完成,银行卡,31.76,4
O003499,C00928,2024-06-26 04:43:38,已完成,银行卡,8.6,7
O003500,C01571,2024-04-22 03:25:37,已完成,支付宝,1.85,5
O003501,C01060,2025-06-02 13:04:21,已完成,支付宝,73.15,5
O003502,C01385,2024-05-12 23:07:43,已完成,微信支付,69.09,4
O003503,C00291,2025-04-06 18:22:35,已完成,银行卡,73.31,6
O003504,C00667,2024-04-28 05:16:24,已完成,支付宝,54.13,3
O003505,C01061,2025-06-12 09:07:04,已完成,支付宝,1.04,5
O003506,C00953,2024-07-31 06:46:45,已完成,支付宝,77.86,2
O003507,C01465,2024-08-18 18:27:37,已完成,微信支付,56.7,5
O003508,C01364,2025-05-13 12:42:06,已完成,微信支付,33.22,2
O003509,C01960,2025-11-13 10:00:11,已完成,银行卡,58.6,5
O003510,C00017,2025-12-26 00:24:18,已完成,支付宝,45.37,4
O003511,C00124,2024-09-26 15:28:10,已完成,微信支付,53.73,4
O003512,C00095,2025-11-20 10:34:48,已完成,支付宝,65.93,3
O003513,C01548,2025-04-25 00:58:56,已完成,微信支付,74.89,3
O003514,C00592,2025-10-29 04:27:05,已完成,支付宝,63.73,6
O003515,C01154,2024-02-02 17:29:14,待发货,支付宝,71.67,4
O003516,C00291,2024-02-07 17:53:17,已完成,支付宝,45.4,4
O003517,C01198,2024-03-17 11:23:59,已完成,货到付款,27.07,4
O003518,C00967,2025-08-09 18:23:37,已完成,微信支付,53.58,3
O003519,C00017,2024-05-07 17:09:57,已完成,货到付款,44.5,5
O003520,C00864,2024-06-02 14:43:14,已完成,支付宝,4.5,4
O003521,C01179,2025-04-06 05:01:04,已完成,银行卡,46.07,6
O003522,C00786,2025-12-01 10:13:28,已完成,银行卡,33.39,2
O003523,C01364,2025-03-23 19:25:49,已完成,微信支付,29.57,2
O003524,C00263,2025-06-22 07:26:50,已完成,支付宝,57.96,4
O003525,C01361,2024-06-06 15:02:28,已发货,微信支付,70.81,5
O003526,C00255,2025-11-02 19:31:16,已完成,支付宝,15.77,7
O003527,C01818,2024-03-01 12:58:02,已完成,微信支付,63.59,2
O003528,C01159,2024-07-29 12:06:26,已完成,微信支付,13.57,4
O003529,C01287,2024-12-15 04:29:32,已完成,银行卡,46.12,4
O003530,C01802,2024-06-20 11:35:01,已完成,银行卡,67.86,3
O003531,C00182,2025-05-28 01:19:56,已完成,支付宝,72.47,4
O003532,C00763,2025-06-04 02:34:42,已完成,支付宝,24.68,7
O003533,C01256,2024-06-15 13:20:19,已完成,银行卡,65.51,1
O003534,C00469,2024-01-11 05:09:21,已发货,货到付款,70.3,2
O003535,C01844,2024-03-17 08:50:21,已完成,微信支付,13.82,5
O003536,C01145,2024-01-01 08:59:51,已完成,微信支付,30.78,4
O003537,C00678,2025-10-28 11:23:43,已完成,银行卡,62.1,5
O003538,C00718,2025-05-01 16:05:05,已取消,微信支付,1.18,3
O003539,C01190,2024-05-07 10:09:18,已完成,支付宝,50.06,5
O003540,C01736,2024-04-02 20:53:46,已取消,未知,33.17,3
O003541,C01385,2025-08-17 11:52:21,已完成,支付宝,41.4,3
O003542,C00187,2025-08-13 23:29:48,已发货,微信支付,33.47,4
O003543,C00108,2025-11-08 23:52:30,已完成,支付宝,15.63,3
O003544,C01327,2024-05-22 10:13:46,待发货,支付宝,27.88,4
O003545,C01977,2025-02-15 18:24:31,已发货,银行卡,68.88,4
O003546,C00610,2024-04-25 10:06:44,已完成,支付宝,48.88,4
O003547,C01669,2025-08-02 21:32:25,已取消,银行卡,38.18,6
O003548,C01031,2024-11-09 18:41:14,已完成,微信支付,56.48,3
O003549,C00327,2025-06-09 08:57:52,已完成,微信支付,14.7,5
O003550,C00518,2024-02-04 07:45:25,已完成,货到付款,6.68,3
O003551,C00908,2025-07-21 21:39:00,已发货,未知,43.89,7
O003552,C01364,2024-06-22 12:40:23,已完成,微信支付,0.92,4
O003553,C01327,2025-09-05 16:37:24,已完成,微信支付,11.86,6
O003554,C00270,2024-06-05 16:25:14,已完成,支付宝,57.36,2
O003555,C01159,2025-07-30 03:30:52,待发货,银行卡,72.13,2
O003556,C01716,2024-05-04 05:10:29,已完成,银行卡,22.82,7
O003557,C00080,2025-05-28 21:01:22,已完成,微信支付,30.61,7
O003558,C00475,2025-07-22 06:47:41,已完成,微信支付,54.48,7
O003559,C00373,2024-10-24 20:29:38,已发货,微信支付,64.39,5
O003560,C01815,2024-07-02 08:52:28,已完成,货到付款,20.82,7
O003561,C00554,2024-09-15 20:07:58,已完成,支付宝,66.09,3
O003562,C00786,2024-08-09 13:23:58,已完成,微信支付,77.81,6
O003563,C01526,2025-05-08 02:15:28,已完成,微信支付,7.04,4
O003564,C00591,2024-02-18 06:50:42,已完成,微信支付,17.95,7
O003565,C00475,2024-02-15 22:22:03,已完成,支付宝,58.09,5
O003566,C01364,2024-08-02 04:38:26,已完成,支付宝,2.94,4
O003567,C01465,2024-07-25 05:05:26,已完成,支付宝,22.72,7
O003568,C00744,2024-06-02 03:31:24,已完成,支付宝,67.56,6
O003569,C00348,2025-06-16 14:26:50,待发货,微信支付,54.53,2
O003570,C01209,2024-01-28 19:36:35,已完成,支付宝,51.26,4
O003571,C01688,2025-11-07 22:35:28,已完成,支付宝,48.96,7
O003572,C01408,2025-07-08 21:06:25,已完成,微信支付,40.15,5
O003573,C00922,2024-11-04 21:03:37,已完成,支付宝,61.34,6
O003574,C01305,2025-09-18 21:07:13,已完成,银行卡,69.22,2
O003575,C00925,2025-04-28 13:13:14,已完成,支付宝,63.64,6
O003576,C01364,2025-03-26 19:43:31,待发货,支付宝,38.62,4
O003577,C00675,2024-08-21 15:16:19,已发货,支付宝,62.28,6
O003578,C01430,2025-05-28 03:58:40,已完成,微信支付,60.43,6
O003579,C00291,2024-05-08 00:05:54,已完成,微信支付,36.46,6
O003580,C00475,2025-02-17 02:30:21,已完成,支付宝,26.73,4
O003581,C00629,2024-04-20 08:42:34,已发货,微信支付,32.81,2
O003582,C00031,2024-12-08 11:03:16,已完成,支付宝,39.46,4
O003583,C00819,2025-04-27 15:30:47,已完成,支付宝,11.76,6
O003584,C01777,2024-05-19 12:04:13,已完成,微信支付,17.48,2
O003585,C00718,2024-06-18 08:47:31,已完成,货到付款,8.15,4
O003586,C00592,2025-08-15 17:28:21,已完成,银行卡,5.78,4
O003587,C00456,2024-07-10 20:51:45,已取消,微信支付,45.29,1
O003588,C01932,2024-04-04 05:39:14,已完成,支付宝,55.85,3
O003589,C00429,2024-09-04 06:19:12,已完成,微信支付,49.09,1
O003590,C00433,2025-11-11 22:09:45,已完成,货到付款,58.15,4
O003591,C00122,2025-06-08 23:09:33,已完成,支付宝,32.52,7
O003592,C00433,2025-03-30 07:01:38,已完成,支付宝,63.93,5
O003593,C01526,2025-09-03 12:18:47,已完成,货到付款,59.81,6
O003594,C00589,2025-05-26 13:43:17,已完成,支付宝,56.88,4
O003595,C00407,2025-08-13 15:21:14,已完成,银行卡,61.28,4
O003596,C01812,2025-05-24 20:08:59,已完成,微信支付,18.52,2
O003597,C01229,2025-09-22 02:04:06,已完成,微信支付,45.56,2
O003598,C00819,2025-05-03 12:26:38,已退款,支付宝,61.99,5
O003599,C01472,2024-07-16 05:12:23,已退款,银行卡,7.91,6
O003600,C01317,2024-02-15 18:44:08,已完成,微信支付,19.77,5
O003601,C00405,2024-04-12 14:20:57,已完成,支付宝,39.27,3
O003602,C00782,2025-02-05 17:07:49,已完成,银行卡,33.13,4
O003603,C00437,2025-12-13 21:16:13,已完成,微信支付,73.14,7
O003604,C01145,2025-07-10 18:26:45,已完成,支付宝,60.05,6
O003605,C00541,2025-07-20 20:02:46,已完成,微信支付,3.27,6
O003606,C00193,2025-05-28 19:06:30,已完成,微信支付,37.22,7
O003607,C00029,2025-10-26 15:57:57,已完成,微信支付,61.0,4
O003608,C01110,2025-06-24 09:20:14,已发货,银行卡,53.52,4
O003609,C00202,2024-07-12 08:44:04,已完成,微信支付,43.01,4
O003610,C01367,2025-01-24 08:54:48,已完成,微信支付,6.82,2
O003611,C01014,2024-11-05 14:06:21,已完成,支付宝,73.21,7
O003612,C00433,2024-05-26 19:41:07,已完成,微信支付,33.21,4
O003613,C01472,2024-06-18 08:49:58,已完成,支付宝,11.61,3
O003614,C01556,2024-07-31 13:01:25,已完成,支付宝,6.75,5
O003615,C01867,2024-06-01 09:18:51,已完成,银行卡,62.78,4
O003616,C00841,2024-06-16 14:08:49,已完成,银行卡,49.02,5
O003617,C00763,2025-11-03 19:01:18,已完成,微信支付,20.14,5
O003618,C01867,2024-09-15 09:17:48,待发货,支付宝,42.64,4
O003619,C01872,2025-08-24 09:10:28,已完成,支付宝,75.72,3
O003620,C01530,2024-03-09 04:53:37,已完成,微信支付,39.45,7
O003621,C00753,2025-12-20 11:14:17,已完成,支付宝,31.25,4
O003622,C01236,2025-07-13 10:44:00,已完成,银行卡,24.63,7
O003623,C01736,2025-10-29 03:03:11,已完成,支付宝,14.58,4
O003624,C01128,2025-02-18 23:37:19,已完成,支付宝,72.83,4
O003625,C00455,2025-05-09 20:41:32,已完成,微信支付,13.74,1
O003626,C00970,2024-09-30 06:09:51,已完成,支付宝,4.37,4
O003627,C01526,2024-11-24 22:25:10,已完成,支付宝,11.42,6
O003628,C00384,2025-07-04 06:55:43,已完成,支付宝,14.6,3
O003629,C00776,2024-02-24 10:36:44,已完成,货到付款,33.99,7
O003630,C01648,2024-02-10 03:48:48,已发货,货到付款,72.77,2
O003631,C00924,2025-10-01 14:25:48,已取消,货到付款,10.79,7
O003632,C00937,2024-04-16 11:14:03,已完成,支付宝,11.69,4
O003633,C00033,2025-06-18 06:28:13,已完成,支付宝,34.99,4
O003634,C01078,2024-06-10 06:24:56,已完成,微信支付,72.3,5
O003635,C00793,2024-10-05 22:58:37,已发货,货到付款,74.17,7
O003636,C01669,2024-08-06 16:25:13,已完成,支付宝,76.07,7
O003637,C01690,2025-01-15 03:37:59,已完成,微信支付,10.15,3
O003638,C00592,2025-08-24 03:35:19,已发货,微信支付,56.44,3
O003639,C01309,2025-10-02 01:22:17,已完成,银行卡,51.79,3
O003640,C00737,2024-06-18 05:22:50,已完成,微信支付,2.44,7
O003641,C01530,2024-09-10 17:50:57,已完成,支付宝,53.78,3
O003642,C00430,2025-09-01 01:12:24,已完成,支付宝,55.76,4
O003643,C00127,2024-03-31 05:24:38,待发货,微信支付,52.53,4
O003644,C01215,2024-04-21 00:40:38,已完成,银行卡,17.26,6
O003645,C00594,2025-01-04 15:03:13,已完成,银行卡,26.59,4
O003646,C00193,2025-07-30 19:40:33,已完成,微信支付,44.3,4
O003647,C01548,2024-09-08 12:49:03,已完成,微信支付,11.07,6
O003648,C00153,2024-03-13 21:26:51,已完成,支付宝,12.7,7
O003649,C01413,2025-12-11 16:34:49,已完成,微信支付,55.9,4
O003650,C00465,2025-11-13 18:29:09,已完成,微信支付,13.26,3
O003651,C01776,2025-05-20 07:39:36,已完成,货到付款,1.33,6
O003652,C00629,2025-06-05 20:03:05,已完成,微信支付,14.81,4
O003653,C01790,2025-11-10 15:37:05,已完成,支付宝,6.04,6
O003654,C01383,2025-05-15 02:27:37,已完成,微信支付,22.57,3
O003655,C01072,2025-07-28 01:02:47,已完成,微信支付,60.83,3
O003656,C00182,2024-12-22 21:48:50,已完成,微信支付,62.89,7
O003657,C01882,2024-06-21 06:09:19,已完成,微信支付,5.71,2
O003658,C00502,2025-08-28 11:35:55,已完成,支付宝,45.62,4
O003659,C00433,2025-06-06 18:51:32,已完成,银行卡,7.04,5
O003660,C00262,2024-08-03 18:55:23,已完成,支付宝,14.97,6
O003661,C00253,2025-05-02 00:37:20,已完成,银行卡,62.74,1
O003662,C01472,2025-08-17 14:42:44,已完成,微信支付,77.76,7
O003663,C01932,2024-07-20 21:35:22,已完成,支付宝,21.73,6
O003664,C00337,2025-07-15 08:46:23,已完成,银行卡,62.14,4
O003665,C00349,2024-03-16 13:58:23,已完成,支付宝,27.36,5
O003666,C00001,2025-05-03 06:27:19,已完成,货到付款,62.76,4
O003667,C01095,2025-12-31 17:24:23,已完成,支付宝,45.62,3
O003668,C00989,2025-09-24 02:10:01,已完成,货到付款,43.71,3
O003669,C01831,2025-10-02 12:58:52,已完成,微信支付,64.7,7
O003670,C00017,2025-06-04 09:54:15,已完成,微信支付,55.69,7
O003671,C00856,2024-12-21 15:42:26,已退款,微信支付,77.66,6
O003672,C00475,2025-06-03 11:39:10,已完成,银行卡,29.01,7
O003673,C00033,2024-08-27 23:12:32,已完成,微信支付,76.4,5
O003674,C00502,2025-03-12 23:54:16,已完成,微信支付,66.21,5
O003675,C01850,2025-03-02 06:03:10,已完成,货到付款,39.48,4
O003676,C01327,2025-03-05 00:37:17,已完成,支付宝,40.07,4
O003677,C01867,2024-11-09 11:15:54,已完成,微信支付,72.16,5
O003678,C01571,2024-09-22 14:27:51,已发货,微信支付,47.0,3
O003679,C01032,2024-09-04 18:05:47,已完成,支付宝,27.02,7
O003680,C00286,2024-06-19 12:08:12,已取消,银行卡,3.31,7
O003681,C01327,2024-12-01 14:22:38,已完成,支付宝,23.97,6
O003682,C00611,2024-04-22 00:23:49,已完成,微信支付,17.39,4
O003683,C01860,2025-10-25 18:52:38,已完成,支付宝,10.32,3
O003684,C00337,2024-03-13 07:35:51,待发货,支付宝,53.81,6
O003685,C00320,2025-09-01 09:01:12,已完成,银行卡,31.66,1
O003686,C00723,2024-06-30 10:55:27,已完成,支付宝,7.57,3
O003687,C00588,2025-09-13 01:36:19,待发货,银行卡,26.16,5
O003688,C00599,2025-06-17 11:49:43,已完成,支付宝,11.23,6
O003689,C01078,2025-11-05 09:55:07,已完成,微信支付,47.89,4
O003690,C00624,2025-09-27 05:30:19,已完成,支付宝,34.15,4
O003691,C00214,2025-06-11 05:10:42,已完成,未知,74.74,4
O003692,C01918,2024-05-17 00:26:01,已完成,微信支付,48.7,3
O003693,C00111,2025-03-09 21:41:15,已完成,支付宝,61.21,7
O003694,C01091,2024-09-12 07:01:42,已完成,微信支付,26.8,6
O003695,C01669,2025-10-11 20:56:14,已完成,支付宝,60.36,7
O003696,C01777,2025-09-28 20:21:36,已完成,支付宝,58.78,3
O003697,C00502,2024-08-22 10:39:24,已完成,微信支付,79.27,5
O003698,C01166,2025-06-01 19:58:27,已完成,支付宝,52.89,1
O003699,C00184,2024-09-10 05:51:21,已完成,支付宝,73.29,4
O003700,C00450,2025-06-03 04:44:53,已完成,支付宝,69.35,1
O003701,C01135,2025-04-26 21:17:43,已完成,货到付款,73.5,5
O003702,C00575,2025-02-04 15:31:43,已完成,银行卡,45.85,3
O003703,C01536,2025-10-04 16:30:47,已完成,微信支付,17.92,6
O003704,C01777,2024-07-03 22:51:25,已完成,支付宝,46.8,2
O003705,C00592,2025-08-03 00:02:06,已取消,支付宝,73.73,2
O003706,C01872,2025-06-07 04:01:03,已完成,银行卡,77.84,4
O003707,C01756,2024-07-28 23:07:28,已完成,微信支付,75.69,7
O003708,C00511,2024-11-13 03:57:52,已发货,支付宝,35.29,5
O003709,C00350,2024-03-13 10:32:28,已完成,微信支付,64.35,4
O003710,C00193,2025-04-14 00:41:59,已完成,银行卡,39.08,6
O003711,C01209,2025-10-12 07:05:31,已完成,银行卡,55.34,4
O003712,C01857,2024-04-22 04:00:38,已完成,微信支付,34.52,3
O003713,C01028,2024-05-03 06:39:04,待发货,支付宝,24.21,2
O003714,C01548,2024-12-30 19:42:46,已完成,微信支付,35.35,7
O003715,C00122,2024-07-28 06:25:53,已完成,微信支付,24.56,4
O003716,C01066,2024-07-25 19:04:30,已完成,微信支付,33.85,2
O003717,C00219,2025-05-12 21:29:54,已完成,银行卡,54.21,2
O003718,C01028,2024-11-08 12:38:14,已完成,微信支付,16.06,4
O003719,C00475,2025-09-07 12:12:29,已完成,支付宝,54.14,5
O003720,C00610,2024-11-21 08:18:54,待发货,银行卡,5.89,3
O003721,C00976,2025-04-27 16:44:36,已完成,微信支付,0.13,7
O003722,C01221,2024-11-02 19:12:41,已完成,支付宝,18.64,4
O003723,C00957,2024-07-10 20:05:24,已完成,未知,16.19,4
O003724,C00015,2024-12-28 04:37:32,已完成,银行卡,66.65,7
O003725,C00554,2025-06-17 16:01:22,已完成,微信支付,60.48,6
O003726,C00773,2025-11-26 03:26:40,已完成,微信支付,53.31,2
O003727,C01709,2024-02-16 11:34:03,已完成,支付宝,56.5,2
O003728,C01631,2025-02-23 02:03:30,已完成,微信支付,53.04,4
O003729,C00703,2025-05-10 13:39:55,已完成,支付宝,66.12,7
O003730,C01551,2024-03-27 20:49:03,已完成,微信支付,42.71,7
O003731,C00823,2025-08-26 19:58:27,已完成,银行卡,1.41,4
O003732,C01754,2024-07-24 17:15:39,已完成,微信支付,69.07,7
O003733,C01932,2025-10-01 13:19:05,已取消,支付宝,37.63,3
O003734,C00763,2025-03-12 14:37:00,已完成,银行卡,74.27,4
O003735,C00207,2024-05-17 02:35:09,已完成,微信支付,71.44,4
O003736,C01928,2025-06-27 17:36:13,已完成,支付宝,31.95,3
O003737,C01028,2024-05-20 16:18:52,已完成,货到付款,74.65,7
O003738,C00592,2025-06-17 03:03:09,已完成,支付宝,4.69,6
O003739,C01664,2025-08-11 15:01:38,已完成,微信支付,52.99,2
O003740,C01221,2025-03-30 09:59:20,已完成,银行卡,54.52,5
O003741,C01327,2024-07-21 12:24:32,已完成,微信支付,67.21,4
O003742,C00407,2024-11-30 19:26:54,已完成,微信支付,37.72,4
O003743,C01082,2025-02-20 07:37:51,已完成,微信支付,19.25,3
O003744,C00702,2025-05-29 22:12:04,待发货,支付宝,3.53,5
O003745,C01812,2025-05-09 10:22:05,待发货,微信支付,37.38,2
O003746,C00337,2024-11-03 12:26:21,已完成,微信支付,36.26,1
O003747,C01932,2025-07-09 00:05:48,已完成,支付宝,28.51,2
O003748,C00263,2025-07-17 02:36:45,已完成,微信支付,50.91,4
O003749,C00193,2025-06-09 06:11:37,已完成,银行卡,42.51,7
O003750,C00563,2024-07-21 23:00:51,已完成,支付宝,9.24,6
O003751,C01545,2024-12-27 06:37:10,已完成,支付宝,3.85,2
O003752,C00033,2024-11-25 09:18:44,待发货,微信支付,71.25,3
O003753,C00433,2025-08-17 20:43:58,已完成,银行卡,59.37,7
O003754,C01815,2025-08-11 07:32:57,已完成,微信支付,37.06,2
O003755,C00044,2025-09-23 19:01:42,已完成,微信支付,39.68,4
O003756,C01621,2024-06-23 02:41:41,已完成,微信支付,9.16,2
O003757,C00766,2025-07-03 03:02:13,已完成,货到付款,21.08,4
O003758,C00819,2025-09-27 00:18:44,已完成,支付宝,65.98,7
O003759,C00044,2024-05-27 02:41:14,已完成,微信支付,10.11,5
O003760,C00291,2024-02-14 14:24:25,已完成,微信支付,8.34,5
O003761,C00266,2024-04-12 02:23:07,已完成,支付宝,44.65,4
O003762,C01736,2025-04-20 14:13:18,已退款,微信支付,67.23,7
O003763,C01800,2024-11-13 14:26:04,已完成,支付宝,30.33,7
O003764,C00592,2024-06-09 05:17:27,已完成,微信支付,51.67,5
O003765,C01327,2025-02-20 00:56:04,已完成,微信支付,72.17,7
O003766,C01548,2025-07-26 03:41:46,已完成,银行卡,71.3,4
O003767,C00066,2025-09-15 03:54:39,已发货,支付宝,37.43,7
O003768,C00198,2025-07-05 12:20:39,已完成,微信支付,23.65,5
O003769,C01364,2025-10-10 22:57:42,已取消,微信支付,45.87,5
O003770,C00287,2025-04-19 10:16:46,已完成,银行卡,73.94,5
O003771,C01777,2025-09-01 15:18:40,已完成,银行卡,54.47,4
O003772,C00610,2024-11-11 07:17:37,已完成,支付宝,76.41,2
O003773,C01361,2025-09-13 02:35:10,待发货,银行卡,46.33,6
O003774,C00800,2025-10-19 05:36:43,已完成,微信支付,1.7,5
O003775,C00563,2025-06-06 11:03:29,已完成,微信支付,35.83,3
O003776,C01035,2024-11-23 20:33:09,已完成,微信支付,72.26,5
O003777,C00364,2024-07-28 05:57:28,已完成,微信支付,2.7,2
O003778,C00789,2024-08-31 23:24:19,已完成,银行卡,49.44,3
O003779,C01436,2024-05-03 15:41:11,已完成,微信支付,30.23,5
O003780,C01448,2024-02-21 08:37:33,已完成,支付宝,32.29,3
O003781,C01229,2024-11-10 14:58:53,已完成,微信支付,45.41,6
O003782,C01060,2024-02-17 16:38:00,已完成,未知,32.93,4
O003783,C00193,2025-10-06 16:28:08,已完成,银行卡,73.61,5
O003784,C01754,2025-05-19 20:00:54,已完成,支付宝,24.3,7
O003785,C00763,2025-09-06 15:48:41,已完成,未知,60.74,4
O003786,C00591,2024-12-08 00:20:14,待发货,银行卡,7.37,3
O003787,C01501,2024-06-19 09:55:22,已完成,银行卡,26.63,4
O003788,C00433,2024-08-04 21:14:05,已完成,支付宝,12.63,5
O003789,C01380,2025-09-14 04:26:50,已完成,支付宝,17.59,5
O003790,C01439,2024-04-25 11:49:39,已完成,微信支付,45.16,5
O003791,C01777,2025-06-10 12:09:13,已完成,支付宝,27.36,4
O003792,C01484,2024-06-20 13:16:11,待发货,货到付款,3.9,3
O003793,C00337,2024-09-23 20:47:41,已完成,微信支付,69.07,4
O003794,C00563,2024-01-04 12:19:33,已完成,微信支付,54.03,6
O003795,C00170,2025-01-03 00:57:44,已完成,微信支付,76.42,2
O003796,C00329,2024-04-30 05:32:14,已完成,货到付款,64.04,4
O003797,C01223,2025-09-18 15:49:59,已完成,支付宝,44.75,4
O003798,C01221,2024-04-06 18:32:09,待发货,货到付款,36.83,7
O003799,C00031,2024-07-06 15:02:10,已完成,支付宝,75.73,3
O003800,C00291,2024-01-18 17:48:44,已完成,微信支付,33.92,6
O003801,C01832,2025-12-27 05:25:33,已完成,支付宝,43.59,4
O003802,C01072,2025-05-14 02:23:23,已发货,微信支付,26.7,3
O003803,C01648,2025-05-15 22:44:44,已发货,支付宝,22.45,7
O003804,C00151,2025-02-11 13:16:34,已发货,支付宝,67.64,3
O003805,C01841,2025-09-25 17:25:24,已完成,支付宝,19.76,3
O003806,C01528,2024-05-11 22:36:12,已完成,微信支付,11.52,5
O003807,C00017,2025-08-01 04:35:43,已完成,支付宝,58.24,6
O003808,C01101,2025-08-10 20:43:33,已完成,银行卡,67.29,6
O003809,C01028,2024-02-10 08:04:53,已完成,微信支付,74.22,6
O003810,C01327,2024-05-03 15:59:25,已取消,银行卡,53.36,4
O003811,C00690,2025-03-08 09:36:15,已完成,支付宝,27.87,4
O003812,C01342,2024-03-31 04:37:03,已完成,支付宝,40.85,3
O003813,C00976,2024-07-29 21:52:16,已完成,微信支付,14.9,6
O003814,C01181,2024-11-05 08:29:43,已完成,微信支付,16.97,5
O003815,C00094,2024-05-20 00:01:17,已完成,支付宝,71.7,5
O003816,C00763,2025-06-12 03:07:33,已完成,银行卡,67.91,3
O003817,C01409,2025-01-20 23:56:12,已完成,支付宝,22.32,5
O003818,C01548,2025-05-13 19:59:55,已发货,微信支付,30.43,6
O003819,C00083,2024-12-30 15:05:54,已完成,银行卡,76.7,6
O003820,C01777,2024-11-09 18:41:48,已取消,未知,31.36,3
O003821,C00433,2025-01-17 15:39:43,已完成,支付宝,26.2,3
O003822,C01190,2025-10-23 21:09:34,已完成,微信支付,16.05,4
O003823,C00541,2024-11-02 02:47:00,已发货,支付宝,32.61,6
O003824,C01751,2025-05-14 01:27:02,已发货,货到付款,29.09,7
O003825,C01665,2025-08-30 16:13:26,已完成,微信支付,58.78,4
O003826,C01143,2025-05-01 23:33:45,已完成,微信支付,27.76,4
O003827,C01031,2024-06-20 13:54:07,已完成,支付宝,36.67,5
O003828,C00610,2024-04-25 23:13:32,已完成,支付宝,25.71,4
O003829,C01465,2025-04-10 09:37:57,已完成,微信支付,25.55,3
O003830,C00819,2025-06-20 16:43:50,已完成,支付宝,20.1,7
O003831,C00515,2025-07-15 12:37:33,已完成,货到付款,39.85,2
O003832,C00044,2025-06-08 21:39:34,已取消,银行卡,34.32,7
O003833,C00170,2024-01-05 15:43:03,已完成,微信支付,4.61,5
O003834,C00262,2025-07-19 10:14:00,已完成,银行卡,74.44,5
O003835,C00032,2025-04-19 05:06:18,已完成,支付宝,27.9,3
O003836,C00295,2025-12-24 07:59:48,已完成,微信支付,60.6,4
O003837,C00170,2025-07-13 01:19:00,已完成,微信支付,72.55,2
O003838,C00774,2024-11-22 03:56:47,已完成,货到付款,0.91,5
O003839,C00044,2025-06-03 12:16:15,待发货,微信支付,9.87,3
O003840,C01349,2025-04-27 00:15:05,已完成,微信支付,15.24,3
O003841,C00411,2024-09-10 11:01:05,已完成,支付宝,70.86,6
O003842,C01109,2025-02-25 01:26:41,已完成,支付宝,43.65,3
O003843,C00193,2024-06-12 03:56:02,已完成,微信支付,24.88,5
O003844,C01581,2024-03-29 16:53:31,待发货,支付宝,3.53,4
O003845,C01802,2025-06-23 00:18:56,已取消,支付宝,2.84,3
O003846,C01760,2024-10-22 08:24:35,已完成,银行卡,46.2,3
O003847,C00292,2025-07-07 04:40:20,已完成,支付宝,0.0,7
O003848,C00025,2025-01-13 01:57:53,已完成,微信支付,30.85,4
O003849,C00691,2025-08-12 04:36:04,已完成,银行卡,23.01,5
O003850,C00407,2025-06-27 02:12:14,已完成,支付宝,64.52,1
O003851,C01932,2025-07-13 01:21:10,已完成,支付宝,69.24,4
O003852,C00596,2024-11-21 15:43:00,已取消,微信支付,30.68,5
O003853,C01367,2025-12-05 02:01:57,已退款,支付宝,59.86,3
O003854,C00818,2024-11-06 22:35:12,已完成,微信支付,69.56,3
O003855,C00270,2025-08-01 11:46:04,已完成,支付宝,30.45,3
O003856,C01932,2025-01-14 09:20:54,已完成,微信支付,12.86,6
O003857,C00556,2024-06-26 21:32:57,已完成,支付宝,29.47,3
O003858,C01031,2025-05-05 18:43:12,已完成,微信支付,4.98,5
O003859,C01777,2024-12-26 10:35:24,已完成,支付宝,2.85,2
O003860,C01159,2024-07-16 23:01:40,已完成,支付宝,65.99,6
O003861,C01500,2024-10-20 12:35:25,已完成,微信支付,68.22,6
O003862,C00620,2024-05-23 16:13:47,已完成,银行卡,51.79,2
O003863,C01867,2025-12-23 23:44:14,已完成,支付宝,68.54,6
O003864,C00859,2025-05-15 17:15:48,已完成,支付宝,74.84,7
O003865,C01168,2024-06-01 14:58:33,已完成,支付宝,54.91,5
O003866,C01283,2025-07-13 14:07:00,已完成,未知,72.93,5
O003867,C00329,2025-04-18 15:53:37,已完成,银行卡,73.57,4
O003868,C00858,2025-06-18 23:02:00,已完成,支付宝,21.96,6
O003869,C00556,2025-04-05 16:40:50,已完成,货到付款,76.0,6
O003870,C00337,2024-03-05 07:21:59,已完成,微信支付,78.71,3
O003871,C01780,2024-06-12 00:11:09,已完成,银行卡,22.38,3
O003872,C01548,2025-07-15 18:13:31,已完成,支付宝,50.2,3
O003873,C00195,2025-07-06 11:02:20,已完成,微信支付,17.62,4
O003874,C00025,2025-07-06 09:07:03,已完成,支付宝,31.5,7
O003875,C01038,2024-01-18 22:23:40,已完成,微信支付,49.92,2
O003876,C01544,2025-08-09 03:09:01,已完成,银行卡,3.0,4
O003877,C01335,2024-12-02 00:58:01,已取消,银行卡,51.71,5
O003878,C00725,2025-06-08 17:49:48,已完成,支付宝,38.88,4
O003879,C01834,2024-07-21 22:28:16,已完成,微信支付,9.9,4
O003880,C00337,2025-07-16 19:05:54,已完成,货到付款,54.77,5
O003881,C00592,2025-12-20 20:59:35,已完成,银行卡,75.4,4
O003882,C01370,2024-07-08 20:43:31,已完成,支付宝,0.18,4
O003883,C00638,2025-07-26 16:10:24,已完成,微信支付,35.02,5
O003884,C00598,2025-04-20 22:03:22,已退款,支付宝,10.09,2
O003885,C00704,2024-07-22 08:37:13,已取消,微信支付,16.56,3
O003886,C01145,2024-08-07 17:02:42,已完成,银行卡,39.33,7
O003887,C01754,2025-06-22 02:36:36,已退款,微信支付,23.3,4
O003888,C01317,2024-07-30 12:26:01,已完成,未知,51.93,3
O003889,C00610,2024-02-22 06:52:19,已完成,微信支付,21.12,4
O003890,C00337,2025-09-30 22:22:53,待发货,支付宝,62.1,7
O003891,C01983,2025-04-08 10:26:29,已完成,支付宝,14.68,4
O003892,C01818,2025-07-09 05:32:15,已完成,银行卡,72.58,4
O003893,C00124,2025-04-19 13:58:13,已发货,银行卡,32.01,5
O003894,C01526,2025-02-09 01:42:11,已完成,微信支付,4.44,2
O003895,C01472,2025-07-16 03:40:51,已完成,微信支付,7.98,5
O003896,C00017,2024-02-06 10:18:18,已完成,微信支付,42.64,2
O003897,C00629,2024-08-20 15:28:17,待发货,银行卡,72.88,6
O003898,C00592,2025-05-04 13:11:03,已完成,银行卡,41.23,7
O003899,C00563,2025-11-17 01:23:53,已完成,微信支付,36.01,3
O003900,C01120,2024-11-01 16:49:23,已完成,微信支付,61.82,1
O003901,C00287,2025-12-15 01:05:42,已发货,银行卡,0.0,4
O003902,C01159,2025-07-07 19:09:42,已完成,支付宝,54.13,7
O003903,C00398,2025-01-09 00:35:21,已完成,支付宝,17.46,5
O003904,C01949,2024-11-21 00:47:29,已发货,微信支付,67.63,6
O003905,C00382,2024-05-01 12:58:06,已完成,微信支付,70.51,5
O003906,C00122,2025-04-27 19:35:40,已完成,微信支付,15.57,4
O003907,C01979,2024-02-26 18:39:40,已完成,支付宝,11.49,2
O003908,C01378,2024-11-21 14:17:12,已完成,支付宝,57.87,5
O003909,C01529,2024-06-27 04:24:11,已完成,微信支付,52.23,3
O003910,C01327,2025-11-30 22:18:23,已完成,支付宝,49.73,5
O003911,C00122,2024-10-02 00:06:41,已完成,未知,40.75,6
O003912,C00693,2025-01-14 08:22:31,已完成,微信支付,10.32,6
O003913,C01957,2024-10-14 18:13:03,已完成,微信支付,57.56,7
O003914,C01311,2024-05-06 14:35:34,已完成,微信支付,12.99,4
O003915,C00086,2024-09-22 18:45:42,已完成,货到付款,43.43,7
O003916,C00134,2025-07-22 18:58:11,已完成,微信支付,27.73,4
O003917,C00910,2025-05-01 22:52:26,已完成,微信支付,26.53,6
O003918,C01526,2024-11-30 12:19:48,已完成,银行卡,66.58,3
O003919,C01814,2025-08-19 19:56:19,已完成,微信支付,36.5,3
O003920,C01448,2024-01-06 03:56:05,已完成,微信支付,39.48,5
O003921,C01526,2025-08-24 04:30:55,已完成,微信支付,71.7,4
O003922,C00443,2024-03-04 01:12:05,已完成,微信支付,44.68,6
O003923,C00202,2025-09-27 04:46:03,已完成,微信支付,64.1,4
O003924,C00181,2025-11-21 02:06:14,已完成,支付宝,69.03,2
O003925,C00603,2025-08-18 19:21:45,已完成,支付宝,55.61,4
O003926,C00526,2024-01-23 11:31:39,已完成,微信支付,11.52,3
O003927,C00408,2025-02-18 10:51:14,已完成,银行卡,9.54,6
O003928,C00763,2025-08-25 15:58:04,已完成,微信支付,34.74,3
O003929,C01171,2025-03-06 08:49:57,已完成,支付宝,5.06,6
O003930,C01526,2024-09-29 13:29:00,已完成,微信支付,24.06,4
O003931,C01777,2024-12-28 00:05:55,已完成,微信支付,16.68,2
O003932,C00617,2024-03-23 17:47:28,已完成,支付宝,3.09,7
O003933,C00182,2025-01-21 20:51:11,已完成,微信支付,31.93,3
O003934,C00245,2024-02-02 00:28:20,已完成,微信支付,19.93,3
O003935,C00554,2025-05-16 01:33:18,已完成,支付宝,8.16,5
O003936,C01766,2024-10-28 03:51:09,已完成,银行卡,58.42,3
O003937,C01061,2024-06-07 14:07:25,已完成,支付宝,73.01,5
O003938,C01209,2024-01-21 18:48:39,已发货,微信支付,49.66,4
O003939,C00610,2025-11-06 19:30:28,已完成,微信支付,74.35,3
O003940,C01957,2025-03-15 18:41:38,已完成,支付宝,13.32,5
O003941,C01143,2025-05-17 13:11:58,已完成,微信支付,61.45,2
O003942,C00844,2025-07-22 16:36:07,已完成,微信支付,32.69,1
O003943,C01571,2025-05-04 06:16:44,已完成,支付宝,39.16,3
O003944,C01476,2024-11-09 17:31:13,已完成,货到付款,53.14,2
O003945,C00384,2025-05-05 04:31:01,已完成,银行卡,62.68,2
O003946,C00659,2024-07-08 23:57:21,待发货,微信支付,4.79,7
O003947,C01436,2025-03-19 01:40:23,已完成,银行卡,31.05,4
O003948,C00017,2024-06-12 22:33:59,已完成,微信支付,61.2,3
O003949,C01548,2025-11-04 11:24:20,已完成,银行卡,42.8,4
O003950,C01777,2025-02-02 15:20:46,已发货,支付宝,27.34,3
O003951,C01381,2024-06-25 03:39:56,已发货,支付宝,3.24,2
O003952,C01831,2025-05-12 07:52:20,已完成,微信支付,0.59,4
O003953,C00953,2024-03-31 20:34:10,已完成,支付宝,34.01,6
O003954,C01136,2024-11-26 00:39:57,已取消,支付宝,38.69,4
O003955,C00551,2025-09-23 04:19:27,已完成,支付宝,18.34,5
O003956,C00311,2025-07-15 15:33:27,已完成,支付宝,63.97,3
O003957,C00033,2025-06-12 19:34:43,已完成,微信支付,57.88,5
O003958,C00524,2024-12-28 10:40:22,已完成,支付宝,15.05,4
O003959,C01854,2024-12-10 02:18:32,已完成,微信支付,15.04,6
O003960,C01364,2024-01-14 03:20:56,已发货,微信支付,69.19,7
O003961,C00291,2025-04-16 21:21:02,已取消,支付宝,73.53,6
O003962,C00292,2025-03-31 05:25:44,已完成,支付宝,78.76,3
O003963,C00322,2024-01-07 13:17:23,已完成,微信支付,54.91,2
O003964,C00254,2024-05-06 22:11:32,已完成,微信支付,74.31,5
O003965,C01312,2024-01-15 09:30:54,待发货,支付宝,11.88,6
O003966,C01791,2024-07-08 01:51:36,已发货,货到付款,12.46,6
O003967,C01190,2024-01-05 19:01:25,待发货,支付宝,3.32,3
O003968,C00266,2024-11-11 18:39:58,已完成,支付宝,43.08,7
O003969,C00965,2024-12-31 15:48:36,已完成,支付宝,17.7,3
O003970,C01952,2024-11-30 21:49:09,已完成,微信支付,45.5,5
O003971,C00776,2024-06-10 18:51:05,已完成,微信支付,0.61,3
O003972,C01332,2025-02-16 16:19:20,已完成,微信支付,42.32,3
O003973,C00337,2025-08-15 08:06:43,已完成,银行卡,71.11,4
O003974,C00122,2024-08-04 01:59:25,已完成,微信支付,58.07,3
O003975,C00819,2024-08-21 17:41:10,已完成,微信支付,29.36,5
O003976,C00908,2025-03-04 20:21:59,已完成,支付宝,5.46,4
O003977,C01812,2024-06-25 16:51:11,已完成,支付宝,19.61,1
O003978,C01198,2024-09-10 15:21:05,已完成,支付宝,40.27,5
O003979,C00490,2024-12-14 17:44:22,已完成,微信支付,20.59,3
O003980,C00337,2024-10-24 06:57:06,已完成,货到付款,62.11,2
O003981,C00083,2025-08-18 02:46:35,已完成,微信支付,74.81,7
O003982,C01312,2025-09-10 15:39:26,已完成,微信支付,14.1,4
O003983,C01236,2024-11-04 22:11:55,已完成,银行卡,0.45,5
O003984,C01536,2024-12-11 03:56:10,已完成,货到付款,6.73,3
O003985,C00640,2025-11-30 01:25:16,已完成,货到付款,64.23,2
O003986,C00624,2025-01-28 16:37:41,已完成,支付宝,4.3,1
O003987,C00170,2025-12-27 10:36:41,已发货,银行卡,59.7,4
O003988,C00144,2025-07-12 21:14:21,已完成,微信支付,32.42,3
O003989,C00776,2024-07-16 11:36:55,已完成,银行卡,34.09,5
O003990,C01337,2024-06-22 12:23:50,已完成,支付宝,58.46,3
O003991,C00704,2024-05-22 01:20:36,已完成,微信支付,25.6,3
O003992,C01160,2025-08-10 22:51:44,已发货,微信支付,64.84,6
O003993,C00496,2024-08-16 07:43:32,已退款,支付宝,7.55,2
O003994,C00337,2025-06-03 10:29:28,已完成,支付宝,57.49,5
O003995,C01777,2025-03-02 15:01:32,已完成,货到付款,72.29,2
O003996,C00044,2025-08-23 20:42:50,已完成,银行卡,13.14,5
O003997,C00412,2025-07-04 19:44:00,已完成,银行卡,44.39,7
O003998,C00725,2024-03-08 18:09:06,已完成,微信支付,51.28,6
O003999,C00193,2024-09-10 02:45:28,已完成,支付宝,10.62,3
O004000,C01229,2025-02-12 02:23:34,已完成,支付宝,43.46,6
O004001,C01867,2025-08-08 19:43:10,已完成,支付宝,20.18,5
O004002,C01544,2025-06-15 21:50:36,已完成,微信支付,60.29,7
O004003,C01983,2025-03-09 14:42:01,已退款,支付宝,45.44,7
O004004,C01957,2025-08-11 21:56:14,已发货,微信支付,32.85,2
O004005,C01229,2024-11-27 07:04:27,已发货,微信支付,59.4,5
O004006,C00937,2024-03-01 08:19:02,已发货,微信支付,58.55,7
O004007,C00869,2025-09-27 04:03:38,已完成,微信支付,16.84,7
O004008,C00193,2025-02-18 19:10:32,已完成,支付宝,2.05,1
O004009,C01427,2025-08-11 16:22:33,已完成,微信支付,19.86,6
O004010,C01181,2024-10-30 05:01:30,已发货,支付宝,70.61,5
O004011,C00253,2025-04-08 23:23:41,已完成,银行卡,31.75,5
O004012,C01980,2024-09-04 00:07:39,已完成,支付宝,16.12,2
O004013,C01983,2024-11-08 18:06:39,已完成,支付宝,29.51,4
O004014,C00563,2024-05-13 04:50:12,已完成,微信支付,30.65,7
O004015,C01777,2025-06-28 18:44:41,已完成,支付宝,36.33,7
O004016,C01201,2024-07-27 11:27:10,已完成,支付宝,36.0,3
O004017,C01791,2024-08-12 05:34:01,已发货,银行卡,23.85,4
O004018,C01335,2024-09-24 01:17:58,已完成,银行卡,23.96,3
O004019,C00819,2024-11-24 14:29:10,已完成,支付宝,63.98,4
O004020,C01867,2025-03-30 03:46:06,待发货,微信支付,53.04,3
O004021,C01117,2025-06-05 10:31:18,已完成,支付宝,54.35,5
O004022,C00924,2025-06-03 22:47:59,已完成,货到付款,15.24,4
O004023,C00592,2024-11-16 21:29:51,已完成,货到付款,79.35,3
O004024,C01685,2025-01-06 11:21:43,已完成,未知,6.95,6
O004025,C01906,2024-05-09 17:53:11,已完成,微信支付,54.6,6
O004026,C00908,2025-02-14 19:54:37,已完成,银行卡,59.47,4
O004027,C01668,2025-10-03 14:13:49,已取消,微信支付,21.37,7
O004028,C00408,2024-12-20 04:27:20,已完成,微信支付,6.17,4
O004029,C00417,2025-11-12 19:46:15,已完成,支付宝,58.99,5
O004030,C00575,2024-05-19 02:15:52,已完成,微信支付,45.25,6
O004031,C01011,2025-06-25 12:44:07,已退款,微信支付,77.25,3
O004032,C00473,2025-06-13 18:53:54,已完成,微信支付,58.22,4
O004033,C01472,2025-06-05 13:14:28,已完成,微信支付,74.37,5
O004034,C00690,2025-05-27 08:09:43,已完成,微信支付,50.74,2
O004035,C01069,2024-01-26 09:56:22,已取消,支付宝,39.84,2
O004036,C00916,2025-06-28 11:59:42,已完成,微信支付,75.58,5
O004037,C01407,2025-01-25 17:51:55,已完成,支付宝,65.51,6
O004038,C01906,2025-02-16 23:36:29,已完成,支付宝,2.8,2
O004039,C01831,2024-02-25 18:05:12,已发货,微信支付,46.64,3
O004040,C00611,2024-06-06 07:54:04,已完成,银行卡,11.95,3
O004041,C01465,2025-11-01 02:11:55,已完成,微信支付,75.84,7
O004042,C00465,2024-08-23 11:10:59,已完成,银行卡,54.07,7
O004043,C00337,2024-11-01 20:43:39,已完成,货到付款,36.11,3
O004044,C00337,2024-06-07 15:23:00,已完成,银行卡,76.79,3
O004045,C00083,2025-05-08 07:52:53,已发货,支付宝,26.91,3
O004046,C00853,2025-06-28 02:52:29,已完成,支付宝,35.53,3
O004047,C01824,2025-11-05 06:48:14,已完成,微信支付,31.92,4
O004048,C01078,2025-03-20 17:50:22,已完成,货到付款,10.55,4
O004049,C01405,2024-07-24 16:32:56,已完成,微信支付,11.99,6
O004050,C01448,2024-03-14 10:52:46,已完成,支付宝,47.28,7
O004051,C01288,2024-07-17 08:54:35,已完成,支付宝,5.56,6
O004052,C00582,2025-04-29 04:16:44,待发货,银行卡,74.49,4
O004053,C00855,2025-12-15 23:25:50,待发货,支付宝,26.21,4
O004054,C01548,2024-03-22 10:37:37,已完成,微信支付,25.68,1
O004055,C00563,2024-10-26 18:51:18,已完成,微信支付,11.17,4
O004056,C01283,2025-05-30 11:23:04,已完成,未知,28.08,2
O004057,C00791,2025-03-29 13:15:07,已取消,货到付款,55.29,3
O004058,C00262,2025-05-20 15:19:14,已完成,微信支付,76.59,3
O004059,C01448,2024-12-22 08:47:46,已完成,支付宝,15.41,5
O004060,C00017,2024-07-18 22:31:05,已完成,支付宝,14.21,7
O004061,C01080,2025-01-07 10:15:07,已完成,微信支付,11.12,3
O004062,C00454,2024-10-20 18:42:58,已完成,微信支付,45.92,6
O004063,C00287,2025-06-14 21:39:24,已完成,支付宝,9.35,5
O004064,C00122,2024-05-31 09:31:07,已完成,微信支付,7.05,5
O004065,C01742,2025-01-21 05:37:52,已完成,银行卡,59.51,4
O004066,C01472,2025-12-02 23:13:58,已完成,微信支付,63.45,4
O004067,C01165,2025-02-23 18:10:30,已完成,支付宝,25.17,5
O004068,C00170,2024-06-27 18:48:06,已完成,微信支付,46.52,7
O004069,C00823,2025-11-11 22:40:37,已完成,支付宝,59.39,4
O004070,C00280,2024-07-02 00:58:51,已完成,微信支付,3.92,4
O004071,C00384,2025-07-04 22:56:57,已退款,微信支付,50.78,4
O004072,C00212,2024-04-15 02:21:34,已完成,支付宝,22.9,7
O004073,C00358,2025-09-13 03:27:56,已完成,支付宝,32.73,4
O004074,C01736,2024-06-03 05:50:49,已完成,支付宝,28.5,3
O004075,C00667,2024-11-01 02:00:09,已完成,微信支付,57.47,4
O004076,C01080,2025-12-09 02:51:38,已完成,微信支付,37.5,5
O004077,C00554,2025-04-01 03:10:39,待发货,微信支付,60.81,7
O004078,C01364,2024-07-16 11:15:46,已完成,微信支付,25.2,5
O004079,C01822,2024-01-01 08:28:31,已完成,微信支付,43.3,2
O004080,C01079,2024-01-08 08:42:43,已发货,微信支付,72.56,6
O004081,C01128,2024-07-23 04:21:35,已完成,支付宝,35.05,4
O004082,C01867,2025-02-19 23:56:15,已完成,微信支付,46.1,5
O004083,C01221,2025-01-09 07:46:29,已完成,支付宝,53.64,5
O004084,C00193,2025-11-06 11:44:56,已完成,支付宝,72.98,5
O004085,C01773,2025-07-13 03:46:50,已完成,支付宝,50.89,7
O004086,C00017,2025-11-07 05:01:38,已完成,支付宝,48.99,4
O004087,C00777,2025-02-05 05:49:19,已完成,微信支付,66.68,4
O004088,C01642,2024-12-10 23:36:12,已发货,支付宝,79.35,2
O004089,C00170,2025-03-23 04:11:17,已完成,微信支付,71.91,4
O004090,C00861,2024-10-11 12:46:18,已完成,支付宝,9.99,6
O004091,C01544,2024-06-14 13:06:57,已完成,银行卡,54.12,3
O004092,C01791,2025-08-31 01:37:31,已发货,支付宝,26.29,4
O004093,C00652,2025-06-04 08:34:23,已完成,货到付款,33.16,5
O004094,C01867,2024-08-31 01:01:52,已完成,微信支付,51.63,6
O004095,C01932,2024-12-10 04:22:22,已完成,微信支付,11.61,6
O004096,C01078,2024-06-20 16:07:47,已完成,微信支付,55.41,5
O004097,C00032,2025-03-20 13:56:38,已完成,微信支付,23.48,7
O004098,C00479,2024-09-28 11:48:18,已完成,微信支付,65.54,5
O004099,C01405,2025-10-02 05:59:57,已完成,银行卡,29.74,3
O004100,C00252,2025-02-20 14:29:41,已完成,支付宝,4.0,6
O004101,C00408,2024-11-09 21:19:59,已完成,货到付款,47.9,5
O004102,C01790,2025-07-03 20:57:00,已完成,银行卡,59.98,5
O004103,C01956,2025-10-28 04:18:16,待发货,支付宝,49.34,7
O004104,C00288,2025-08-17 16:24:19,已完成,银行卡,62.3,7
O004105,C00222,2025-01-19 05:08:40,已发货,微信支付,64.33,4
O004106,C01872,2024-09-26 20:49:50,已完成,银行卡,3.38,5
O004107,C00080,2025-05-27 11:07:07,已完成,支付宝,0.15,3
O004108,C00093,2025-08-17 17:02:09,已完成,支付宝,17.94,4
O004109,C00230,2025-12-18 12:49:40,已完成,支付宝,17.98,2
O004110,C01128,2024-12-18 16:50:21,已完成,银行卡,45.04,3
O004111,C00908,2025-05-31 22:51:41,已完成,银行卡,18.33,3
O004112,C01366,2024-08-06 03:51:00,待发货,微信支付,29.19,5
O004113,C00384,2024-03-29 21:08:31,待发货,微信支付,36.29,6
O004114,C00475,2024-07-08 11:21:01,已完成,微信支付,48.07,4
O004115,C00466,2024-01-17 03:45:57,待发货,银行卡,79.74,3
O004116,C00044,2025-02-02 10:18:08,已完成,微信支付,55.08,5
O004117,C01361,2024-10-12 01:46:10,已完成,支付宝,21.26,6
O004118,C01526,2025-06-03 12:54:06,已发货,微信支付,28.06,3
O004119,C00868,2025-04-27 11:57:13,已完成,银行卡,3.49,4
O004120,C01993,2024-05-28 09:46:29,已完成,银行卡,33.56,5
O004121,C00683,2025-06-02 10:47:37,已完成,支付宝,47.13,3
O004122,C00617,2024-06-06 14:35:54,已完成,微信支付,75.95,7
O004123,C00765,2024-01-07 19:04:52,已完成,银行卡,21.44,5
O004124,C01867,2025-12-12 09:26:05,已完成,微信支付,19.48,5
O004125,C00707,2024-02-01 00:57:25,已完成,支付宝,1.38,3
O004126,C00783,2024-09-13 13:54:52,已完成,货到付款,45.97,5
O004127,C00301,2025-05-11 22:14:09,已取消,支付宝,79.67,4
O004128,C00094,2024-10-09 09:44:40,已完成,货到付款,29.69,2
O004129,C01599,2024-10-19 02:18:25,已完成,支付宝,39.83,5
O004130,C00382,2025-06-18 21:25:10,已完成,支付宝,4.66,5
O004131,C01199,2025-04-18 10:38:03,已退款,货到付款,45.69,6
O004132,C01742,2025-02-11 08:29:17,已完成,支付宝,16.81,5
O004133,C00916,2025-10-11 07:36:00,已完成,银行卡,1.24,7
O004134,C00704,2024-04-14 17:05:11,已完成,银行卡,54.71,3
O004135,C00893,2024-12-27 03:17:32,已完成,微信支付,11.82,4
O004136,C00910,2024-06-28 14:48:47,已完成,微信支付,8.09,5
O004137,C01459,2024-02-11 08:37:30,已完成,支付宝,18.25,4
O004138,C00776,2025-12-18 09:50:43,已完成,未知,11.0,3
O004139,C01425,2025-06-23 05:57:04,已完成,银行卡,49.83,3
O004140,C00033,2024-06-16 19:21:18,已完成,未知,21.37,3
O004141,C00044,2024-11-04 10:15:39,已完成,支付宝,53.68,4
O004142,C00850,2024-06-20 22:18:03,已完成,支付宝,43.68,5
O004143,C00637,2025-06-06 19:34:35,已完成,支付宝,28.29,2
O004144,C01972,2024-09-21 18:15:10,已完成,支付宝,15.48,4
O004145,C01492,2025-11-05 10:23:25,已退款,货到付款,53.82,5
O004146,C01890,2024-06-13 22:10:37,已完成,支付宝,41.95,5
O004147,C01002,2024-09-20 14:23:59,已完成,微信支付,57.67,6
O004148,C01932,2025-11-09 10:56:05,已完成,支付宝,40.49,7
O004149,C00170,2025-10-10 08:25:33,已完成,微信支付,64.17,5
O004150,C00819,2024-08-06 21:45:32,已完成,支付宝,43.98,7
O004151,C01983,2025-01-07 06:25:03,已完成,未知,65.07,6
O004152,C01143,2025-10-09 21:26:36,已完成,支付宝,43.98,4
O004153,C00008,2025-06-01 05:39:04,待发货,银行卡,76.94,7
O004154,C00122,2025-05-11 18:06:41,已完成,支付宝,68.26,4
O004155,C00563,2025-05-26 06:21:12,已完成,支付宝,20.33,6
O004156,C01476,2025-11-05 20:08:07,已完成,支付宝,58.25,4
O004157,C00850,2025-02-09 20:11:04,已完成,支付宝,10.56,3
O004158,C00869,2024-06-04 17:42:27,已发货,微信支付,72.89,4
O004159,C00062,2024-12-29 23:10:14,已完成,微信支付,27.64,3
O004160,C01876,2025-06-20 12:12:27,已完成,支付宝,38.19,6
O004161,C00193,2025-01-17 20:34:53,已完成,微信支付,1.65,4
O004162,C00291,2024-08-21 13:20:50,已完成,微信支付,69.41,7
O004163,C01190,2025-05-30 00:07:45,已完成,支付宝,75.84,3
O004164,C01337,2024-12-13 10:57:28,已完成,货到付款,37.64,2
O004165,C01361,2025-12-06 00:55:06,已完成,微信支付,15.03,5
O004166,C01910,2024-09-22 15:34:24,已完成,银行卡,55.5,2
O004167,C00017,2025-06-16 03:31:01,已退款,未知,23.76,4
O004168,C00899,2025-03-14 07:48:07,已完成,微信支付,76.8,3
O004169,C01430,2024-03-20 20:58:18,已完成,微信支付,24.89,5
O004170,C01074,2024-12-27 17:06:41,已完成,微信支付,46.06,2
O004171,C01327,2024-02-03 08:05:47,已完成,未知,3.96,4
O004172,C01378,2025-07-29 12:19:37,已完成,支付宝,79.18,5
O004173,C01474,2025-06-24 13:18:15,已取消,支付宝,46.09,6
O004174,C00651,2024-02-25 08:53:43,已完成,微信支付,78.03,7
O004175,C01736,2025-01-25 17:30:59,已取消,微信支付,24.06,4
O004176,C01713,2025-12-05 03:48:39,已完成,微信支付,42.17,7
O004177,C01884,2024-07-30 10:40:45,已完成,银行卡,1.47,3
O004178,C00819,2025-10-27 06:43:52,已完成,微信支付,61.67,2
O004179,C00585,2024-05-16 16:57:42,已完成,支付宝,13.32,4
O004180,C01574,2024-01-08 15:35:52,已完成,支付宝,34.03,7
O004181,C00122,2025-02-22 19:46:17,已完成,微信支付,53.6,3
O004182,C01160,2024-06-29 08:16:18,已完成,微信支付,6.57,5
O004183,C01988,2025-10-05 05:15:10,已完成,支付宝,62.69,5
O004184,C01932,2025-06-02 00:35:10,已完成,银行卡,64.46,3
O004185,C01956,2025-06-06 20:54:33,已完成,银行卡,42.5,6
O004186,C01190,2025-06-02 07:03:55,已退款,微信支付,48.4,6
O004187,C00440,2025-06-04 18:30:13,已完成,微信支付,7.54,2
O004188,C01112,2025-07-02 08:12:42,已退款,微信支付,35.9,5
O004189,C00017,2025-06-01 07:53:04,已完成,微信支付,67.29,5
O004190,C00124,2025-08-30 05:31:58,已完成,货到付款,7.15,6
O004191,C01534,2025-03-16 18:02:31,已完成,微信支付,79.1,4
O004192,C00989,2024-09-21 06:00:29,已完成,微信支付,38.87,4
O004193,C01720,2024-12-25 07:38:21,已完成,微信支付,1.02,3
O004194,C01469,2024-12-03 16:13:57,已完成,未知,27.19,5
O004195,C01593,2024-09-06 12:02:25,已发货,支付宝,40.05,6
O004196,C01820,2024-11-10 17:09:07,已完成,微信支付,76.72,5
O004197,C00704,2024-10-23 02:09:33,已完成,微信支付,56.42,4
O004198,C00287,2024-04-17 23:20:35,已完成,微信支付,46.48,3
O004199,C00201,2025-08-27 05:43:44,已完成,微信支付,77.32,3
O004200,C00554,2025-07-08 02:51:29,已完成,货到付款,23.6,3
O004201,C00455,2024-09-10 02:31:16,已退款,支付宝,30.38,5
O004202,C00407,2025-11-18 07:56:00,已完成,未知,61.46,5
O004203,C00262,2025-11-23 10:47:59,已完成,支付宝,47.56,3
O004204,C01535,2025-09-16 01:09:11,已完成,支付宝,17.52,5
O004205,C01364,2024-02-03 14:44:21,已完成,支付宝,60.09,3
O004206,C01382,2024-10-10 14:13:09,待发货,微信支付,21.38,6
O004207,C01791,2024-12-18 18:57:14,已完成,支付宝,44.71,2
O004208,C00898,2025-06-17 00:50:03,已完成,支付宝,68.5,6
O004209,C01777,2025-05-10 02:03:20,已取消,微信支付,22.01,4
O004210,C01142,2025-06-03 04:10:56,已完成,微信支付,60.89,7
O004211,C00916,2025-07-14 10:26:13,已发货,银行卡,68.91,6
O004212,C00776,2025-11-22 14:44:57,已完成,货到付款,25.37,4
O004213,C00124,2025-03-11 04:33:38,已发货,微信支付,15.73,3
O004214,C01776,2025-10-27 08:05:53,待发货,微信支付,69.26,7
O004215,C01526,2025-08-16 12:37:37,已完成,支付宝,37.31,6
O004216,C00262,2024-09-10 13:38:59,已完成,支付宝,24.91,4
O004217,C00313,2025-08-15 12:55:33,已完成,支付宝,0.83,5
O004218,C01361,2024-04-21 15:15:49,已完成,银行卡,15.52,7
O004219,C00953,2024-05-22 18:02:02,已完成,银行卡,41.02,5
O004220,C01791,2025-12-27 20:44:55,已完成,微信支付,66.32,6
O004221,C00892,2024-11-21 23:42:01,已完成,微信支付,40.18,4
O004222,C01145,2024-12-20 09:31:11,已完成,微信支付,22.12,5
O004223,C00276,2025-11-24 07:41:44,待发货,银行卡,74.33,7
O004224,C00264,2024-10-01 06:10:15,已完成,支付宝,29.54,7
O004225,C01669,2024-06-27 08:07:02,已完成,货到付款,13.03,1
O004226,C01565,2024-03-20 12:24:51,已完成,支付宝,75.63,4
O004227,C00496,2025-02-15 14:53:30,已退款,支付宝,31.71,6
O004228,C01905,2024-06-10 01:30:28,已完成,微信支付,38.59,4
O004229,C01328,2024-03-09 23:38:18,已完成,微信支付,66.39,7
O004230,C00193,2025-08-14 01:59:43,已完成,货到付款,23.02,4
O004231,C01114,2024-09-02 09:18:18,已完成,支付宝,42.3,4
O004232,C01518,2025-04-01 10:28:33,已退款,货到付款,69.3,3
O004233,C00339,2024-04-12 08:41:07,已完成,微信支付,20.49,3
O004234,C00408,2025-01-30 05:09:18,已完成,支付宝,71.54,7
O004235,C00346,2025-05-07 12:24:01,已完成,支付宝,15.32,4
O004236,C01736,2024-12-12 00:33:17,已完成,未知,68.35,2
O004237,C00122,2024-09-10 17:18:22,已完成,支付宝,31.48,4
O004238,C01551,2024-08-19 16:13:44,已完成,银行卡,43.85,7
O004239,C00869,2024-04-15 18:26:49,已完成,支付宝,44.11,3
O004240,C00319,2024-04-20 19:52:31,已完成,支付宝,16.39,3
O004241,C01548,2025-01-20 21:24:55,已完成,支付宝,13.84,3
O004242,C01146,2024-05-07 03:50:21,已完成,银行卡,56.91,2
O004243,C00033,2024-06-19 20:40:29,已完成,银行卡,66.03,4
O004244,C00456,2024-05-26 13:07:37,已完成,支付宝,10.96,3
O004245,C00475,2025-08-07 02:54:10,已完成,支付宝,60.12,6
O004246,C01736,2024-12-12 23:35:25,已发货,支付宝,26.15,7
O004247,C00819,2025-03-12 19:34:53,待发货,货到付款,47.55,2
O004248,C01663,2025-04-04 06:41:28,已完成,银行卡,42.77,4
O004249,C00044,2024-11-02 21:02:55,待发货,支付宝,59.47,7
O004250,C00819,2024-08-10 17:15:40,已完成,微信支付,43.35,5
O004251,C00044,2024-10-20 10:47:10,已完成,银行卡,7.47,7
O004252,C01327,2025-02-26 03:37:27,已完成,微信支付,22.34,7
O004253,C01975,2024-09-28 17:23:21,已完成,微信支付,31.83,7
O004254,C01523,2024-05-06 22:27:56,已完成,支付宝,45.76,3
O004255,C00704,2025-11-02 04:37:20,已完成,支付宝,13.56,6
O004256,C00640,2025-06-22 00:28:29,已退款,微信支付,26.99,7
O004257,C00776,2024-03-10 05:27:41,已完成,微信支付,5.06,7
O004258,C01530,2025-10-28 07:33:57,已退款,银行卡,25.81,3
O004259,C01327,2024-05-30 09:16:32,已完成,支付宝,40.98,4
O004260,C01441,2024-04-06 23:34:50,已取消,微信支付,74.92,6
O004261,C00122,2024-06-01 23:41:07,已完成,微信支付,14.22,4
O004262,C00690,2025-11-10 16:42:53,已完成,支付宝,2.21,3
O004263,C01614,2024-06-18 05:37:12,已完成,微信支付,30.18,3
O004264,C00449,2025-07-27 05:27:45,已退款,微信支付,48.61,6
O004265,C00755,2025-05-15 01:39:32,已完成,货到付款,48.61,5
O004266,C00819,2025-02-11 18:43:36,已完成,支付宝,27.64,2
O004267,C01044,2024-10-04 05:18:05,已发货,支付宝,3.01,2
O004268,C01385,2024-04-02 21:29:31,已完成,支付宝,73.51,4
O004269,C01526,2025-06-14 14:40:05,已完成,支付宝,40.14,7
O004270,C01160,2024-11-01 11:39:33,已完成,支付宝,62.12,2
O004271,C01165,2025-02-26 22:29:24,已完成,支付宝,31.75,7
O004272,C01535,2024-02-26 03:15:12,待发货,支付宝,66.51,5
O004273,C00753,2025-07-20 11:54:29,已完成,微信支付,62.78,2
O004274,C00032,2025-06-08 06:32:12,已完成,支付宝,7.62,6
O004275,C01736,2025-02-21 04:32:04,已完成,微信支付,4.1,5
O004276,C00637,2025-01-21 22:28:02,已完成,银行卡,11.96,5
O004277,C00155,2024-09-09 14:45:20,已完成,支付宝,65.83,2
O004278,C01544,2024-09-14 03:18:44,已完成,银行卡,21.56,5
O004279,C00122,2024-03-12 02:56:34,已完成,支付宝,31.66,3
O004280,C00182,2025-06-06 07:03:07,已完成,支付宝,46.27,6
O004281,C00820,2024-02-19 20:00:26,已完成,支付宝,52.15,7
O004282,C00765,2024-01-02 03:30:34,已完成,微信支付,34.11,5
O004283,C01066,2024-02-04 17:51:14,已取消,货到付款,35.93,3
O004284,C01166,2024-06-12 02:00:08,已发货,微信支付,26.25,3
O004285,C00467,2025-03-26 08:40:14,已完成,支付宝,7.52,3
O004286,C00475,2025-06-04 12:23:03,待发货,银行卡,11.87,3
O004287,C00924,2024-11-12 03:01:14,已退款,支付宝,71.19,3
O004288,C01551,2024-11-07 09:22:32,已完成,支付宝,77.99,4
O004289,C00916,2025-03-30 06:38:48,已完成,支付宝,66.04,3
O004290,C01120,2025-04-14 01:38:52,已完成,支付宝,24.46,7
O004291,C00763,2025-09-07 00:50:40,已完成,支付宝,14.27,5
O004292,C01736,2025-08-18 03:59:21,已完成,支付宝,40.74,6
O004293,C01078,2025-08-22 17:03:56,已完成,银行卡,7.57,4
O004294,C01405,2025-09-06 00:51:55,已完成,微信支付,73.2,5
O004295,C00044,2025-10-05 12:00:21,已完成,支付宝,61.44,5
O004296,C01441,2025-03-14 00:58:00,已完成,微信支付,77.89,4
O004297,C00706,2025-04-13 05:46:26,已发货,支付宝,68.47,4
O004298,C00358,2025-06-20 04:57:27,已完成,微信支付,32.7,4
O004299,C00033,2024-06-10 08:04:40,已完成,支付宝,25.14,1
O004300,C00287,2024-09-29 17:04:08,已退款,微信支付,66.74,3
O004301,C01439,2025-11-02 10:59:32,已完成,微信支付,47.03,4
O004302,C00844,2025-02-15 00:16:18,已完成,支付宝,70.3,3
O004303,C00122,2024-02-26 03:22:29,已完成,支付宝,26.02,6
O004304,C01526,2024-11-06 07:17:01,已完成,支付宝,43.72,3
O004305,C01245,2024-05-23 06:09:31,已完成,货到付款,36.99,3
O004306,C00044,2024-09-26 13:04:02,已完成,微信支付,14.66,2
O004307,C01312,2025-03-06 08:08:51,已完成,微信支付,43.29,6
O004308,C00104,2025-01-30 17:50:42,已完成,支付宝,6.67,2
O004309,C01317,2025-01-15 06:01:55,已完成,银行卡,30.0,4
O004310,C01236,2024-01-22 16:53:39,已退款,微信支付,42.67,4
O004311,C00170,2024-12-08 02:13:58,已完成,微信支付,11.62,4
O004312,C00044,2024-02-03 23:36:12,已完成,银行卡,60.29,3
O004313,C01648,2024-11-05 23:15:00,已完成,支付宝,15.26,7
O004314,C00031,2025-05-17 06:53:54,已完成,银行卡,58.28,2
O004315,C01526,2024-04-28 05:02:39,已完成,微信支付,1.92,3
O004316,C00407,2025-11-03 00:42:41,已完成,微信支付,55.11,6
O004317,C01385,2025-05-07 23:56:17,已发货,支付宝,32.03,4
O004318,C01472,2024-06-17 00:26:20,已完成,微信支付,63.21,5
O004319,C00563,2024-11-01 00:27:40,已完成,支付宝,44.96,7
O004320,C01932,2024-04-06 02:08:24,已完成,微信支付,30.4,6
O004321,C00554,2024-01-26 07:52:04,已完成,支付宝,53.1,7
O004322,C00033,2025-11-03 23:57:17,已发货,银行卡,31.03,6
O004323,C00142,2025-06-02 03:29:23,已完成,未知,28.5,7
O004324,C00537,2025-07-22 13:41:49,已完成,微信支付,34.05,4
O004325,C01501,2025-05-01 15:45:20,已完成,微信支付,56.83,5
O004326,C00541,2025-10-29 19:21:29,待发货,银行卡,49.2,5
O004327,C00753,2025-10-19 16:00:35,已完成,支付宝,73.32,3
O004328,C00142,2024-03-03 23:07:08,已完成,支付宝,0.03,4
O004329,C00433,2024-06-07 15:53:34,已完成,银行卡,12.88,5
O004330,C00819,2024-11-02 20:47:12,已取消,微信支付,39.52,2
O004331,C01815,2024-09-13 07:05:52,已完成,支付宝,53.57,7
O004332,C00592,2025-02-17 09:48:17,已完成,银行卡,7.17,2
O004333,C00792,2024-07-18 17:52:18,已完成,支付宝,23.54,4
O004334,C00926,2025-08-03 21:32:24,已完成,支付宝,79.09,3
O004335,C01383,2024-01-09 00:27:21,已发货,银行卡,26.21,4
O004336,C00353,2025-07-31 10:59:35,已完成,微信支付,30.41,7
O004337,C01367,2024-10-31 19:52:43,已完成,银行卡,19.1,6
O004338,C00274,2024-01-07 02:23:57,已完成,微信支付,1.4,6
O004339,C01009,2025-09-08 08:28:53,已发货,银行卡,22.83,4
O004340,C00262,2024-12-10 13:56:15,已发货,微信支付,12.88,6
O004341,C01958,2025-06-19 01:55:36,已完成,微信支付,30.48,6
O004342,C01327,2025-10-04 21:37:19,已完成,支付宝,18.6,7
O004343,C00641,2024-02-08 08:38:48,已完成,银行卡,32.31,4
O004344,C00022,2024-07-14 18:44:01,已完成,支付宝,21.56,6
O004345,C00554,2024-04-22 10:17:59,已取消,支付宝,73.25,6
O004346,C01777,2024-04-06 09:55:22,已完成,货到付款,23.31,6
O004347,C01815,2025-11-19 23:17:44,已完成,支付宝,15.09,4
O004348,C00292,2025-08-09 20:49:40,已完成,银行卡,60.96,2
O004349,C01949,2024-10-04 12:49:22,已完成,微信支付,64.94,6
O004350,C01309,2025-06-07 11:17:57,已完成,微信支付,45.04,3
O004351,C00061,2025-11-05 18:48:16,已退款,微信支付,27.59,7
O004352,C01221,2024-06-18 16:52:44,已完成,货到付款,66.74,2
O004353,C01813,2024-01-17 23:29:55,已完成,微信支付,53.59,7
O004354,C00382,2025-08-22 07:32:07,已发货,微信支付,30.48,5
O004355,C00554,2025-06-18 02:30:55,已完成,微信支付,31.33,4
O004356,C00344,2024-05-23 04:02:53,已完成,微信支付,0.2,6
O004357,C01932,2025-01-14 12:32:22,已完成,支付宝,4.62,5
O004358,C01181,2024-05-23 07:40:50,已完成,微信支付,10.79,6
O004359,C01473,2025-04-18 19:33:00,已完成,银行卡,19.78,7
O004360,C00953,2025-05-18 21:29:11,已完成,银行卡,74.09,4
O004361,C00182,2024-07-25 04:30:45,已取消,支付宝,65.73,5
O004362,C01402,2025-07-23 23:32:56,已发货,微信支付,3.26,3
O004363,C00962,2024-12-29 15:55:07,已完成,银行卡,1.19,5
O004364,C00183,2025-06-13 06:24:42,已完成,支付宝,46.88,4
O004365,C01736,2025-05-13 04:13:06,已完成,微信支付,30.12,4
O004366,C01142,2024-12-13 03:03:46,已完成,微信支付,64.14,6
O004367,C01862,2024-08-05 11:52:53,已完成,微信支付,77.83,5
O004368,C01957,2024-06-12 01:10:27,已完成,支付宝,39.54,5
O004369,C00446,2025-07-01 03:25:06,已完成,支付宝,14.19,5
O004370,C00725,2025-05-14 18:45:12,待发货,银行卡,71.42,3
O004371,C00110,2024-07-28 11:10:30,已完成,支付宝,33.78,5
O004372,C01380,2025-12-10 12:14:47,已完成,微信支付,33.37,7
O004373,C01089,2025-08-12 07:38:31,待发货,支付宝,56.31,6
O004374,C00260,2024-04-29 13:37:28,待发货,支付宝,29.59,4
O004375,C01548,2024-05-25 08:14:36,已完成,微信支付,18.79,7
O004376,C01208,2025-03-05 01:32:58,已完成,微信支付,59.34,4
O004377,C00765,2024-04-10 13:42:47,已发货,支付宝,14.87,5
O004378,C00382,2025-12-07 01:13:09,已完成,支付宝,3.14,7
O004379,C00022,2025-05-11 16:26:11,已完成,微信支付,39.81,3
O004380,C00551,2024-03-10 21:16:21,已完成,支付宝,2.71,3
O004381,C01264,2024-12-07 16:56:16,已完成,支付宝,63.28,3
O004382,C00170,2024-06-18 13:23:44,已取消,微信支付,78.19,7
O004383,C00420,2025-01-15 23:51:59,已取消,银行卡,75.89,5
O004384,C00592,2024-07-04 05:52:34,已完成,支付宝,11.91,3
O004385,C00944,2025-08-28 18:10:53,已完成,微信支付,74.56,4
O004386,C00286,2025-06-18 04:56:25,待发货,银行卡,8.95,4
O004387,C01327,2025-10-29 00:02:41,已完成,支付宝,28.35,4
O004388,C01667,2024-06-09 05:23:42,已完成,货到付款,6.75,3
O004389,C00060,2024-10-23 12:09:17,已完成,微信支付,65.81,6
O004390,C01361,2025-08-09 01:02:44,已完成,支付宝,17.9,7
O004391,C00556,2024-10-12 06:33:32,已完成,未知,53.19,3
O004392,C01159,2024-10-17 01:36:34,已完成,银行卡,61.02,5
O004393,C01815,2025-12-23 05:34:15,已发货,银行卡,30.46,4
O004394,C01385,2025-07-17 17:25:19,已取消,支付宝,63.14,7
O004395,C01530,2025-09-19 03:47:51,已完成,银行卡,26.05,3
O004396,C00451,2024-11-06 06:29:37,已完成,微信支付,11.86,5
O004397,C00044,2025-04-06 03:32:07,已完成,支付宝,36.79,3
O004398,C01128,2024-12-13 09:26:32,已完成,支付宝,56.83,4
O004399,C00122,2024-12-13 18:12:37,已完成,微信支付,3.18,3
O004400,C00873,2024-04-29 12:39:47,已完成,微信支付,64.5,5
O004401,C00416,2025-09-05 04:49:51,已完成,微信支付,20.45,7
O004402,C01327,2024-10-28 07:18:39,已完成,微信支付,54.5,7
O004403,C00076,2025-04-03 16:27:00,已发货,微信支付,9.12,7
O004404,C00554,2025-09-16 11:53:29,已完成,未知,31.16,4
O004405,C00480,2025-07-19 11:12:12,已完成,支付宝,37.2,3
O004406,C00193,2024-06-10 20:25:01,已完成,支付宝,37.48,3
O004407,C00193,2025-04-29 19:16:55,已完成,微信支付,21.86,3
O004408,C00533,2025-01-20 05:20:10,已完成,支付宝,42.34,3
O004409,C01802,2024-07-13 16:27:14,已完成,微信支付,22.19,7
O004410,C00227,2024-02-15 18:55:20,已发货,支付宝,13.32,3
O004411,C00033,2025-05-06 21:00:27,已发货,银行卡,10.67,7
O004412,C01124,2025-07-23 06:21:36,已完成,支付宝,71.58,2
O004413,C00976,2025-11-15 17:51:18,已完成,支付宝,10.45,4
O004414,C00690,2024-09-24 04:04:47,已完成,支付宝,31.62,7
O004415,C01425,2024-11-03 10:30:09,已完成,微信支付,20.15,6
O004416,C00011,2024-05-25 01:09:57,已完成,支付宝,49.28,6
O004417,C01424,2025-12-22 14:33:51,已完成,微信支付,27.66,4
O004418,C01405,2025-09-10 16:42:35,已取消,支付宝,22.91,5
O004419,C00724,2025-12-01 10:38:02,已完成,货到付款,77.52,6
O004420,C00554,2025-01-20 09:33:43,已发货,未知,79.74,3
O004421,C01405,2024-06-14 05:44:42,已完成,支付宝,10.61,3
O004422,C01639,2025-03-28 18:32:37,已完成,支付宝,55.42,5
O004423,C00953,2024-10-11 21:36:16,已完成,支付宝,71.19,2
O004424,C01690,2024-09-18 03:04:25,已完成,支付宝,77.67,2
O004425,C01523,2024-03-24 06:01:24,已完成,银行卡,23.85,5
O004426,C00717,2024-03-16 14:09:36,已完成,支付宝,62.75,4
O004427,C00953,2024-10-17 08:32:19,已完成,支付宝,26.22,7
O004428,C00201,2025-11-08 00:23:24,已完成,微信支付,49.73,7
O004429,C00541,2025-06-18 00:21:54,已完成,支付宝,41.04,4
O004430,C00011,2025-07-10 05:26:27,待发货,微信支付,56.6,6
O004431,C01393,2024-06-25 23:59:35,已完成,微信支付,73.02,7
O004432,C01586,2025-06-24 14:22:54,已完成,支付宝,9.02,2
O004433,C01061,2024-11-06 06:26:56,已完成,银行卡,17.83,6
O004434,C00287,2024-03-04 01:30:33,已完成,支付宝,46.86,5
O004435,C00142,2024-11-01 18:46:15,已完成,微信支付,28.58,5
O004436,C01472,2024-05-02 09:44:06,已完成,微信支付,44.63,7
O004437,C00924,2025-09-14 09:58:51,已完成,微信支付,62.62,7
O004438,C01385,2025-09-03 13:38:31,已取消,微信支付,55.96,7
O004439,C01317,2024-08-02 05:57:33,已完成,微信支付,61.33,3
O004440,C01351,2025-04-25 17:36:57,已完成,微信支付,12.89,2
O004441,C00810,2024-10-03 07:32:22,已完成,微信支付,2.43,3
O004442,C01476,2024-05-18 16:33:06,已完成,微信支付,69.74,4
O004443,C01476,2025-05-19 12:28:40,已发货,微信支付,36.12,3
O004444,C01337,2025-07-10 03:12:58,已完成,银行卡,50.85,6
O004445,C00270,2025-07-19 14:21:10,已完成,货到付款,0.0,3
O004446,C00044,2024-05-15 01:36:59,已发货,银行卡,56.62,5
O004447,C01245,2025-02-05 17:36:32,已完成,微信支付,8.13,7
O004448,C01225,2024-01-28 09:09:33,已完成,微信支付,62.99,5
O004449,C01226,2024-03-31 16:48:57,已完成,支付宝,4.86,6
O004450,C00757,2024-03-23 05:42:19,待发货,未知,6.66,6
O004451,C01693,2024-03-02 09:31:44,已完成,支付宝,27.46,5
O004452,C00924,2024-09-07 07:27:00,已完成,银行卡,16.96,4
O004453,C00942,2024-09-27 06:33:40,已完成,支付宝,78.76,7
O004454,C00610,2025-06-10 08:34:00,已完成,货到付款,36.11,4
O004455,C01983,2024-09-03 01:25:00,已完成,银行卡,37.51,3
O004456,C01367,2024-05-09 09:51:23,待发货,微信支付,3.72,7
O004457,C00270,2025-11-20 02:09:22,已完成,微信支付,39.31,6
O004458,C00475,2025-10-01 12:22:46,已发货,支付宝,5.12,7
O004459,C00017,2024-04-27 02:23:53,已完成,微信支付,50.25,3
O004460,C01865,2024-10-02 00:05:56,已完成,支付宝,78.52,7
O004461,C01736,2024-05-28 10:05:37,已完成,支付宝,26.37,3
O004462,C01590,2025-12-02 07:53:09,已完成,支付宝,64.64,5
O004463,C00856,2024-09-25 21:46:40,已完成,银行卡,77.24,5
O004464,C00113,2024-04-06 06:21:29,已完成,微信支付,77.44,6
O004465,C01982,2025-06-20 09:15:31,已完成,银行卡,59.67,4
O004466,C01327,2025-06-15 05:24:30,已发货,微信支付,69.6,4
O004467,C01535,2024-06-30 21:42:52,已完成,银行卡,28.12,5
O004468,C01327,2024-08-27 18:17:22,已完成,微信支付,46.71,4
O004469,C00670,2024-11-10 04:03:57,已完成,支付宝,53.03,5
O004470,C00819,2024-07-19 06:25:32,已完成,货到付款,17.39,3
O004471,C00570,2024-08-03 04:35:41,已完成,未知,25.07,7
O004472,C00850,2025-08-07 03:31:55,已完成,银行卡,28.91,5
O004473,C01777,2025-07-05 05:10:48,已完成,支付宝,5.26,4
O004474,C00065,2025-06-08 20:50:26,已完成,支付宝,36.52,4
O004475,C01472,2025-06-06 11:37:12,已完成,支付宝,62.67,5
O004476,C01447,2025-02-14 09:43:08,已完成,微信支付,51.98,3
O004477,C01519,2024-09-21 04:57:21,已取消,支付宝,50.01,4
O004478,C00445,2025-06-17 04:30:39,已完成,微信支付,48.47,1
O004479,C01425,2024-04-21 13:34:47,已完成,支付宝,1.8,6
O004480,C00017,2024-05-09 18:45:01,已完成,支付宝,0.26,6
O004481,C01191,2024-04-28 13:46:27,已完成,微信支付,13.53,7
O004482,C01776,2025-06-22 15:50:56,已完成,微信支付,73.06,6
O004483,C00789,2025-04-10 06:42:49,已完成,支付宝,68.57,4
O004484,C01405,2024-12-13 22:03:56,已完成,微信支付,46.14,7
O004485,C00255,2024-12-31 19:21:57,已完成,支付宝,30.83,7
O004486,C00563,2025-08-24 21:35:05,已完成,货到付款,77.09,5
O004487,C00592,2024-04-25 16:26:40,已完成,微信支付,5.28,7
O004488,C00563,2024-10-21 16:02:33,已完成,支付宝,7.77,2
O004489,C01556,2025-07-10 01:16:28,已完成,银行卡,49.68,4
O004490,C01069,2025-05-24 03:18:47,已完成,货到付款,43.8,2
O004491,C01690,2024-11-28 03:02:56,已完成,微信支付,78.5,2
O004492,C01364,2024-06-19 11:45:27,已完成,银行卡,64.2,6
O004493,C01763,2025-11-20 14:22:38,已退款,微信支付,75.06,5
O004494,C00475,2024-11-07 02:47:28,已完成,支付宝,57.74,4
O004495,C00765,2025-10-04 18:52:38,已完成,微信支付,74.15,7
O004496,C01756,2025-07-21 13:53:58,已完成,微信支付,54.94,3
O004497,C01900,2025-09-20 14:54:48,已完成,支付宝,42.05,3
O004498,C01078,2024-01-20 22:29:13,已完成,微信支付,46.4,7
O004499,C00857,2025-01-01 14:14:52,已完成,支付宝,72.1,6
O004500,C00789,2024-07-13 00:05:31,已完成,微信支付,8.37,5
O004501,C00989,2024-07-23 18:37:35,已完成,货到付款,45.23,7
O004502,C00382,2024-07-20 21:07:06,已完成,支付宝,31.38,5
O004503,C00262,2024-10-27 02:14:26,已完成,支付宝,53.04,3
O004504,C01465,2024-11-08 12:14:18,已发货,微信支付,48.3,5
O004505,C01174,2025-05-09 11:16:05,已完成,货到付款,31.97,3
O004506,C00416,2024-08-11 03:22:51,已完成,支付宝,55.14,4
O004507,C01408,2024-07-22 06:19:07,已发货,微信支付,42.88,4
O004508,C01570,2024-09-29 20:31:42,已完成,支付宝,15.0,3
O004509,C01195,2025-06-06 09:57:44,已完成,微信支付,51.04,1
O004510,C01472,2024-01-01 12:38:36,已完成,微信支付,2.13,2
O004511,C00916,2025-07-02 18:40:50,待发货,微信支付,65.84,3
O004512,C01311,2024-09-11 10:09:06,已完成,支付宝,72.52,3
O004513,C01214,2025-03-30 21:06:00,已完成,微信支付,6.24,6
O004514,C01160,2025-07-11 11:11:51,已完成,支付宝,20.54,5
O004515,C01872,2025-02-04 23:50:10,已完成,微信支付,10.15,4
O004516,C01274,2025-05-17 03:10:17,已完成,微信支付,61.75,4
O004517,C00031,2025-11-05 21:59:41,已完成,微信支付,5.68,3
O004518,C00575,2024-02-03 02:45:32,已完成,支付宝,43.29,5
O004519,C01469,2024-09-20 19:49:12,已完成,微信支付,31.06,5
O004520,C00776,2025-11-08 15:18:14,已完成,微信支付,60.07,5
O004521,C00122,2025-09-01 13:09:50,已完成,微信支付,51.13,3
O004522,C01381,2025-04-28 21:10:31,已完成,货到付款,43.54,3
O004523,C00337,2024-06-22 15:51:55,已完成,微信支付,40.28,3
O004524,C01571,2024-09-04 16:25:33,已完成,微信支付,62.0,7
O004525,C00869,2025-09-17 18:24:39,已完成,未知,38.18,5
O004526,C01742,2025-06-10 20:14:20,已完成,支付宝,33.58,6
O004527,C01957,2024-07-31 05:21:01,已完成,微信支付,2.03,6
O004528,C01526,2024-05-03 20:22:30,已完成,银行卡,21.48,2
O004529,C01476,2025-07-23 14:44:43,已完成,支付宝,29.59,7
O004530,C01548,2025-03-30 00:49:24,待发货,支付宝,46.3,4
O004531,C01393,2025-12-07 22:28:51,已取消,支付宝,53.86,2
O004532,C01317,2024-11-06 18:20:41,已退款,银行卡,77.02,7
O004533,C00433,2024-09-20 21:27:30,已完成,微信支付,22.14,5
O004534,C00215,2024-08-04 18:10:32,已完成,货到付款,43.55,4
O004535,C01385,2025-01-06 08:04:13,已完成,微信支付,60.48,4
O004536,C01555,2024-08-28 08:13:52,已完成,支付宝,24.84,6
O004537,C00122,2024-03-16 06:01:03,已完成,微信支付,43.88,5
O004538,C00387,2024-08-20 09:02:02,已完成,支付宝,33.48,4
O004539,C01297,2024-06-17 00:14:47,已完成,银行卡,31.78,7
O004540,C00989,2025-08-16 17:54:01,已完成,支付宝,5.01,5
O004541,C01327,2024-06-26 18:11:30,已发货,未知,1.94,4
O004542,C00017,2024-12-19 23:41:11,已完成,支付宝,23.63,2
O004543,C01742,2025-06-01 13:08:40,已完成,货到付款,72.98,3
O004544,C01904,2024-05-15 23:27:07,已完成,微信支付,15.42,3
O004545,C01648,2025-02-23 05:36:15,已完成,微信支付,5.04,2
O004546,C01565,2025-09-09 11:33:31,已发货,支付宝,49.62,7
O004547,C00777,2025-04-05 18:47:22,已完成,支付宝,76.68,4
O004548,C01327,2025-01-06 18:15:12,已完成,微信支付,4.57,4
O004549,C00007,2025-09-02 18:44:03,已完成,微信支付,59.64,4
O004550,C00763,2025-11-21 11:24:00,已完成,支付宝,8.68,4
O004551,C01233,2025-08-20 01:26:11,已完成,银行卡,10.83,4
O004552,C01229,2024-11-07 20:19:16,已取消,微信支付,74.89,5
O004553,C00575,2025-04-24 09:59:07,已完成,支付宝,56.1,3
O004554,C01145,2025-02-18 15:49:30,已发货,银行卡,44.74,7
O004555,C00496,2024-08-14 03:27:53,已完成,微信支付,13.17,6
O004556,C00226,2024-11-28 22:44:42,已完成,微信支付,44.72,7
O004557,C00776,2025-08-26 06:54:18,已完成,微信支付,4.98,6
O004558,C00563,2024-08-11 23:17:26,已完成,支付宝,31.55,5
O004559,C00867,2025-10-14 17:19:46,已完成,支付宝,56.36,4
O004560,C00262,2025-12-26 07:45:57,已完成,银行卡,45.47,4
O004561,C01183,2024-08-16 08:17:33,已发货,支付宝,54.01,4
O004562,C00266,2024-04-26 23:05:11,已完成,微信支付,9.27,4
O004563,C00819,2025-11-30 14:35:52,已完成,支付宝,60.69,4
O004564,C00844,2024-05-31 16:12:30,已完成,微信支付,76.5,6
O004565,C01005,2025-07-17 14:35:01,已完成,支付宝,72.6,1
O004566,C01581,2024-02-13 05:06:15,已完成,货到付款,7.03,3
O004567,C00179,2024-06-26 03:28:31,已完成,支付宝,7.89,2
O004568,C01663,2024-07-13 00:14:48,待发货,支付宝,41.07,2
O004569,C01160,2024-08-09 09:31:51,已完成,未知,41.92,7
O004570,C00324,2025-11-05 16:13:11,已完成,支付宝,68.57,5
O004571,C01742,2024-06-01 07:15:43,已完成,支付宝,29.51,2
O004572,C01186,2024-06-01 05:54:57,已完成,支付宝,41.16,7
O004573,C01229,2025-06-08 09:58:47,已完成,货到付款,16.3,7
O004574,C00753,2025-11-26 05:19:42,已完成,货到付款,75.73,5
O004575,C00789,2024-10-27 10:38:47,已完成,支付宝,9.67,7
O004576,C00122,2025-07-18 13:21:33,已完成,银行卡,72.33,3
O004577,C00031,2024-02-05 06:10:36,已发货,支付宝,71.25,2
O004578,C00032,2025-08-22 00:05:31,已完成,支付宝,4.04,6
O004579,C00933,2025-06-18 02:53:57,已完成,微信支付,62.03,2
O004580,C00667,2025-10-20 09:03:21,已完成,货到付款,27.0,6
O004581,C00532,2025-05-11 04:29:46,已完成,货到付款,17.98,2
O004582,C01648,2025-11-15 19:13:01,已完成,支付宝,32.2,2
O004583,C01850,2024-10-27 03:45:25,已完成,微信支付,73.91,6
O004584,C00159,2025-06-22 00:08:54,已完成,微信支付,31.91,5
O004585,C00507,2025-06-19 14:34:14,已完成,微信支付,19.42,3
O004586,C00080,2024-07-19 14:20:47,已完成,银行卡,41.97,4
O004587,C00592,2025-11-05 16:31:30,已完成,支付宝,32.77,4
O004588,C01526,2025-07-22 03:11:08,已完成,支付宝,1.52,4
O004589,C00533,2025-09-23 16:07:06,已完成,微信支付,14.9,4
O004590,C01548,2024-10-01 20:10:07,已完成,支付宝,1.38,7
O004591,C00475,2025-09-04 14:34:27,已退款,支付宝,41.78,2
O004592,C01526,2024-08-22 09:38:18,已完成,银行卡,51.31,2
O004593,C00036,2025-12-08 11:54:53,已完成,支付宝,57.47,3
O004594,C01010,2024-01-28 19:56:45,已完成,微信支付,16.63,4
O004595,C01120,2025-04-29 03:45:08,已完成,微信支付,64.4,3
O004596,C00725,2024-04-17 17:00:30,已完成,银行卡,32.88,5
O004597,C00008,2025-06-17 06:42:45,已完成,银行卡,3.93,5
O004598,C01777,2024-10-03 21:42:39,已完成,微信支付,74.22,4
O004599,C01167,2025-09-27 03:42:00,已完成,微信支付,55.48,5
O004600,C00144,2025-09-29 12:39:00,已完成,支付宝,45.0,2
O004601,C01526,2024-10-07 09:41:35,已退款,支付宝,3.22,7
O004602,C00017,2025-08-12 11:35:55,已完成,支付宝,1.12,4
O004603,C01637,2025-06-04 09:37:03,已完成,微信支付,45.19,2
O004604,C01448,2024-11-18 00:41:09,已完成,货到付款,70.3,5
O004605,C00563,2024-09-15 20:02:11,已完成,支付宝,51.8,6
O004606,C00182,2024-06-14 12:30:19,已完成,支付宝,0.44,2
O004607,C01708,2024-03-08 14:07:53,已完成,微信支付,51.04,3
O004608,C01066,2025-02-10 12:55:56,已完成,微信支付,27.89,3
O004609,C00819,2025-03-02 12:59:18,已发货,微信支付,9.76,5
O004610,C00239,2024-12-07 14:09:43,待发货,微信支付,64.92,5
O004611,C00170,2025-11-24 10:53:00,已发货,货到付款,46.12,4
O004612,C01448,2024-01-16 03:28:30,已完成,支付宝,57.94,5
O004613,C01658,2025-09-11 00:40:37,已完成,货到付款,13.21,6
O004614,C01419,2025-08-06 12:39:51,已取消,支付宝,9.29,3
O004615,C01625,2025-07-09 04:07:49,已完成,微信支付,41.16,5
O004616,C01932,2025-02-17 10:54:03,已完成,支付宝,42.23,4
O004617,C01890,2024-06-07 14:38:24,已完成,支付宝,46.56,1
O004618,C01668,2025-09-21 14:29:04,已完成,银行卡,59.54,6
O004619,C01065,2025-06-30 04:36:00,已完成,支付宝,53.09,4
O004620,C00337,2025-08-29 15:58:09,已完成,微信支付,54.1,2
O004621,C00433,2024-06-26 22:38:55,已完成,支付宝,14.0,5
O004622,C00867,2025-03-13 08:39:15,已完成,支付宝,33.45,7
O004623,C01364,2024-11-10 02:52:44,已发货,支付宝,48.0,5
O004624,C01186,2025-05-12 12:41:42,已发货,微信支付,41.49,7
O004625,C00629,2025-07-05 14:08:52,已完成,支付宝,24.34,6
O004626,C00236,2024-06-01 09:49:31,已完成,银行卡,75.54,3
O004627,C00683,2024-06-01 14:53:58,已完成,微信支付,11.22,4
O004628,C01989,2024-02-17 18:44:25,已完成,支付宝,77.97,3
O004629,C00819,2024-05-20 13:09:47,已完成,微信支付,62.56,2
O004630,C00613,2024-06-29 19:31:46,已完成,微信支付,47.69,4
O004631,C01932,2024-03-16 03:03:32,已完成,微信支付,10.2,4
O004632,C01668,2024-09-25 07:46:19,已完成,微信支付,45.11,3
O004633,C00398,2025-06-02 13:57:09,已完成,微信支付,7.04,4
O004634,C01021,2025-08-01 06:02:05,已完成,支付宝,74.55,2
O004635,C01777,2024-09-17 23:06:29,已完成,支付宝,22.85,3
O004636,C01983,2024-03-26 16:55:23,已完成,微信支付,31.96,2
O004637,C00819,2025-07-10 09:47:12,待发货,支付宝,50.94,3
O004638,C01690,2024-10-29 18:49:45,已完成,支付宝,1.5,5
O004639,C01827,2024-07-07 23:12:09,已完成,支付宝,43.36,6
O004640,C00915,2024-12-28 00:38:28,已完成,银行卡,57.19,7
O004641,C01181,2025-12-12 13:49:25,已完成,微信支付,16.58,7
O004642,C01337,2024-10-11 10:04:58,已完成,支付宝,12.32,7
O004643,C00541,2025-12-03 18:17:06,已完成,微信支付,39.01,7
O004644,C01417,2024-07-08 07:17:51,已完成,微信支付,42.92,3
O004645,C01662,2024-04-12 07:32:41,已完成,微信支付,35.12,5
O004646,C00433,2024-05-20 18:15:47,已完成,银行卡,23.65,4
O004647,C01160,2025-07-19 21:20:46,已发货,微信支付,32.79,4
O004648,C01867,2025-02-28 03:15:46,已完成,支付宝,24.98,6
O004649,C01117,2025-04-03 14:03:26,已完成,支付宝,19.97,3
O004650,C01323,2025-12-11 18:40:34,已完成,微信支付,37.77,7
O004651,C01932,2025-01-29 03:38:21,已完成,微信支付,31.65,7
O004652,C00238,2024-04-21 15:52:54,已完成,微信支付,34.83,7
O004653,C01736,2025-06-17 23:34:13,已完成,未知,0.02,5
O004654,C00725,2024-06-13 20:40:35,已完成,银行卡,55.42,2
O004655,C00498,2025-04-03 04:21:12,已发货,微信支付,3.75,2
O004656,C00262,2025-09-14 23:23:22,已完成,支付宝,16.54,6
O004657,C01932,2025-01-01 08:24:57,已完成,微信支付,64.28,7
O004658,C01865,2024-08-22 11:58:11,已完成,支付宝,78.73,4
O004659,C00530,2025-03-30 06:28:53,已完成,微信支付,79.32,6
O004660,C00017,2024-04-29 16:51:48,已完成,微信支付,47.38,4
O004661,C01543,2024-08-17 03:19:21,已完成,微信支付,20.75,3
O004662,C01385,2025-01-29 17:41:22,已发货,银行卡,66.79,7
O004663,C00122,2024-07-09 01:16:00,已完成,支付宝,52.03,2
O004664,C00592,2024-02-13 20:23:47,已完成,微信支付,78.9,5
O004665,C00170,2025-04-06 07:51:39,待发货,支付宝,43.93,2
O004666,C01690,2024-11-04 12:41:58,已完成,银行卡,42.09,4
O004667,C00083,2024-10-28 05:29:17,已完成,支付宝,3.5,3
O004668,C01031,2025-12-29 02:24:23,已完成,货到付款,15.55,2
O004669,C01704,2024-04-17 00:47:41,已完成,微信支付,53.35,4
O004670,C01865,2024-05-18 23:09:20,已完成,银行卡,79.5,5
O004671,C00732,2025-10-02 03:50:19,已完成,银行卡,38.05,5
O004672,C00776,2024-05-01 01:37:10,已完成,支付宝,2.33,6
O004673,C01653,2025-11-04 12:19:59,已完成,支付宝,31.96,7
O004674,C01648,2025-06-01 23:41:28,已完成,微信支付,10.1,3
O004675,C01061,2025-02-20 01:59:46,已完成,微信支付,76.78,5
O004676,C00295,2024-07-26 06:20:39,已完成,支付宝,11.3,5
O004677,C00083,2024-09-28 13:23:35,已完成,银行卡,9.43,6
O004678,C00339,2025-08-23 11:55:18,已完成,微信支付,36.62,5
