order_item_id,order_id,product_id,quantity,unit_price,discount_rate,subtotal
1,O000001,P0048,3,108.33,0.0,324.99
2,O000001,P0032,4,119.12,0.0,476.48
3,O000002,P0080,5,129.71,0.05,616.12
4,O000004,P0087,5,186.22,0.0,931.1
5,O000004,P0012,1,123.7,0.0,123.7
6,O000004,P0084,2,501.24,0.05,952.36
7,O000004,P0048,3,106.05,0.0,318.15
8,O000005,P0080,2,132.34,0.05,251.45
9,O000006,P0039,3,700.62,0.1,1891.67
10,O000006,P0020,1,2595.57,0.0,2595.57
11,O000006,P0054,1,64.66,0.0,64.66
12,O000007,P0039,2,692.42,0.05,1315.6
13,O000008,P0080,2,127.92,0.05,243.05
14,O000008,P0061,3,130.27,0.0,390.81
15,O000009,P0073,3,76.37,0.15,194.74
16,O000009,P0058,4,117.11,0.0,468.44
17,O000009,P0077,3,276.71,0.1,747.12
18,O000009,P0087,3,193.88,0.15,494.39
19,O000010,P0073,5,67.89,0.05,322.48
20,O000011,P0071,1,55.09,0.05,52.34
21,O000011,P0067,1,244.6,0.2,195.68
22,O000012,P0008,1,2342.72,0.05,2225.58
23,O000012,P0007,2,2225.1,0.0,4450.2
24,O000013,P0080,1,125.34,0.0,125.34
25,O000013,P0058,5,105.69,0.0,528.45
26,O000013,P0084,1,473.54,0.0,473.54
27,O000013,P0054,5,58.19,0.0,290.95
28,O000014,P0084,1,521.76,0.05,495.67
29,O000015,P0084,1,462.39,0.0,462.39
30,O000016,P0020,1,2297.46,0.0,2297.46
31,O000017,P0080,2,130.61,0.1,235.1
32,O000017,P0084,1,496.74,0.2,397.39
33,O000018,P0025,2,305.36,0.1,549.65
34,O000018,P0064,1,107.11,0.0,107.11
35,O000018,P0008,1,2507.86,0.0,2507.86
36,O000019,P0015,1,1453.39,0.1,1308.05
37,O000019,P0039,3,653.43,0.0,1960.29
38,O000020,P0020,1,2357.02,0.2,1885.62
39,O000020,P0039,2,704.22,0.0,1408.44
40,O000020,P0037,2,685.17,0.1,1233.31
41,O000020,P0045,1,996.69,0.0,996.69
42,O000021,P0087,4,200.93,0.15,683.16
43,O000021,P0032,1,124.45,0.0,124.45
44,O000022,P0025,3,301.61,0.0,904.83
45,O000022,P0043,2,976.73,0.0,1953.46
46,O000022,P0009,2,2076.9,0.05,3946.11
47,O000022,P0020,2,2511.9,0.0,5023.8
48,O000023,P0054,2,61.71,0.0,123.42
49,O000023,P0045,1,1071.05,0.1,963.94
50,O000023,P0008,1,2343.83,0.0,2343.83
51,O000024,P0084,2,505.79,0.0,1011.58
52,O000024,P0058,2,109.77,0.15,186.61
53,O000025,P0084,2,510.78,0.0,1021.56
54,O000025,P0045,2,1014.09,0.05,1926.77
55,O000026,P0008,2,2182.97,0.0,4365.94
56,O000026,P0058,4,109.62,0.0,438.48
57,O000026,P0045,3,951.47,0.0,2854.41
58,O000027,P0039,3,758.86,0.0,2276.58
59,O000030,P0059,5,106.58,0.1,479.61
60,O000030,P0016,1,3288.78,0.0,3288.78
61,O000031,P0055,2,738.46,0.05,1403.07
62,O000031,P0054,1,59.43,0.1,53.49
63,O000031,P0084,3,498.7,0.0,1496.1
64,O000032,P0080,3,122.15,0.0,366.45
65,O000033,P0022,2,3129.29,0.1,5632.72
66,O000033,P0005,1,371.04,0.05,352.49
67,O000033,P0020,2,2448.19,0.05,4651.56
68,O000033,P0087,1,181.72,0.0,181.72
69,O000034,P0005,3,387.98,0.0,1163.94
70,O000034,P0020,2,2466.02,0.05,4685.44
71,O000035,P0032,5,116.47,0.05,553.23
72,O000035,P0063,4,111.34,0.0,445.36
73,O000036,P0020,2,2301.68,0.0,4603.36
74,O000036,P0045,2,1026.03,0.2,1641.65
75,O000036,P0077,1,282.62,0.2,226.1
76,O000036,P0073,4,74.82,0.0,299.28
77,O000037,P0012,4,122.42,0.05,465.2
78,O000037,P0087,1,193.75,0.0,193.75
79,O000037,P0015,1,1371.21,0.0,1371.21
80,O000037,P0080,3,121.61,0.0,364.83
81,O000038,P0043,2,970.15,0.0,1940.3
82,O000038,P0084,1,476.52,0.0,476.52
83,O000038,P0020,1,2397.61,0.0,2397.61
84,O000038,P0022,1,3309.62,0.05,3144.14
85,O000039,P0020,2,2577.4,0.05,4897.06
86,O000039,P0054,2,57.34,0.0,114.68
87,O000039,P0016,1,3326.32,0.05,3160.0
88,O000039,P0084,3,453.61,0.05,1292.79
89,O000040,P0054,3,63.33,0.0,189.99
90,O000041,P0073,1,75.94,0.0,75.94
91,O000041,P0080,4,115.12,0.1,414.43
92,O000042,P0039,3,659.89,0.0,1979.67
93,O000042,P0045,2,1041.12,0.05,1978.13
94,O000042,P0020,2,2385.89,0.1,4294.6
95,O000042,P0031,4,123.51,0.0,494.04
96,O000043,P0048,3,108.97,0.0,326.91
97,O000043,P0061,3,120.23,0.0,360.69
98,O000044,P0044,3,964.11,0.0,2892.33
99,O000045,P0054,4,59.74,0.1,215.06
100,O000045,P0039,3,695.16,0.05,1981.21
101,O000046,P0039,1,710.0,0.2,568.0
102,O000046,P0037,1,754.64,0.1,679.18
103,O000047,P0077,2,310.68,0.1,559.22
104,O000047,P0084,3,526.02,0.0,1578.06
105,O000047,P0020,2,2464.7,0.0,4929.4
106,O000047,P0044,3,926.35,0.0,2779.05
107,O000048,P0045,1,947.11,0.05,899.75
108,O000048,P0058,5,115.69,0.1,520.6
109,O000048,P0020,2,2290.38,0.0,4580.76
110,O000050,P0058,1,102.9,0.1,92.61
111,O000050,P0012,3,123.72,0.1,334.04
112,O000050,P0007,2,2402.45,0.2,3843.92
113,O000051,P0048,5,108.48,0.0,542.4
114,O000051,P0016,1,3218.38,0.0,3218.38
115,O000052,P0086,5,207.65,0.05,986.34
116,O000052,P0020,1,2555.17,0.05,2427.41
117,O000052,P0044,3,993.79,0.1,2683.23
118,O000052,P0077,3,279.21,0.0,837.63
119,O000053,P0053,5,71.48,0.0,357.4
120,O000053,P0086,1,192.34,0.0,192.34
121,O000053,P0040,2,399.56,0.0,799.12
122,O000053,P0020,1,2512.92,0.05,2387.27
123,O000055,P0058,1,103.72,0.0,103.72
124,O000055,P0071,3,53.94,0.0,161.82
125,O000056,P0053,4,64.38,0.0,257.52
126,O000056,P0077,2,306.7,0.05,582.73
127,O000056,P0008,2,2319.73,0.0,4639.46
128,O000057,P0012,3,115.59,0.0,346.77
129,O000057,P0080,4,131.47,0.0,525.88
130,O000057,P0054,4,62.35,0.0,249.4
131,O000057,P0084,1,464.48,0.0,464.48
132,O000058,P0045,1,1010.69,0.0,1010.69
133,O000058,P0084,1,528.29,0.05,501.88
134,O000058,P0044,3,997.74,0.15,2544.24
135,O000059,P0032,3,112.45,0.0,337.35
136,O000059,P0016,1,3221.27,0.0,3221.27
137,O000060,P0063,3,120.12,0.0,360.36
138,O000060,P0054,4,65.77,0.0,263.08
139,O000061,P0050,3,323.05,0.1,872.24
140,O000061,P0045,1,1046.89,0.0,1046.89
141,O000062,P0039,3,751.84,0.0,2255.52
142,O000063,P0087,3,202.97,0.0,608.91
143,O000064,P0079,2,145.53,0.0,291.06
144,O000064,P0020,2,2618.84,0.0,5237.68
145,O000064,P0053,2,71.21,0.2,113.94
146,O000064,P0040,3,440.64,0.2,1057.54
147,O000065,P0020,2,2451.41,0.0,4902.82
148,O000066,P0020,2,2382.39,0.0,4764.78
149,O000066,P0039,3,687.61,0.15,1753.41
150,O000067,P0003,2,4879.57,0.0,9759.14
151,O000067,P0039,1,694.95,0.0,694.95
152,O000067,P0054,3,62.12,0.0,186.36
153,O000068,P0071,2,54.23,0.0,108.46
154,O000070,P0080,2,123.23,0.0,246.46
155,O000070,P0032,3,120.31,0.0,360.93
156,O000072,P0054,1,57.37,0.05,54.5
157,O000072,P0045,2,1093.13,0.0,2186.26
158,O000073,P0020,2,2563.01,0.0,5126.02
159,O000073,P0065,3,94.29,0.0,282.87
160,O000074,P0034,1,299.33,0.0,299.33
161,O000074,P0050,3,303.73,0.0,911.19
162,O000074,P0054,2,64.28,0.0,128.56
163,O000075,P0016,2,3592.17,0.05,6825.12
164,O000076,P0053,2,62.96,0.0,125.92
165,O000076,P0080,4,117.54,0.0,470.16
166,O000077,P0018,2,3890.5,0.0,7781.0
167,O000077,P0030,2,2469.16,0.0,4938.32
168,O000078,P0054,1,59.01,0.0,59.01
169,O000078,P0034,3,305.41,0.0,916.23
170,O000079,P0012,5,123.72,0.05,587.67
171,O000079,P0045,2,1013.82,0.1,1824.88
172,O000079,P0084,3,459.28,0.0,1377.84
173,O000080,P0084,3,514.28,0.0,1542.84
174,O000081,P0039,3,741.54,0.0,2224.62
175,O000082,P0054,3,65.13,0.0,195.39
176,O000082,P0080,5,116.51,0.0,582.55
177,O000082,P0084,2,523.64,0.0,1047.28
178,O000083,P0024,2,2912.12,0.0,5824.24
179,O000084,P0039,1,712.93,0.05,677.28
180,O000084,P0080,1,117.74,0.05,111.85
181,O000084,P0043,1,917.4,0.0,917.4
182,O000084,P0032,3,110.94,0.0,332.82
183,O000085,P0026,3,310.66,0.1,838.78
184,O000086,P0084,2,463.85,0.0,927.7
185,O000086,P0022,1,3018.66,0.05,2867.73
186,O000086,P0045,2,1029.9,0.0,2059.8
187,O000086,P0048,4,107.45,0.2,343.84
188,O000088,P0032,2,122.45,0.0,244.9
189,O000088,P0039,2,691.92,0.0,1383.84
190,O000089,P0016,1,3305.28,0.0,3305.28
191,O000089,P0005,1,378.43,0.1,340.59
192,O000089,P0020,2,2515.63,0.1,4528.13
193,O000090,P0084,1,451.69,0.0,451.69
194,O000090,P0020,1,2265.71,0.1,2039.14
195,O000091,P0050,1,281.82,0.0,281.82
196,O000091,P0084,2,456.19,0.15,775.52
197,O000092,P0032,4,124.35,0.15,422.79
198,O000092,P0054,2,62.64,0.0,125.28
199,O000093,P0020,2,2496.3,0.2,3994.08
200,O000093,P0032,5,122.81,0.05,583.35
201,O000093,P0055,1,792.36,0.0,792.36
202,O000094,P0045,1,1050.02,0.15,892.52
203,O000095,P0039,3,682.16,0.0,2046.48
204,O000095,P0041,2,475.06,0.0,950.12
205,O000095,P0048,1,98.12,0.05,93.21
206,O000096,P0064,1,92.76,0.05,88.12
207,O000096,P0037,1,715.71,0.2,572.57
208,O000096,P0039,1,693.8,0.05,659.11
209,O000096,P0054,2,62.76,0.0,125.52
210,O000098,P0008,1,2187.18,0.05,2077.82
211,O000098,P0002,1,4139.46,0.1,3725.51
212,O000098,P0032,2,116.83,0.0,233.66
213,O000098,P0020,2,2249.61,0.0,4499.22
214,O000099,P0084,3,460.15,0.0,1380.45
215,O000099,P0012,2,120.47,0.1,216.85
216,O000100,P0058,1,112.41,0.2,89.93
217,O000100,P0005,3,399.48,0.0,1198.44
218,O000101,P0020,2,2379.87,0.0,4759.74
219,O000101,P0005,1,403.13,0.0,403.13
220,O000102,P0013,3,1321.28,0.0,3963.84
221,O000103,P0012,4,119.05,0.0,476.2
222,O000103,P0071,2,51.04,0.05,96.98
223,O000103,P0054,5,62.8,0.0,314.0
224,O000104,P0021,2,2608.16,0.1,4694.69
225,O000105,P0020,2,2405.94,0.0,4811.88
226,O000105,P0073,3,74.17,0.05,211.38
227,O000105,P0057,2,956.19,0.1,1721.14
228,O000106,P0080,5,113.01,0.0,565.05
229,O000108,P0058,2,109.61,0.2,175.38
230,O000109,P0050,2,320.51,0.1,576.92
231,O000110,P0043,1,920.28,0.05,874.27
232,O000110,P0087,5,203.5,0.0,1017.5
233,O000110,P0058,4,113.82,0.2,364.22
234,O000110,P0005,1,408.63,0.0,408.63
235,O000111,P0020,1,2250.17,0.2,1800.14
236,O000111,P0003,2,4923.78,0.0,9847.56
237,O000111,P0013,2,1424.39,0.1,2563.9
238,O000112,P0058,3,113.11,0.05,322.36
239,O000112,P0008,2,2427.19,0.1,4368.94
240,O000112,P0059,1,108.52,0.0,108.52
241,O000112,P0054,4,65.57,0.15,222.94
242,O000113,P0084,2,493.64,0.1,888.55
243,O000113,P0045,2,1062.21,0.1,1911.98
244,O000114,P0084,1,512.05,0.0,512.05
245,O000114,P0054,2,62.39,0.05,118.54
246,O000115,P0034,3,314.63,0.0,943.89
247,O000115,P0071,3,49.85,0.2,119.64
248,O000115,P0050,3,285.7,0.2,685.68
249,O000115,P0054,1,60.0,0.0,60.0
250,O000116,P0041,2,440.53,0.1,792.95
251,O000116,P0058,4,108.24,0.05,411.31
252,O000117,P0054,4,56.74,0.1,204.26
253,O000118,P0012,3,116.73,0.0,350.19
254,O000119,P0054,5,63.9,0.05,303.52
255,O000119,P0005,1,423.5,0.1,381.15
256,O000121,P0044,3,974.21,0.0,2922.63
257,O000121,P0065,3,98.3,0.0,294.9
258,O000121,P0005,2,434.85,0.0,869.7
259,O000122,P0080,4,114.08,0.0,456.32
260,O000123,P0054,5,62.8,0.0,314.0
261,O000123,P0013,1,1394.97,0.0,1394.97
262,O000123,P0067,4,260.29,0.05,989.1
263,O000123,P0032,3,126.31,0.1,341.04
264,O000124,P0032,5,125.47,0.0,627.35
265,O000124,P0053,4,62.25,0.0,249.0
266,O000124,P0080,3,121.37,0.0,364.11
267,O000124,P0077,3,277.01,0.1,747.93
268,O000125,P0077,2,309.17,0.15,525.59
269,O000126,P0013,1,1339.69,0.0,1339.69
270,O000126,P0080,1,125.93,0.0,125.93
271,O000127,P0054,2,63.83,0.0,127.66
272,O000127,P0080,4,120.28,0.15,408.95
273,O000128,P0009,1,2154.91,0.0,2154.91
274,O000128,P0084,3,503.84,0.0,1511.52
275,O000128,P0032,5,118.9,0.05,564.78
276,O000128,P0039,1,666.06,0.0,666.06
277,O000129,P0047,2,85.12,0.0,170.24
278,O000129,P0020,1,2372.97,0.2,1898.38
279,O000129,P0039,2,743.61,0.0,1487.22
280,O000129,P0077,3,280.25,0.1,756.68
281,O000130,P0039,3,722.75,0.05,2059.84
282,O000131,P0029,1,2344.69,0.0,2344.69
283,O000132,P0039,1,687.78,0.0,687.78
284,O000133,P0054,3,56.97,0.0,170.91
285,O000133,P0058,5,114.96,0.0,574.8
286,O000133,P0080,3,127.98,0.05,364.74
287,O000133,P0020,2,2314.6,0.0,4629.2
288,O000134,P0009,2,1955.76,0.0,3911.52
289,O000134,P0044,3,1047.0,0.0,3141.0
290,O000134,P0013,1,1485.25,0.05,1410.99
291,O000135,P0020,2,2307.93,0.1,4154.27
292,O000135,P0073,1,74.61,0.0,74.61
293,O000136,P0012,2,114.94,0.05,218.39
294,O000136,P0080,3,122.95,0.2,295.08
295,O000136,P0053,1,71.85,0.0,71.85
296,O000136,P0039,3,729.37,0.1,1969.3
297,O000137,P0054,4,62.22,0.0,248.88
298,O000137,P0013,2,1493.65,0.0,2987.3
299,O000137,P0026,3,309.82,0.05,882.99
300,O000138,P0058,4,116.44,0.0,465.76
301,O000138,P0044,2,1065.98,0.0,2131.96
302,O000138,P0012,1,129.21,0.0,129.21
303,O000139,P0058,3,111.81,0.0,335.43
304,O000139,P0045,1,1033.16,0.0,1033.16
305,O000139,P0084,3,459.51,0.0,1378.53
306,O000140,P0087,4,201.18,0.05,764.48
307,O000141,P0058,2,108.84,0.05,206.8
308,O000143,P0040,2,440.08,0.0,880.16
309,O000143,P0045,2,972.2,0.0,1944.4
310,O000143,P0032,1,111.09,0.0,111.09
311,O000144,P0045,3,1034.61,0.05,2948.64
312,O000145,P0020,1,2339.67,0.0,2339.67
313,O000145,P0039,3,664.11,0.0,1992.33
314,O000146,P0080,3,129.27,0.2,310.25
315,O000146,P0050,3,286.46,0.0,859.38
316,O000146,P0087,5,196.8,0.0,984.0
317,O000146,P0016,1,3367.55,0.0,3367.55
318,O000147,P0077,1,272.64,0.05,259.01
319,O000147,P0039,3,668.81,0.1,1805.79
320,O000147,P0080,0,112.99,0.0,112.99
321,O000148,P0013,3,1314.99,0.05,3747.72
322,O000148,P0084,2,478.2,0.05,908.58
323,O000148,P0020,2,2374.82,0.05,4512.16
324,O000148,P0054,5,60.94,0.0,304.7
325,O000149,P0055,1,757.08,0.0,757.08
326,O000149,P0044,2,934.09,0.0,1868.18
327,O000149,P0025,3,277.28,0.05,790.25
328,O000150,P0008,2,2427.89,0.05,4612.99
329,O000151,P0008,2,2376.27,0.1,4277.29
330,O000151,P0080,1,121.7,0.2,97.36
331,O000152,P0030,2,2473.66,0.15,4205.22
332,O000152,P0008,2,2306.07,0.0,4612.14
333,O000153,P0002,1,4231.38,0.0,4231.38
334,O000153,P0039,1,734.81,0.0,734.81
335,O000153,P0087,5,193.65,0.1,871.42
336,O000155,P0080,5,119.02,0.0,595.1
337,O000155,P0032,4,122.5,0.0,490.0
338,O000157,P0015,1,1468.82,0.15,1248.5
339,O000157,P0054,4,63.67,0.0,254.68
340,O000158,P0077,1,298.98,0.05,284.03
341,O000158,P0020,2,2550.83,0.0,5101.66
342,O000158,P0045,2,1098.3,0.2,1757.28
343,O000158,P0084,2,494.32,0.0,988.64
344,O000159,P0080,5,127.19,0.2,508.76
345,O000159,P0021,1,2397.16,0.1,2157.44
346,O000160,P0056,1,876.57,0.2,701.26
347,O000160,P0071,4,54.41,0.0,217.64
348,O000161,P0071,3,53.47,0.0,160.41
349,O000161,P0054,3,63.64,0.1,171.83
350,O000161,P0008,2,2358.74,0.0,4717.48
351,O000161,P0020,1,2373.04,0.0,2373.04
352,O000162,P0021,1,2450.43,0.05,2327.91
353,O000162,P0087,5,192.4,0.05,913.9
354,O000162,P0058,4,100.65,0.05,382.47
355,O000162,P0086,3,200.01,0.0,600.03
356,O000163,P0013,2,1411.05,0.0,2822.1
357,O000163,P0080,2,127.38,0.0,254.76
358,O000163,P0005,3,391.74,0.05,1116.46
359,O000164,P0039,3,746.85,0.05,2128.52
360,O000165,P0020,2,2422.25,0.0,4844.5
361,O000165,P0005,1,425.69,0.0,425.69
362,O000165,P0039,1,651.58,0.0,651.58
363,O000165,P0054,4,61.51,0.05,233.74
364,O000166,P0050,2,300.29,0.05,570.55
365,O000166,P0054,1,59.18,0.0,59.18
366,O000167,P0034,1,290.9,0.1,261.81
367,O000167,P0002,1,3962.32,0.0,3962.32
368,O000167,P0084,1,461.42,0.2,369.14
369,O000168,P0077,2,278.93,0.1,502.07
370,O000168,P0020,1,2384.98,0.05,2265.73
371,O000169,P0020,1,2610.86,0.0,2610.86
372,O000170,P0020,2,2530.42,0.0,5060.84
373,O000170,P0084,3,471.0,0.0,1413.0
374,O000170,P0054,3,56.5,0.0,169.5
375,O000171,P0012,5,124.55,0.0,622.75
376,O000172,P0087,5,207.25,0.0,1036.25
377,O000173,P0020,1,2565.4,0.0,2565.4
378,O000173,P0073,2,75.75,0.0,151.5
379,O000173,P0054,1,59.03,0.0,59.03
380,O000174,P0003,1,4859.29,0.2,3887.43
381,O000174,P0020,1,2403.91,0.0,2403.91
382,O000174,P0080,1,123.73,0.1,111.36
383,O000175,P0058,4,101.22,0.0,404.88
384,O000175,P0033,3,120.96,0.0,362.88
385,O000175,P0054,5,61.37,0.0,306.85
386,O000175,P0005,2,371.78,0.0,743.56
387,O000176,P0022,1,3137.45,0.0,3137.45
388,O000176,P0039,2,725.47,0.0,1450.94
389,O000176,P0080,3,123.33,0.0,369.99
390,O000176,P0008,1,2308.67,0.15,1962.37
391,O000177,P0037,1,721.73,0.0,721.73
392,O000177,P0032,4,112.36,0.0,449.44
393,O000177,P0012,2,131.92,0.0,263.84
394,O000177,P0016,1,3603.35,0.2,2882.68
395,O000178,P0084,1,457.5,0.05,434.62
396,O000178,P0061,4,122.84,0.0,491.36
397,O000179,P0058,2,114.07,0.0,228.14
398,O000179,P0025,3,307.35,0.15,783.74
399,O000180,P0077,1,291.25,0.15,247.56
400,O000181,P0061,1,132.86,0.0,132.86
401,O000181,P0077,2,305.07,0.0,610.14
402,O000182,P0080,5,120.19,0.0,600.95
403,O000183,P0003,1,4963.96,0.0,4963.96
404,O000183,P0084,3,454.93,0.0,1364.79
405,O000183,P0054,3,56.6,0.0,169.8
406,O000184,P0047,5,86.07,0.0,430.35
407,O000184,P0012,4,125.62,0.0,502.48
408,O000185,P0054,4,56.54,0.0,226.16
409,O000186,P0080,1,119.54,0.0,119.54
410,O000187,P0039,2,680.74,0.0,1361.48
411,O000187,P0037,1,736.9,0.0,736.9
412,O000187,P0032,4,112.44,0.1,404.78
413,O000188,P0048,1,106.47,0.15,90.5
414,O000188,P0043,2,916.57,0.0,1833.14
415,O000188,P0058,2,106.38,0.0,212.76
416,O000189,P0032,5,125.14,0.0,625.7
417,O000189,P0047,5,87.38,0.0,436.9
418,O000189,P0012,2,124.13,0.0,248.26
419,O000190,P0008,1,2428.29,0.0,2428.29
420,O000190,P0022,1,3198.23,0.0,3198.23
421,O000190,P0034,2,285.85,0.0,571.7
422,O000190,P0073,5,68.42,0.1,307.89
423,O000191,P0005,2,395.05,0.0,790.1
424,O000192,P0044,2,1044.57,0.0,2089.14
425,O000192,P0020,2,2537.92,0.0,5075.84
426,O000192,P0080,2,120.09,0.0,240.18
427,O000192,P0005,3,427.88,0.05,1219.46
428,O000193,P0039,3,707.52,0.2,1698.05
429,O000194,P0067,3,257.24,0.0,771.72
430,O000194,P0087,5,202.32,0.2,809.28
431,O000194,P0063,2,113.16,0.1,203.69
432,O000195,P0012,1,114.07,0.0,114.07
433,O000195,P0008,2,2348.04,0.0,4696.08
434,O000195,P0011,4,129.55,0.0,518.2
435,O000197,P0054,1,64.68,0.0,64.68
436,O000197,P0012,3,116.85,0.0,350.55
437,O000198,P0020,2,2428.32,0.0,4856.64
438,O000198,P0087,1,202.2,0.05,192.09
439,O000199,P0008,1,2424.05,0.05,2302.85
440,O000199,P0054,4,59.75,0.0,239.0
441,O000199,P0058,5,114.08,0.0,570.4
442,O000200,P0061,5,136.1,0.0,680.5
443,O000200,P0058,5,106.29,0.0,531.45
444,O000200,P0084,2,472.3,0.0,944.6
445,O000201,P0067,3,255.23,0.05,727.41
446,O000201,P0016,1,3150.22,0.0,3150.22
447,O000201,P0020,1,2563.81,0.0,2563.81
448,O000203,P0087,5,207.92,0.0,1039.6
449,O000203,P0054,3,62.92,0.0,188.76
450,O000204,P0071,3,50.15,0.0,150.45
451,O000204,P0084,1,465.94,0.1,419.35
452,O000204,P0050,3,326.41,0.1,881.31
453,O000205,P0064,5,93.14,0.05,442.42
454,O000206,P0034,1,310.54,0.0,310.54
455,O000206,P0012,2,115.47,0.0,230.94
456,O000206,P0080,4,124.81,0.0,499.24
457,O000207,P0045,2,996.36,0.1,1793.45
458,O000208,P0040,2,426.51,0.0,853.02
459,O000208,P0020,1,2488.86,0.0,2488.86
460,O000209,P0074,2,76.51,0.0,153.02
461,O000209,P0016,1,3266.17,0.0,3266.17
462,O000209,P0054,1,61.76,0.0,61.76
463,O000209,P0087,5,202.61,0.0,1013.05
464,O000210,P0032,2,113.88,0.15,193.6
465,O000210,P0039,2,658.17,0.05,1250.52
466,O000210,P0071,4,53.25,0.2,170.4
467,O000211,P0053,2,69.17,0.0,138.34
468,O000211,P0055,2,717.53,0.15,1219.8
469,O000212,P0084,2,526.3,0.1,947.34
470,O000212,P0065,4,95.29,0.0,381.16
471,O000212,P0071,3,50.6,0.0,151.8
472,O000212,P0054,3,56.54,0.0,169.62
473,O000213,P0071,5,54.58,0.2,218.32
474,O000214,P0039,3,722.44,0.05,2058.95
475,O000215,P0021,2,2582.8,0.2,4132.48
476,O000215,P0037,3,714.49,0.0,2143.47
477,O000216,P0080,4,113.2,0.0,452.8
478,O000217,P0084,2,510.58,0.0,1021.16
479,O000217,P0080,2,128.15,0.0,256.3
480,O000217,P0054,3,57.21,0.0,171.63
481,O000218,P0087,5,194.81,0.05,925.35
482,O000218,P0039,1,746.21,0.0,746.21
483,O000218,P0054,1,64.55,0.0,64.55
484,O000218,P0005,3,394.07,0.2,945.77
485,O000219,P0039,3,744.6,0.15,1898.73
486,O000219,P0045,3,1057.76,0.0,3173.28
487,O000220,P0039,1,763.53,0.0,763.53
488,O000220,P0008,1,2292.72,0.0,2292.72
489,O000220,P0084,1,480.97,0.05,456.92
490,O000221,P0005,3,425.48,0.0,1276.44
491,O000221,P0086,3,199.75,0.05,569.29
492,O000221,P0084,2,470.83,0.0,941.66
493,O000222,P0008,2,2407.01,0.0,4814.02
494,O000222,P0020,1,2416.07,0.0,2416.07
495,O000222,P0005,1,411.77,0.1,370.59
496,O000223,P0071,1,55.19,0.0,55.19
497,O000223,P0039,2,694.63,0.1,1250.33
498,O000223,P0045,1,994.59,0.15,845.4
499,O000223,P0063,1,115.32,0.05,109.55
500,O000224,P0015,1,1332.02,0.0,1332.02
501,O000224,P0043,1,958.27,0.0,958.27
502,O000225,P0063,4,108.99,0.0,435.96
503,O000226,P0084,3,523.03,0.05,1490.64
504,O000227,P0045,2,950.24,0.0,1900.48
505,O000227,P0063,5,117.05,0.0,585.25
506,O000228,P0012,1,126.39,0.0,126.39
507,O000228,P0009,0,1954.44,0.05,3713.44
508,O000229,P0003,2,4882.32,0.0,9764.64
509,O000229,P0026,2,317.77,0.0,635.54
510,O000229,P0071,3,52.08,0.2,124.99
511,O000230,P0054,3,58.74,0.0,176.22
512,O000230,P0044,3,1063.99,0.1,2872.77
513,O000230,P0012,1,113.36,0.05,107.69
514,O000230,P0048,1,101.11,0.0,101.11
515,O000231,P0084,2,526.4,0.0,1052.8
516,O000231,P0045,3,1006.44,0.0,3019.32
517,O000231,P0064,2,107.25,0.0,214.5
518,O000232,P0071,3,51.65,0.05,147.2
519,O000232,P0039,1,657.33,0.0,657.33
520,O000232,P0034,1,285.13,0.0,285.13
521,O000233,P0039,2,733.76,0.05,1394.14
522,O000233,P0008,2,2368.15,0.0,4736.3
523,O000233,P0054,4,56.37,0.0,225.48
524,O000234,P0053,2,71.67,0.0,143.34
525,O000234,P0005,2,419.74,0.0,839.48
526,O000235,P0020,2,2622.06,0.0,5244.12
527,O000236,P0058,4,111.26,0.0,445.04
528,O000237,P0057,3,965.44,0.15,2461.87
529,O000237,P0065,3,106.65,0.1,287.96
530,O000237,P0063,1,116.12,0.05,110.31
531,O000237,P0055,3,769.69,0.0,2309.07
532,O000238,P0084,2,511.12,0.05,971.13
533,O000238,P0054,1,62.23,0.0,62.23
534,O000239,P0077,2,296.18,0.05,562.74
535,O000239,P0015,1,1390.52,0.15,1181.94
536,O000239,P0048,5,108.37,0.1,487.66
537,O000239,P0020,2,2308.63,0.05,4386.4
538,O000240,P0058,3,114.67,0.15,292.41
539,O000240,P0043,1,1011.31,0.15,859.61
540,O000240,P0087,2,188.62,0.0,377.24
541,O000241,P0025,1,284.79,0.0,284.79
542,O000242,P0067,2,253.06,0.05,480.81
543,O000243,P0055,1,793.11,0.0,793.11
544,O000243,P0084,3,451.63,0.05,1287.15
545,O000244,P0054,5,64.74,0.15,275.14
546,O000244,P0087,2,208.02,0.05,395.24
547,O000245,P0039,1,662.11,0.05,629.0
548,O000245,P0005,2,391.35,0.0,782.7
549,O000245,P0084,3,501.95,0.0,1505.85
550,O000246,P0005,3,425.53,0.0,1276.59
551,O000246,P0053,1,66.59,0.1,59.93
552,O000246,P0003,1,4477.26,0.0,4477.26
553,O000246,P0032,2,128.7,0.0,257.4
554,O000247,P0054,4,63.5,0.0,254.0
555,O000247,P0039,2,724.36,0.0,1448.72
556,O000248,P0080,2,116.26,0.0,232.52
557,O000249,P0054,2,62.79,0.0,125.58
558,O000249,P0084,1,509.83,0.0,509.83
559,O000249,P0034,3,302.0,0.1,815.4
560,O000250,P0034,3,281.4,0.0,844.2
561,O000250,P0039,1,743.68,0.15,632.13
562,O000251,P0039,3,661.54,0.0,1984.62
563,O000251,P0057,3,893.47,0.0,2680.41
564,O000251,P0012,4,123.8,0.15,420.92
565,O000252,P0045,2,944.59,0.0,1889.18
566,O000252,P0032,4,118.59,0.15,403.21
567,O000253,P0022,1,3078.64,0.0,3078.64
568,O000253,P0025,1,313.3,0.05,297.64
569,O000254,P0071,1,49.2,0.2,39.36
570,O000254,P0034,3,298.41,0.05,850.47
571,O000255,P0054,1,56.71,0.1,51.04
572,O000255,P0087,4,184.5,0.1,664.2
573,O000255,P0016,2,3513.7,0.0,7027.4
574,O000255,P0020,1,2275.0,0.0,2275.0
575,O000256,P0015,2,1478.56,0.0,2957.12
576,O000256,P0032,4,122.76,0.0,491.04
577,O000257,P0063,2,122.44,0.0,244.88
578,O000258,P0043,1,943.3,0.0,943.3
579,O000258,P0080,4,123.75,0.0,495.0
580,O000259,P0073,2,72.17,0.05,137.12
581,O000259,P0020,1,2376.22,0.1,2138.6
582,O000259,P0087,1,206.7,0.0,206.7
583,O000259,P0058,5,106.21,0.05,504.5
584,O000260,P0080,3,123.88,0.05,353.06
585,O000260,P0020,2,2596.15,0.0,5192.3
586,O000260,P0012,4,116.13,0.15,394.84
587,O000260,P0039,3,738.1,0.1,1992.87
588,O000261,P0012,5,119.82,0.0,599.1
589,O000261,P0055,3,790.96,0.05,2254.24
590,O000262,P0054,4,63.02,0.0,252.08
591,O000262,P0020,2,2327.66,0.1,4189.79
592,O000262,P0032,5,127.3,0.0,636.5
593,O000263,P0055,3,734.71,0.0,2204.13
594,O000264,P0050,3,302.38,0.1,816.43
595,O000265,P0013,1,1440.34,0.0,1440.34
596,O000265,P0084,1,514.11,0.0,514.11
597,O000265,P0054,5,63.19,0.2,252.76
598,O000266,P0008,1,2342.57,0.0,2342.57
599,O000266,P0054,2,61.2,0.0,122.4
600,O000266,P0032,4,125.98,0.0,503.92
601,O000267,P0008,2,2390.71,0.0,4781.42
602,O000267,P0039,1,669.96,0.0,669.96
603,O000267,P0055,2,810.34,0.0,1620.68
604,O000267,P0054,4,57.64,0.0,230.56
605,O000268,P0008,2,2452.45,0.0,4904.9
606,O000268,P0073,3,68.72,0.0,206.16
607,O000268,P0056,2,828.95,0.0,1657.9
608,O000269,P0054,1,62.74,0.1,56.47
609,O000269,P0077,1,308.08,0.0,308.08
610,O000269,P0087,2,195.18,0.0,390.36
611,O000270,P0053,4,64.79,0.0,259.16
612,O000270,P0071,5,49.32,0.05,234.27
613,O000270,P0020,1,2308.25,0.05,2192.84
614,O000270,P0084,3,496.77,0.05,1415.79
615,O000271,P0039,1,755.43,0.1,679.89
616,O000271,P0008,2,2452.99,0.15,4170.08
617,O000271,P0034,1,326.22,0.0,326.22
618,O000271,P0055,2,751.75,0.1,1353.15
619,O000272,P0039,3,654.26,0.1,1766.5
620,O000272,P0054,3,65.16,0.0,195.48
621,O000272,P0080,2,125.39,0.1,225.7
622,O000274,P0080,1,120.65,0.0,120.65
623,O000275,P0003,2,4619.37,0.15,7852.93
624,O000275,P0084,1,524.45,0.0,524.45
625,O000276,P0028,2,2821.65,0.0,5643.3
626,O000276,P0008,2,2277.64,0.0,4555.28
627,O000276,P0020,2,2414.81,0.2,3863.7
628,O000277,P0032,3,125.1,0.05,356.54
629,O000277,P0053,1,71.23,0.2,56.98
630,O000277,P0074,4,75.93,0.2,242.98
631,O000278,P0080,4,130.02,0.0,520.08
632,O000278,P0053,2,70.99,0.05,134.88
633,O000278,P0012,3,120.94,0.0,362.82
634,O000279,P0087,5,180.36,0.0,901.8
635,O000279,P0053,3,68.14,0.1,183.98
636,O000279,P0058,2,110.93,0.05,210.77
637,O000279,P0084,2,453.26,0.0,906.52
638,O000280,P0007,2,2328.55,0.15,3958.54
639,O000280,P0056,1,934.6,0.0,934.6
640,O000280,P0048,5,96.29,0.05,457.38
641,O000281,P0013,3,1485.2,0.05,4232.82
642,O000282,P0080,3,130.88,0.0,392.64
643,O000282,P0084,2,457.32,0.0,914.64
644,O000282,P0016,2,3339.75,0.0,6679.5
645,O000282,P0008,2,2359.48,0.0,4718.96
646,O000283,P0087,5,188.83,0.0,944.15
647,O000283,P0025,1,312.48,0.0,312.48
648,O000283,P0077,2,304.94,0.1,548.89
649,O000284,P0065,5,100.39,0.1,451.76
650,O000284,P0044,3,1028.66,0.05,2931.68
651,O000285,P0021,2,2757.8,0.0,5515.6
652,O000285,P0053,4,63.85,0.1,229.86
653,O000285,P0087,2,195.36,0.15,332.11
654,O000286,P0054,1,60.76,0.0,60.76
655,O000287,P0080,5,116.5,0.0,582.5
656,O000287,P0002,2,4435.4,0.0,8870.8
657,O000287,P0087,1,206.1,0.1,185.49
658,O000287,P0058,1,104.2,0.0,104.2
659,O000288,P0030,2,2396.7,0.15,4074.39
660,O000288,P0050,1,289.76,0.0,289.76
661,O000289,P0058,5,99.88,0.0,499.4
662,O000290,P0020,1,2296.61,0.1,2066.95
663,O000290,P0071,4,53.2,0.0,212.8
664,O000290,P0008,1,2527.92,0.1,2275.13
665,O000290,P0030,2,2476.13,0.2,3961.81
666,O000291,P0047,3,92.36,0.05,263.23
667,O000291,P0080,3,126.85,0.0,380.55
668,O000291,P0041,2,436.18,0.0,872.36
669,O000291,P0015,1,1326.51,0.0,1326.51
670,O000293,P0071,5,50.33,0.0,251.65
671,O000293,P0032,5,110.25,0.1,496.12
672,O000293,P0012,2,118.11,0.1,212.6
673,O000294,P0043,3,1013.44,0.15,2584.27
674,O000294,P0020,2,2294.57,0.1,4130.23
675,O000295,P0050,1,297.3,0.2,237.84
676,O000295,P0039,3,670.44,0.0,2011.32
677,O000295,P0016,2,3201.42,0.05,6082.7
678,O000295,P0047,3,87.33,0.0,261.99
679,O000296,P0012,3,121.84,0.1,328.97
680,O000296,P0020,1,2340.93,0.0,2340.93
681,O000297,P0032,3,111.36,0.1,300.67
682,O000297,P0039,1,735.85,0.1,662.26
683,O000297,P0054,2,64.37,0.15,109.43
684,O000297,P0034,1,322.57,0.0,322.57
685,O000298,P0087,2,191.82,0.0,383.64
686,O000298,P0045,2,967.37,0.0,1934.74
687,O000298,P0071,4,56.7,0.1,204.12
688,O000298,P0023,2,2861.25,0.0,5722.5
689,O000299,P0028,1,2755.27,0.0,2755.27
690,O000299,P0087,1,193.02,0.1,173.72
691,O000299,P0053,1,63.15,0.0,63.15
692,O000299,P0084,1,492.81,0.05,468.17
693,O000300,P0071,5,53.43,0.0,267.15
694,O000300,P0054,4,63.93,0.0,255.72
695,O000301,P0025,3,312.76,0.05,891.37
696,O000301,P0084,3,478.84,0.1,1292.87
697,O000302,P0044,3,998.59,0.05,2845.98
698,O000302,P0034,3,311.63,0.1,841.4
699,O000302,P0012,1,124.66,0.0,124.66
700,O000302,P0053,2,68.04,0.1,122.47
701,O000303,P0020,1,2351.87,0.0,2351.87
702,O000303,P0084,3,501.68,0.0,1505.04
703,O000303,P0012,2,129.31,0.0,258.62
704,O000303,P0087,4,203.69,0.05,774.02
705,O000304,P0039,2,725.91,0.2,1161.46
706,O000305,P0015,1,1367.43,0.2,1093.94
707,O000305,P0055,3,756.87,0.0,2270.61
708,O000305,P0087,2,194.08,0.0,388.16
709,O000305,P0044,1,1008.57,0.0,1008.57
710,O000306,P0039,1,756.19,0.0,756.19
711,O000306,P0023,1,3053.15,0.0,3053.15
712,O000307,P0050,1,317.65,0.1,285.88
713,O000307,P0020,1,2586.99,0.05,2457.64
714,O000307,P0054,5,57.4,0.0,287.0
715,O000307,P0012,3,129.66,0.1,350.08
716,O000308,P0020,2,2272.05,0.2,3635.28
717,O000309,P0020,2,2535.61,0.1,4564.1
718,O000310,P0054,3,61.21,0.0,183.63
719,O000310,P0020,2,2511.7,0.1,4521.06
720,O000310,P0084,2,462.85,0.0,925.7
721,O000310,P0045,1,1092.75,0.05,1038.11
722,O000311,P0005,3,433.6,0.05,1235.76
723,O000311,P0037,2,676.69,0.0,1353.38
724,O000311,P0058,1,104.03,0.2,83.22
725,O000311,P0032,1,115.34,0.0,115.34
726,O000312,P0020,1,2335.82,0.0,2335.82
727,O000312,P0044,1,949.33,0.05,901.86
728,O000312,P0041,1,439.97,0.1,395.97
729,O000312,P0039,1,718.93,0.15,611.09
730,O000313,P0003,1,4328.2,0.0,4328.2
731,O000313,P0044,3,976.87,0.0,2930.61
732,O000313,P0020,2,2384.33,0.1,4291.79
733,O000314,P0045,1,1056.1,0.0,1056.1
734,O000314,P0087,3,198.85,0.05,566.72
735,O000314,P0005,3,378.07,0.0,1134.21
736,O000314,P0054,2,56.76,0.0,113.52
737,O000315,P0009,2,2250.33,0.15,3825.56
738,O000316,P0016,2,3295.84,0.0,6591.68
739,O000317,P0030,1,2250.49,0.1,2025.44
740,O000318,P0084,3,493.71,0.0,1481.13
741,O000318,P0005,1,402.07,0.0,402.07
742,O000318,P0047,4,83.73,0.0,334.92
743,O000320,P0008,2,2429.6,0.05,4616.24
744,O000320,P0012,3,116.42,0.15,296.87
745,O000320,P0053,1,63.08,0.0,63.08
746,O000320,P0087,5,195.68,0.15,831.64
747,O000321,P0034,2,318.89,0.1,574.0
748,O000321,P0037,1,691.42,0.1,622.28
749,O000321,P0084,1,459.36,0.0,459.36
750,O000322,P0050,3,283.26,0.1,764.8
751,O000322,P0047,2,88.66,0.0,177.32
752,O000322,P0021,1,2562.1,0.1,2305.89
753,O000323,P0032,1,117.13,0.0,117.13
754,O000323,P0058,1,109.13,0.0,109.13
755,O000323,P0005,1,391.53,0.15,332.8
756,O000323,P0084,1,501.25,0.2,401.0
757,O000324,P0016,2,3535.03,0.0,7070.06
758,O000324,P0008,1,2266.17,0.05,2152.86
759,O000324,P0071,5,50.67,0.1,228.02
760,O000325,P0020,1,2369.44,0.0,2369.44
761,O000325,P0063,3,117.34,0.0,352.02
762,O000326,P0032,5,112.29,0.15,477.23
763,O000326,P0020,1,2513.34,0.0,2513.34
764,O000327,P0080,1,117.91,0.0,117.91
765,O000328,P0005,3,421.95,0.15,1075.97
766,O000328,P0086,3,192.33,0.0,576.99
767,O000328,P0054,5,61.39,0.05,291.6
768,O000328,P0084,1,527.42,0.1,474.68
769,O000329,P0084,1,520.8,0.0,520.8
770,O000329,P0080,2,127.88,0.0,255.76
771,O000329,P0020,2,2512.83,0.0,5025.66
772,O000330,P0054,3,56.72,0.0,170.16
773,O000331,P0013,1,1417.6,0.05,1346.72
774,O000332,P0067,1,262.64,0.0,262.64
775,O000333,P0032,1,111.44,0.0,111.44
776,O000333,P0054,4,61.11,0.0,244.44
777,O000334,P0054,4,65.05,0.1,234.18
778,O000334,P0032,2,112.8,0.1,203.04
779,O000334,P0080,2,112.79,0.1,203.02
780,O000334,P0084,1,477.43,0.15,405.82
781,O000335,P0054,3,57.99,0.15,147.87
782,O000335,P0067,1,254.12,0.0,254.12
783,O000335,P0080,2,125.87,0.0,251.74
784,O000335,P0016,2,3514.61,0.0,7029.22
785,O000336,P0013,2,1421.32,0.2,2274.11
786,O000336,P0020,1,2519.89,0.0,2519.89
787,O000336,P0005,3,393.54,0.0,1180.62
788,O000336,P0025,3,279.9,0.05,797.71
789,O000337,P0020,1,2451.15,0.15,2083.48
790,O000337,P0032,1,121.5,0.15,103.28
791,O000337,P0077,2,294.7,0.0,589.4
792,O000337,P0080,5,130.1,0.0,650.5
793,O000338,P0039,2,709.86,0.1,1277.75
794,O000339,P0080,5,126.64,0.0,633.2
795,O000339,P0008,1,2539.2,0.0,2539.2
796,O000339,P0020,1,2395.46,0.0,2395.46
797,O000339,P0084,3,488.92,0.0,1466.76
798,O000340,P0018,1,3847.41,0.05,3655.04
799,O000341,P0032,4,110.53,0.0,442.12
800,O000341,P0047,1,84.12,0.0,84.12
801,O000342,P0084,3,487.71,0.1,1316.82
802,O000342,P0054,3,61.46,0.1,165.94
803,O000342,P0015,1,1435.06,0.0,1435.06
804,O000342,P0039,2,739.12,0.05,1404.33
805,O000343,P0032,2,114.11,0.0,228.22
806,O000343,P0077,2,281.29,0.05,534.45
807,O000343,P0054,1,57.11,0.0,57.11
808,O000343,P0086,5,200.68,0.2,802.72
809,O000344,P0057,1,886.05,0.0,886.05
810,O000345,P0074,1,72.88,0.0,72.88
811,O000345,P0005,2,385.65,0.05,732.73
812,O000345,P0065,5,93.25,0.0,466.25
813,O000346,P0080,1,113.34,0.0,113.34
814,O000346,P0039,3,753.93,0.0,2261.79
815,O000347,P0073,2,67.28,0.05,127.83
816,O000348,P0080,1,121.52,0.0,121.52
817,O000348,P0050,3,291.69,0.2,700.06
818,O000349,P0022,1,3101.28,0.0,3101.28
819,O000349,P0020,1,2338.58,0.0,2338.58
820,O000350,P0016,2,3119.71,0.1,5615.48
821,O000351,P0032,3,120.57,0.0,361.71
822,O000351,P0045,3,1082.71,0.0,3248.13
823,O000352,P0020,2,2304.69,0.0,4609.38
824,O000352,P0043,2,1009.01,0.05,1917.12
825,O000352,P0013,3,1331.37,0.0,3994.11
826,O000352,P0039,3,701.16,0.0,2103.48
827,O000353,P0022,1,3216.31,0.05,3055.49
828,O000353,P0013,2,1376.27,0.1,2477.29
829,O000353,P0047,4,83.3,0.05,316.54
830,O000354,P0020,2,2627.68,0.05,4992.59
831,O000354,P0011,5,130.27,0.0,651.35
832,O000354,P0054,1,62.16,0.15,52.84
833,O000354,P0038,3,623.23,0.0,1869.69
834,O000355,P0080,5,118.59,0.0,592.95
835,O000355,P0012,2,116.31,0.0,232.62
836,O000355,P0058,3,107.56,0.0,322.68
837,O000356,P0008,1,2302.77,0.0,2302.77
838,O000356,P0077,3,300.96,0.05,857.74
839,O000356,P0012,5,120.9,0.0,604.5
840,O000357,P0008,1,2308.42,0.1,2077.58
841,O000357,P0015,3,1459.93,0.0,4379.79
842,O000357,P0064,2,96.75,0.0,193.5
843,O000358,P0003,2,4742.38,0.0,9484.76
844,O000358,P0013,1,1407.75,0.2,1126.2
845,O000358,P0077,2,302.22,0.0,604.44
846,O000358,P0054,2,58.93,0.0,117.86
847,O000359,P0016,2,3197.11,0.0,6394.22
848,O000359,P0026,1,288.42,0.0,288.42
849,O000360,P0039,1,667.69,0.05,634.31
850,O000360,P0023,2,3070.22,0.0,6140.44
851,O000361,P0013,3,1506.6,0.05,4293.81
852,O000361,P0084,3,524.64,0.0,1573.92
853,O000362,P0080,3,122.89,0.0,368.67
854,O000362,P0073,3,72.37,0.1,195.4
855,O000362,P0039,3,727.47,0.15,1855.05
856,O000362,P0045,3,1102.63,0.05,3142.5
857,O000363,P0045,1,1099.9,0.05,1044.9
858,O000363,P0084,1,507.3,0.2,405.84
859,O000363,P0012,5,132.07,0.05,627.33
860,O000363,P0067,3,264.58,0.1,714.37
861,O000364,P0054,5,60.17,0.0,300.85
862,O000364,P0059,5,102.47,0.0,512.35
863,O000364,P0008,2,2409.64,0.0,4819.28
864,O000365,P0008,2,2184.41,0.0,4368.82
865,O000365,P0039,3,763.16,0.0,2289.48
866,O000365,P0080,3,118.95,0.1,321.17
867,O000365,P0032,3,127.81,0.0,383.43
868,O000366,P0012,5,125.22,0.0,626.1
869,O000366,P0056,2,922.34,0.0,1844.68
870,O000366,P0023,2,2997.65,0.05,5695.54
871,O000366,P0011,1,133.57,0.05,126.89
872,O000367,P0045,2,1060.11,0.05,2014.21
873,O000367,P0054,5,65.66,0.0,328.3
874,O000367,P0037,1,701.47,0.15,596.25
875,O000368,P0050,2,316.92,0.0,633.84
876,O000368,P0080,1,115.35,0.0,115.35
877,O000368,P0084,1,511.32,0.0,511.32
878,O000368,P0016,1,3385.55,0.0,3385.55
879,O000369,P0086,4,195.77,0.15,665.62
880,O000370,P0032,5,116.18,0.15,493.77
881,O000370,P0020,2,2430.42,0.0,4860.84
882,O000371,P0020,2,2350.8,0.05,4466.52
883,O000371,P0084,3,504.47,0.0,1513.41
884,O000372,P0084,3,516.47,0.05,1471.94
885,O000372,P0071,3,56.29,0.0,168.87
886,O000372,P0048,5,105.16,0.0,525.8
887,O000372,P0054,5,56.96,0.0,284.8
888,O000373,P0025,2,303.18,0.05,576.04
889,O000373,P0084,2,455.41,0.0,910.82
890,O000373,P0087,3,185.15,0.05,527.68
891,O000373,P0046,4,108.54,0.1,390.74
892,O000374,P0020,2,2627.63,0.15,4466.97
893,O000374,P0039,3,723.24,0.0,2169.72
894,O000374,P0008,2,2329.45,0.0,4658.9
895,O000374,P0012,5,129.17,0.0,645.85
896,O000375,P0032,5,110.23,0.0,551.15
897,O000375,P0003,2,4548.03,0.0,9096.06
898,O000375,P0020,2,2546.64,0.0,5093.28
899,O000375,P0012,1,126.56,0.0,126.56
900,O000376,P0020,2,2461.73,0.05,4677.29
901,O000376,P0080,2,130.37,0.05,247.7
902,O000376,P0067,3,262.54,0.0,787.62
903,O000376,P0087,1,180.89,0.05,171.85
904,O000377,P0080,5,124.33,0.0,621.65
905,O000378,P0055,2,743.4,0.1,1338.12
906,O000379,P0005,3,374.3,0.0,1122.9
907,O000380,P0020,2,2403.08,0.1,4325.54
908,O000380,P0031,3,122.72,0.0,368.16
909,O000380,P0087,3,204.65,0.0,613.95
910,O000381,P0054,1,64.02,0.05,60.82
911,O000381,P0003,1,4753.01,0.0,4753.01
912,O000381,P0044,3,960.95,0.0,2882.85
913,O000382,P0039,1,730.29,0.1,657.26
914,O000382,P0028,2,2747.35,0.0,5494.7
915,O000383,P0054,5,63.86,0.15,271.41
916,O000384,P0050,3,281.95,0.0,845.85
917,O000384,P0041,2,446.35,0.05,848.06
918,O000384,P0048,2,106.08,0.0,212.16
919,O000384,P0080,3,118.37,0.05,337.35
920,O000385,P0020,1,2254.5,0.05,2141.78
921,O000385,P0013,2,1518.44,0.0,3036.88
922,O000386,P0080,3,132.14,0.0,396.42
923,O000386,P0073,5,69.96,0.0,349.8
924,O000386,P0016,1,3365.89,0.05,3197.6
925,O000386,P0039,2,680.0,0.0,1360.0
926,O000387,P0073,1,65.72,0.15,55.86
927,O000387,P0077,1,280.72,0.0,280.72
928,O000388,P0030,1,2179.45,0.0,2179.45
929,O000388,P0071,5,51.51,0.1,231.8
930,O000389,P0002,2,3904.23,0.05,7418.04
931,O000389,P0039,1,687.09,0.0,687.09
932,O000389,P0080,2,125.16,0.05,237.8
933,O000390,P0034,3,312.03,0.0,936.09
934,O000390,P0053,5,69.43,0.15,295.08
935,O000390,P0084,3,479.54,0.0,1438.62
936,O000391,P0087,3,180.19,0.1,486.51
937,O000392,P0058,1,111.87,0.05,106.28
938,O000392,P0080,2,122.3,0.0,244.6
939,O000392,P0020,1,2362.05,0.1,2125.85
940,O000392,P0030,1,2376.96,0.1,2139.26
941,O000393,P0020,1,2393.8,0.0,2393.8
942,O000394,P0059,4,99.9,0.0,399.6
943,O000395,P0087,4,188.06,0.05,714.63
944,O000396,P0050,1,302.59,0.0,302.59
945,O000396,P0052,4,56.11,0.0,224.44
946,O000397,P0039,1,664.79,0.05,631.55
947,O000397,P0079,1,140.41,0.0,140.41
948,O000397,P0034,1,325.75,0.0,325.75
949,O000397,P0008,1,2503.19,0.0,2503.19
950,O000398,P0020,1,2584.81,0.0,2584.81
951,O000398,P0013,3,1421.72,0.15,3625.39
952,O000398,P0034,1,328.12,0.0,328.12
953,O000398,P0002,2,3991.93,0.05,7584.67
954,O000399,P0071,3,56.18,0.15,143.26
955,O000399,P0084,1,494.96,0.1,445.46
956,O000399,P0039,1,741.62,0.05,704.54
957,O000399,P0054,4,62.82,0.0,251.28
958,O000400,P0039,1,652.53,0.0,652.53
959,O000400,P0073,3,75.41,0.0,226.23
960,O000400,P0008,2,2441.08,0.05,4638.05
961,O000401,P0033,1,107.22,0.2,85.78
962,O000401,P0013,3,1347.09,0.0,4041.27
963,O000401,P0032,3,110.5,0.0,331.5
964,O000401,P0020,1,2331.56,0.0,2331.56
965,O000402,P0055,1,722.32,0.0,722.32
966,O000403,P0012,4,125.7,0.1,452.52
967,O000403,P0032,5,120.32,0.1,541.44
968,O000403,P0016,1,3241.77,0.0,3241.77
969,O000403,P0020,1,2605.38,0.1,2344.84
970,O000404,P0084,1,472.83,0.05,449.19
971,O000404,P0045,2,1079.75,0.15,1835.58
972,O000404,P0039,2,736.71,0.0,1473.42
973,O000405,P0045,1,968.08,0.05,919.68
974,O000406,P0020,1,2466.38,0.0,2466.38
975,O000406,P0008,1,2230.7,0.1,2007.63
976,O000406,P0080,2,118.66,0.0,237.32
977,O000407,P0020,1,2527.62,0.0,2527.62
978,O000407,P0039,1,700.72,0.0,700.72
979,O000407,P0080,0,118.26,0.0,236.52
980,O000408,P0020,1,2568.19,0.05,2439.78
981,O000408,P0039,1,709.36,0.0,709.36
982,O000410,P0002,1,3908.97,0.05,3713.52
983,O000411,P0020,2,2312.15,0.2,3699.44
984,O000411,P0053,5,65.39,0.2,261.56
985,O000411,P0054,1,65.38,0.2,52.3
986,O000412,P0021,1,2614.64,0.0,2614.64
987,O000413,P0021,2,2682.18,0.1,4827.92
988,O000414,P0080,1,114.59,0.05,108.86
989,O000414,P0058,2,113.71,0.0,227.42
990,O000414,P0059,1,112.27,0.0,112.27
991,O000414,P0064,1,101.35,0.05,96.28
992,O000415,P0050,1,312.15,0.0,312.15
993,O000416,P0040,2,459.94,0.1,827.89
994,O000416,P0049,2,308.4,0.1,555.12
995,O000416,P0005,2,432.46,0.1,778.43
996,O000416,P0084,3,461.28,0.0,1383.84
997,O000417,P0058,5,99.85,0.0,499.25
998,O000418,P0039,1,706.17,0.0,706.17
999,O000418,P0058,4,110.97,0.0,443.88
1000,O000418,P0049,2,277.97,0.0,555.94
1001,O000418,P0077,2,290.34,0.0,580.68
1002,O000419,P0054,5,64.15,0.0,320.75
1003,O000419,P0039,1,680.33,0.0,680.33
1004,O000420,P0054,2,61.93,0.0,123.86
1005,O000422,P0073,1,73.78,0.0,73.78
1006,O000422,P0003,1,4543.05,0.15,3861.59
1007,O000422,P0058,4,115.07,0.05,437.27
1008,O000422,P0045,1,1093.57,0.0,1093.57
1009,O000423,P0045,3,1015.62,0.0,3046.86
1010,O000423,P0020,2,2239.61,0.0,4479.22
1011,O000423,P0039,1,714.07,0.0,714.07
1012,O000423,P0084,1,512.36,0.0,512.36
1013,O000424,P0020,2,2492.08,0.2,3987.33
1014,O000424,P0039,3,727.27,0.0,2181.81
1015,O000424,P0054,3,56.04,0.0,168.12
1016,O000424,P0005,2,376.35,0.0,752.7
1017,O000425,P0037,1,702.6,0.0,702.6
1018,O000426,P0084,2,515.07,0.1,927.13
1019,O000426,P0045,3,982.39,0.0,2947.17
1020,O000427,P0005,2,376.51,0.1,677.72
1021,O000427,P0020,2,2414.21,0.05,4587.0
1022,O000428,P0074,1,77.37,0.0,77.37
1023,O000428,P0008,2,2283.77,0.0,4567.54
1024,O000428,P0045,2,945.97,0.0,1891.94
1025,O000428,P0009,1,2223.54,0.0,2223.54
1026,O000429,P0045,3,1066.09,0.0,3198.27
1027,O000430,P0087,3,198.66,0.2,476.78
1028,O000431,P0071,2,50.87,0.05,96.65
1029,O000431,P0032,5,124.22,0.0,621.1
1030,O000432,P0039,3,749.93,0.0,2249.79
1031,O000433,P0045,3,1013.84,0.0,3041.52
1032,O000434,P0021,1,2613.02,0.05,2482.37
1033,O000434,P0037,3,765.69,0.0,2297.07
1034,O000435,P0057,1,893.02,0.0,893.02
1035,O000436,P0005,3,415.35,0.15,1059.14
1036,O000436,P0039,3,673.46,0.05,1919.36
1037,O000436,P0084,3,488.65,0.05,1392.65
1038,O000436,P0032,1,112.92,0.2,90.34
1039,O000437,P0039,2,727.91,0.05,1383.03
1040,O000437,P0080,2,127.35,0.05,241.96
1041,O000437,P0084,1,477.19,0.2,381.75
1042,O000438,P0062,3,131.47,0.0,394.41
1043,O000440,P0054,3,60.29,0.0,180.87
1044,O000440,P0089,3,726.45,0.0,2179.35
1045,O000440,P0013,1,1409.47,0.0,1409.47
1046,O000440,P0057,1,978.21,0.05,929.3
1047,O000441,P0084,1,489.17,0.05,464.71
1048,O000442,P0015,3,1451.78,0.0,4355.34
1049,O000442,P0013,1,1333.73,0.0,1333.73
1050,O000442,P0043,2,952.35,0.0,1904.7
1051,O000443,P0054,2,62.45,0.1,112.41
1052,O000443,P0065,4,91.93,0.2,294.18
1053,O000443,P0018,2,3466.83,0.15,5893.61
1054,O000444,P0053,3,64.42,0.0,193.26
1055,O000444,P0014,3,1397.07,0.0,4191.21
1056,O000444,P0080,1,117.28,0.0,117.28
1057,O000445,P0008,1,2316.86,0.0,2316.86
1058,O000445,P0020,2,2300.81,0.05,4371.54
1059,O000446,P0054,3,63.17,0.2,151.61
1060,O000446,P0005,3,416.71,0.0,1250.13
1061,O000447,P0039,1,736.57,0.0,736.57
1062,O000447,P0013,1,1540.8,0.2,1232.64
1063,O000447,P0071,1,56.27,0.0,56.27
1064,O000447,P0067,1,250.59,0.0,250.59
1065,O000448,P0061,2,134.51,0.0,269.02
1066,O000448,P0045,1,985.39,0.0,985.39
1067,O000448,P0054,1,63.41,0.0,63.41
1068,O000449,P0039,2,747.98,0.0,1495.96
1069,O000449,P0080,3,117.46,0.2,281.9
1070,O000450,P0045,1,1084.91,0.0,1084.91
1071,O000450,P0002,1,4379.6,0.05,4160.62
1072,O000451,P0077,2,308.09,0.1,554.56
1073,O000451,P0063,4,107.0,0.2,342.4
1074,O000451,P0053,5,66.13,0.0,330.65
1075,O000451,P0008,2,2476.73,0.0,4953.46
1076,O000453,P0028,1,2723.36,0.15,2314.86
1077,O000453,P0039,1,759.13,0.0,759.13
1078,O000453,P0080,4,122.07,0.05,463.87
1079,O000454,P0048,3,109.79,0.15,279.96
1080,O000454,P0084,2,461.84,0.05,877.5
1081,O000454,P0064,5,106.18,0.15,451.27
1082,O000455,P0054,2,65.11,0.0,130.22
1083,O000455,P0008,2,2419.94,0.0,4839.88
1084,O000455,P0004,2,362.59,0.0,725.18
1085,O000455,P0022,1,3366.77,0.05,3198.43
1086,O000456,P0087,3,187.15,0.05,533.38
1087,O000457,P0039,1,705.85,0.0,705.85
1088,O000457,P0073,5,72.84,0.05,345.99
1089,O000457,P0040,3,466.18,0.05,1328.61
1090,O000457,P0053,3,68.21,0.0,204.63
1091,O000458,P0020,1,2499.29,0.0,2499.29
1092,O000459,P0013,2,1498.5,0.0,2997.0
1093,O000459,P0054,1,61.81,0.0,61.81
1094,O000459,P0005,1,372.1,0.0,372.1
1095,O000460,P0084,3,455.92,0.0,1367.76
1096,O000460,P0020,2,2258.42,0.0,4516.84
1097,O000460,P0077,2,316.45,0.0,632.9
1098,O000461,P0036,2,265.21,0.05,503.9
1099,O000461,P0003,2,4773.4,0.2,7637.44
1100,O000462,P0054,2,58.99,0.0,117.98
1101,O000463,P0080,5,117.94,0.0,589.7
1102,O000464,P0030,2,2217.93,0.1,3992.27
1103,O000465,P0020,2,2572.14,0.0,5144.28
1104,O000465,P0005,2,378.38,0.0,756.76
1105,O000466,P0032,3,122.45,0.0,367.35
1106,O000466,P0020,1,2614.72,0.15,2222.51
1107,O000466,P0005,3,421.25,0.0,1263.75
1108,O000467,P0039,1,669.64,0.05,636.16
1109,O000467,P0080,3,125.33,0.0,375.99
1110,O000468,P0054,4,61.9,0.0,247.6
1111,O000468,P0013,1,1334.97,0.2,1067.98
1112,O000468,P0020,1,2424.43,0.0,2424.43
1113,O000468,P0055,1,774.51,0.2,619.61
1114,O000469,P0080,1,130.1,0.0,130.1
1115,O000470,P0054,1,62.91,0.0,62.91
1116,O000470,P0034,3,325.21,0.0,975.63
1117,O000471,P0084,3,511.43,0.05,1457.58
1118,O000471,P0021,2,2556.42,0.0,5112.84
1119,O000471,P0087,1,205.87,0.0,205.87
1120,O000472,P0039,2,738.72,0.0,1477.44
1121,O000472,P0086,1,204.42,0.0,204.42
1122,O000472,P0054,5,56.94,0.0,284.7
1123,O000472,P0044,3,967.37,0.2,2321.69
1124,O000473,P0045,1,1014.81,0.1,913.33
1125,O000473,P0080,5,126.61,0.0,633.05
1126,O000473,P0012,5,121.74,0.0,608.7
1127,O000473,P0048,5,104.28,0.0,521.4
1128,O000474,P0008,2,2523.98,0.0,5047.96
1129,O000475,P0086,4,191.51,0.0,766.04
1130,O000475,P0080,4,117.44,0.05,446.27
1131,O000475,P0071,3,53.9,0.05,153.61
1132,O000475,P0045,3,1086.36,0.0,3259.08
1133,O000476,P0052,2,59.24,0.1,106.63
1134,O000476,P0054,4,64.94,0.0,259.76
1135,O000476,P0032,2,126.47,0.0,252.94
1136,O000478,P0039,1,765.01,0.0,765.01
1137,O000478,P0058,3,115.6,0.05,329.46
1138,O000478,P0037,2,759.99,0.0,1519.98
1139,O000479,P0084,1,485.49,0.15,412.67
1140,O000479,P0058,3,113.89,0.0,341.67
1141,O000480,P0050,3,310.03,0.0,930.09
1142,O000480,P0063,4,118.5,0.0,474.0
1143,O000482,P0084,1,460.96,0.1,414.86
1144,O000483,P0067,4,259.55,0.0,1038.2
1145,O000483,P0054,4,63.52,0.0,254.08
1146,O000483,P0084,2,497.64,0.1,895.75
1147,O000484,P0008,2,2371.85,0.0,4743.7
1148,O000484,P0043,1,920.33,0.0,920.33
1149,O000485,P0084,1,456.9,0.0,456.9
1150,O000485,P0039,2,756.24,0.15,1285.61
1151,O000486,P0039,1,752.42,0.1,677.18
1152,O000486,P0054,1,65.01,0.2,52.01
1153,O000486,P0087,3,195.37,0.0,586.11
1154,O000487,P0020,1,2580.58,0.0,2580.58
1155,O000488,P0067,5,239.17,0.0,1195.85
1156,O000488,P0020,2,2372.59,0.0,4745.18
1157,O000488,P0039,1,693.05,0.0,693.05
1158,O000488,P0003,2,4242.16,0.1,7635.89
1159,O000489,P0032,1,114.56,0.2,91.65
1160,O000490,P0005,2,403.79,0.0,807.58
1161,O000490,P0056,2,822.05,0.0,1644.1
1162,O000490,P0080,4,130.89,0.05,497.38
1163,O000490,P0055,3,800.0,0.15,2040.0
1164,O000491,P0055,1,777.81,0.0,777.81
1165,O000492,P0080,4,115.2,0.0,460.8
1166,O000492,P0025,2,319.95,0.0,639.9
1167,O000492,P0071,1,51.91,0.0,51.91
1168,O000493,P0008,2,2492.0,0.0,4984.0
1169,O000493,P0039,2,695.55,0.0,1391.1
1170,O000494,P0058,5,103.47,0.0,517.35
1171,O000494,P0005,1,406.91,0.1,366.22
1172,O000494,P0032,2,126.93,0.0,253.86
1173,O000495,P0052,2,59.89,0.0,119.78
1174,O000495,P0055,1,798.67,0.0,798.67
1175,O000495,P0048,3,97.54,0.2,234.1
1176,O000495,P0079,1,142.29,0.0,142.29
1177,O000496,P0084,2,479.5,0.0,959.0
1178,O000496,P0045,2,1010.57,0.0,2021.14
1179,O000496,P0020,1,2454.99,0.0,2454.99
1180,O000498,P0005,3,392.5,0.05,1118.62
1181,O000498,P0084,1,519.78,0.05,493.79
1182,O000499,P0055,1,726.44,0.0,726.44
1183,O000499,P0037,1,727.74,0.0,727.74
1184,O000499,P0067,1,263.99,0.0,263.99
1185,O000499,P0034,3,312.32,0.1,843.26
1186,O000500,P0005,1,419.3,0.05,398.34
1187,O000501,P0043,3,990.13,0.1,2673.35
1188,O000501,P0054,1,56.48,0.0,56.48
1189,O000501,P0032,2,115.5,0.0,231.0
1190,O000502,P0079,3,146.12,0.05,416.44
1191,O000503,P0044,1,928.26,0.0,928.26
1192,O000504,P0030,1,2292.4,0.0,2292.4
1193,O000505,P0080,1,122.39,0.05,116.27
1194,O000505,P0012,1,126.81,0.1,114.13
1195,O000505,P0084,2,451.22,0.0,902.44
1196,O000506,P0034,1,292.44,0.05,277.82
1197,O000506,P0084,3,473.7,0.05,1350.04
1198,O000506,P0020,1,2511.0,0.0,2511.0
1199,O000507,P0065,5,104.83,0.05,497.94
1200,O000508,P0032,3,115.51,0.0,346.53
1201,O000509,P0005,3,386.16,0.0,1158.48
1202,O000509,P0058,4,116.73,0.05,443.57
1203,O000510,P0054,4,63.89,0.0,255.56
1204,O000510,P0020,2,2467.93,0.15,4195.48
1205,O000511,P0071,3,51.44,0.1,138.89
1206,O000511,P0058,2,113.71,0.1,204.68
1207,O000512,P0032,5,115.67,0.0,578.35
1208,O000512,P0054,4,65.21,0.0,260.84
1209,O000512,P0050,3,290.74,0.1,785.0
1210,O000513,P0050,3,287.65,0.0,862.95
1211,O000513,P0039,3,701.34,0.0,2104.02
1212,O000514,P0045,1,1090.02,0.0,1090.02
1213,O000515,P0039,3,716.41,0.0,2149.23
1214,O000516,P0011,5,133.81,0.0,669.05
1215,O000517,P0087,4,201.22,0.0,804.88
1216,O000517,P0073,5,76.29,0.05,362.38
1217,O000517,P0054,4,56.95,0.0,227.8
1218,O000519,P0032,5,120.61,0.0,603.05
1219,O000520,P0032,1,118.01,0.2,94.41
1220,O000521,P0039,3,700.1,0.0,2100.3
1221,O000521,P0084,3,517.3,0.0,1551.9
1222,O000522,P0080,1,125.68,0.0,125.68
1223,O000523,P0067,2,262.18,0.05,498.14
1224,O000523,P0012,2,130.0,0.0,260.0
1225,O000523,P0061,5,130.07,0.15,552.8
1226,O000523,P0039,1,698.89,0.0,698.89
1227,O000524,P0032,0,113.78,0.0,341.34
1228,O000525,P0080,1,118.53,0.0,118.53
1229,O000527,P0054,2,62.86,0.15,106.86
1230,O000527,P0016,1,3398.44,0.0,3398.44
1231,O000527,P0008,1,2285.17,0.0,2285.17
1232,O000528,P0054,1,58.19,0.0,58.19
1233,O000530,P0053,5,67.98,0.0,339.9
1234,O000530,P0039,2,744.61,0.0,1489.22
1235,O000530,P0012,2,122.2,0.0,244.4
1236,O000530,P0013,2,1477.95,0.0,2955.9
1237,O000531,P0039,2,678.54,0.0,1357.08
1238,O000532,P0020,1,2499.71,0.05,2374.72
1239,O000533,P0012,4,123.35,0.05,468.73
1240,O000533,P0080,2,122.91,0.15,208.95
1241,O000534,P0028,1,2784.24,0.0,2784.24
1242,O000534,P0079,3,144.17,0.0,432.51
1243,O000534,P0084,2,502.31,0.0,1004.62
1244,O000534,P0016,1,3468.81,0.0,3468.81
1245,O000535,P0012,5,122.01,0.15,518.54
1246,O000535,P0054,1,59.1,0.1,53.19
1247,O000536,P0052,1,60.9,0.0,60.9
1248,O000536,P0021,2,2735.8,0.0,5471.6
1249,O000536,P0008,1,2284.77,0.0,2284.77
1250,O000536,P0015,3,1474.81,0.1,3981.99
1251,O000537,P0032,2,115.95,0.05,220.3
1252,O000538,P0008,1,2493.53,0.0,2493.53
1253,O000539,P0023,2,3057.29,0.0,6114.58
1254,O000539,P0039,2,651.56,0.15,1107.65
1255,O000539,P0008,1,2378.82,0.0,2378.82
1256,O000539,P0015,3,1292.22,0.0,3876.66
1257,O000540,P0052,2,60.02,0.0,120.04
1258,O000540,P0020,2,2307.07,0.0,4614.14
1259,O000540,P0015,3,1444.24,0.0,4332.72
1260,O000540,P0065,2,97.18,0.15,165.21
1261,O000541,P0071,2,53.86,0.0,107.72
1262,O000541,P0022,1,2993.32,0.0,2993.32
1263,O000541,P0054,1,63.43,0.2,50.74
1264,O000542,P0020,1,2410.36,0.05,2289.84
1265,O000542,P0034,2,317.44,0.1,571.39
1266,O000542,P0032,1,128.19,0.05,121.78
1267,O000542,P0054,3,61.71,0.0,185.13
1268,O000543,P0029,2,2216.54,0.1,3989.77
1269,O000543,P0080,4,124.1,0.0,496.4
1270,O000543,P0086,1,204.43,0.05,194.21
1271,O000544,P0023,2,2896.35,0.0,5792.7
1272,O000545,P0032,2,119.84,0.0,239.68
1273,O000545,P0044,1,1060.59,0.1,954.53
1274,O000545,P0039,3,751.52,0.0,2254.56
1275,O000545,P0058,5,108.51,0.15,461.17
1276,O000546,P0084,3,483.3,0.0,1449.9
1277,O000546,P0005,2,406.07,0.2,649.71
1278,O000547,P0071,2,56.26,0.05,106.89
1279,O000548,P0008,2,2558.1,0.0,5116.2
1280,O000548,P0054,2,64.34,0.0,128.68
1281,O000548,P0032,3,126.97,0.0,380.91
1282,O000549,P0056,3,863.7,0.05,2461.54
1283,O000549,P0080,1,120.01,0.0,120.01
1284,O000550,P0080,4,127.14,0.0,508.56
1285,O000550,P0034,3,327.26,0.0,981.78
1286,O000550,P0020,2,2532.95,0.0,5065.9
1287,O000552,P0061,2,127.54,0.0,255.08
1288,O000552,P0020,2,2376.38,0.0,4752.76
1289,O000552,P0003,1,4604.08,0.0,4604.08
1290,O000552,P0039,3,755.89,0.1,2040.9
1291,O000553,P0013,0,1516.75,0.0,1516.75
1292,O000553,P0048,2,108.86,0.0,217.72
1293,O000553,P0016,1,3378.49,0.0,3378.49
1294,O000555,P0054,4,63.38,0.0,253.52
1295,O000555,P0008,2,2542.65,0.0,5085.3
1296,O000555,P0020,1,2404.78,0.15,2044.06
1297,O000556,P0039,1,741.12,0.0,741.12
1298,O000556,P0071,1,51.53,0.05,48.95
1299,O000556,P0087,4,196.23,0.1,706.43
1300,O000556,P0080,3,128.94,0.0,386.82
1301,O000557,P0039,2,683.79,0.05,1299.2
1302,O000557,P0056,2,822.92,0.0,1645.84
1303,O000557,P0084,2,497.95,0.0,995.9
1304,O000557,P0020,2,2530.74,0.0,5061.48
1305,O000560,P0053,1,68.71,0.0,68.71
1306,O000560,P0039,3,760.0,0.0,2280.0
1307,O000560,P0084,2,524.61,0.05,996.76
1308,O000561,P0037,1,666.04,0.0,666.04
1309,O000561,P0005,1,410.76,0.15,349.15
1310,O000561,P0073,3,73.01,0.0,219.03
1311,O000562,P0054,1,62.48,0.1,56.23
1312,O000563,P0012,5,132.46,0.0,662.3
1313,O000563,P0020,1,2373.3,0.0,2373.3
1314,O000563,P0080,5,129.01,0.05,612.8
1315,O000564,P0020,1,2465.43,0.0,2465.43
1316,O000564,P0073,4,74.96,0.0,299.84
1317,O000565,P0054,5,65.31,0.15,277.57
1318,O000566,P0030,1,2367.66,0.0,2367.66
1319,O000566,P0054,4,57.95,0.0,231.8
1320,O000566,P0012,5,122.0,0.0,610.0
1321,O000567,P0004,3,400.05,0.15,1020.13
1322,O000567,P0054,3,60.22,0.0,180.66
1323,O000567,P0039,3,653.41,0.15,1666.2
1324,O000568,P0020,2,2446.76,0.0,4893.52
1325,O000568,P0039,2,741.65,0.0,1483.3
1326,O000568,P0053,4,62.19,0.0,248.76
1327,O000569,P0054,1,59.33,0.15,50.43
1328,O000569,P0045,2,1040.12,0.0,2080.24
1329,O000569,P0013,3,1496.35,0.0,4489.05
1330,O000570,P0053,5,64.14,0.0,320.7
1331,O000571,P0012,4,122.2,0.0,488.8
1332,O000572,P0071,5,53.16,0.0,265.8
1333,O000572,P0013,1,1399.41,0.0,1399.41
1334,O000572,P0054,3,65.22,0.0,195.66
1335,O000574,P0087,4,199.81,0.0,799.24
1336,O000574,P0005,1,400.87,0.15,340.74
1337,O000574,P0012,5,117.15,0.0,585.75
1338,O000575,P0012,5,124.46,0.0,622.3
1339,O000575,P0053,1,63.32,0.0,63.32
1340,O000575,P0039,2,703.12,0.05,1335.93
1341,O000575,P0016,1,3152.68,0.15,2679.78
1342,O000576,P0080,1,128.82,0.0,128.82
1343,O000576,P0034,2,324.86,0.0,649.72
1344,O000576,P0050,1,302.11,0.0,302.11
1345,O000576,P0020,2,2382.9,0.0,4765.8
1346,O000577,P0053,3,69.12,0.0,207.36
1347,O000577,P0005,2,401.86,0.0,803.72
1348,O000578,P0077,1,311.24,0.0,311.24
1349,O000578,P0084,2,454.38,0.1,817.88
1350,O000578,P0054,4,62.93,0.15,213.96
1351,O000578,P0034,1,292.63,0.15,248.74
1352,O000579,P0058,5,109.03,0.0,545.15
1353,O000580,P0005,2,382.35,0.0,764.7
1354,O000580,P0039,1,744.66,0.0,744.66
1355,O000580,P0054,1,57.12,0.1,51.41
1356,O000580,P0080,1,123.68,0.05,117.5
1357,O000581,P0084,2,503.87,0.0,1007.74
1358,O000582,P0045,2,1095.51,0.05,2081.47
1359,O000582,P0039,1,715.92,0.0,715.92
1360,O000583,P0039,3,735.55,0.1,1985.98
1361,O000583,P0058,3,115.06,0.0,345.18
1362,O000584,P0055,2,768.89,0.0,1537.78
1363,O000584,P0032,5,128.85,0.0,644.25
1364,O000585,P0080,5,113.98,0.0,569.9
1365,O000585,P0045,2,989.67,0.0,1979.34
1366,O000585,P0020,2,2256.43,0.0,4512.86
1367,O000586,P0058,3,114.89,0.0,344.67
1368,O000587,P0054,2,63.83,0.0,127.66
1369,O000587,P0018,1,3774.42,0.0,3774.42
1370,O000587,P0020,2,2370.73,0.0,4741.46
1371,O000589,P0058,1,102.87,0.0,102.87
1372,O000589,P0074,4,68.29,0.0,273.16
1373,O000590,P0020,1,2327.23,0.0,2327.23
1374,O000590,P0080,1,115.35,0.0,115.35
1375,O000591,P0080,5,129.89,0.0,649.45
1376,O000591,P0012,2,116.56,0.0,233.12
1377,O000591,P0020,1,2291.2,0.0,2291.2
1378,O000592,P0040,3,457.18,0.0,1371.54
1379,O000593,P0084,2,475.26,0.0,950.52
1380,O000593,P0087,5,178.29,0.0,891.45
1381,O000593,P0028,1,2518.3,0.15,2140.56
1382,O000593,P0080,4,126.85,0.15,431.29
1383,O000594,P0045,3,984.98,0.1,2659.45
1384,O000594,P0080,3,125.39,0.05,357.36
1385,O000595,P0044,1,1060.34,0.15,901.29
1386,O000595,P0034,2,315.79,0.0,631.58
1387,O000596,P0059,4,103.59,0.0,414.36
1388,O000597,P0077,1,274.82,0.0,274.82
1389,O000597,P0032,5,114.36,0.0,571.8
1390,O000598,P0034,2,329.67,0.1,593.41
1391,O000598,P0039,1,736.93,0.0,736.93
1392,O000599,P0027,1,348.93,0.05,331.48
1393,O000599,P0084,3,514.4,0.0,1543.2
1394,O000600,P0054,3,58.66,0.05,167.18
1395,O000600,P0053,3,69.54,0.0,208.62
1396,O000601,P0047,2,92.66,0.0,185.32
1397,O000601,P0084,3,485.75,0.0,1457.25
1398,O000602,P0063,4,110.27,0.0,441.08
1399,O000603,P0008,2,2536.29,0.0,5072.58
1400,O000603,P0011,1,140.65,0.0,140.65
1401,O000603,P0077,3,276.85,0.0,830.55
1402,O000604,P0043,3,1027.44,0.0,3082.32
1403,O000604,P0077,1,309.68,0.0,309.68
1404,O000604,P0012,3,121.06,0.15,308.7
1405,O000604,P0020,1,2378.67,0.0,2378.67
1406,O000605,P0008,1,2235.23,0.2,1788.18
1407,O000605,P0020,2,2394.46,0.0,4788.92
1408,O000605,P0004,3,371.04,0.0,1113.12
1409,O000605,P0045,1,1053.74,0.0,1053.74
1410,O000606,P0020,2,2439.96,0.1,4391.93
1411,O000606,P0053,1,66.97,0.15,56.92
1412,O000607,P0080,4,129.47,0.05,491.99
1413,O000607,P0020,2,2309.64,0.0,4619.28
1414,O000607,P0058,4,109.38,0.0,437.52
1415,O000608,P0080,5,127.75,0.1,574.88
1416,O000608,P0058,3,110.3,0.05,314.35
1417,O000609,P0032,2,125.02,0.0,250.04
1418,O000609,P0058,3,105.83,0.1,285.74
1419,O000609,P0084,2,517.89,0.0,1035.78
1420,O000609,P0022,2,3247.39,0.1,5845.3
1421,O000610,P0011,3,122.21,0.0,366.63
1422,O000612,P0020,1,2427.8,0.05,2306.41
1423,O000612,P0032,2,111.72,0.05,212.27
1424,O000613,P0067,2,256.28,0.0,512.56
1425,O000613,P0011,5,123.82,0.0,619.1
1426,O000613,P0074,5,69.45,0.0,347.25
1427,O000615,P0039,3,713.92,0.05,2034.67
1428,O000615,P0015,1,1413.01,0.0,1413.01
1429,O000616,P0012,3,114.86,0.0,344.58
1430,O000616,P0084,3,451.62,0.2,1083.89
1431,O000616,P0071,5,50.11,0.1,225.5
1432,O000616,P0013,2,1410.21,0.05,2679.4
1433,O000617,P0020,2,2569.42,0.0,5138.84
1434,O000617,P0045,2,1062.97,0.15,1807.05
1435,O000617,P0015,2,1356.58,0.0,2713.16
1436,O000618,P0003,2,4787.84,0.0,9575.68
1437,O000618,P0034,3,296.79,0.05,845.85
1438,O000618,P0039,2,699.44,0.0,1398.88
1439,O000618,P0037,2,684.28,0.0,1368.56
1440,O000619,P0039,2,663.88,0.0,1327.76
1441,O000619,P0084,2,453.9,0.0,907.8
1442,O000619,P0065,1,91.37,0.0,91.37
1443,O000620,P0067,2,231.92,0.0,463.84
1444,O000621,P0039,2,729.4,0.05,1385.86
1445,O000621,P0086,1,211.75,0.1,190.58
1446,O000622,P0067,3,264.5,0.05,753.82
1447,O000622,P0034,3,290.03,0.15,739.58
1448,O000623,P0050,3,320.55,0.0,961.65
1449,O000624,P0012,3,117.74,0.0,353.22
1450,O000624,P0084,2,466.95,0.0,933.9
1451,O000624,P0054,2,64.58,0.1,116.24
1452,O000624,P0061,5,120.35,0.0,601.75
1453,O000625,P0008,1,2186.96,0.05,2077.61
1454,O000626,P0053,2,71.61,0.05,136.06
1455,O000626,P0071,3,54.94,0.0,164.82
1456,O000626,P0039,1,742.0,0.05,704.9
1457,O000626,P0012,4,127.68,0.0,510.72
1458,O000627,P0055,2,719.9,0.1,1295.82
1459,O000627,P0034,1,294.62,0.0,294.62
1460,O000628,P0084,3,471.09,0.0,1413.27
1461,O000628,P0087,4,185.21,0.0,740.84
1462,O000628,P0077,1,299.76,0.2,239.81
1463,O000628,P0045,1,1098.63,0.1,988.77
1464,O000629,P0058,5,110.07,0.1,495.31
1465,O000629,P0016,2,3425.35,0.2,5480.56
1466,O000631,P0015,1,1441.98,0.2,1153.58
1467,O000632,P0005,1,384.5,0.0,384.5
1468,O000632,P0054,2,58.12,0.0,116.24
1469,O000632,P0067,2,230.35,0.05,437.66
1470,O000632,P0045,3,1106.41,0.15,2821.35
1471,O000633,P0021,1,2764.24,0.05,2626.03
1472,O000633,P0022,1,3411.83,0.05,3241.24
1473,O000633,P0039,1,744.82,0.0,744.82
1474,O000633,P0062,5,132.36,0.15,562.53
1475,O000634,P0084,3,500.34,0.0,1501.02
1476,O000634,P0067,3,246.92,0.0,740.76
1477,O000635,P0013,2,1423.06,0.0,2846.12
1478,O000636,P0080,5,126.03,0.0,630.15
1479,O000637,P0084,1,516.96,0.0,516.96
1480,O000637,P0026,3,319.19,0.0,957.57
1481,O000637,P0054,4,56.07,0.0,224.28
1482,O000637,P0077,2,297.47,0.05,565.19
1483,O000638,P0084,2,455.64,0.0,911.28
1484,O000638,P0045,2,1099.74,0.05,2089.51
1485,O000639,P0067,3,255.59,0.0,766.77
1486,O000639,P0054,4,60.4,0.0,241.6
1487,O000639,P0084,3,460.4,0.0,1381.2
1488,O000639,P0033,5,120.23,0.0,601.15
1489,O000640,P0063,4,115.37,0.0,461.48
1490,O000641,P0003,2,4866.68,0.05,9246.69
1491,O000641,P0058,2,113.38,0.0,226.76
1492,O000641,P0052,3,59.9,0.0,179.7
1493,O000642,P0020,2,2512.16,0.0,5024.32
1494,O000643,P0037,1,706.1,0.0,706.1
1495,O000643,P0020,1,2604.73,0.05,2474.49
1496,O000644,P0038,1,662.52,0.0,662.52
1497,O000644,P0084,1,519.24,0.0,519.24
1498,O000645,P0023,1,3171.04,0.05,3012.49
1499,O000645,P0025,3,279.55,0.0,838.65
1500,O000645,P0034,1,302.96,0.0,302.96
1501,O000646,P0077,2,301.15,0.05,572.18
1502,O000646,P0045,1,1026.47,0.15,872.5
1503,O000646,P0065,4,101.06,0.15,343.6
1504,O000646,P0087,4,185.01,0.1,666.04
1505,O000647,P0016,2,3316.68,0.1,5970.02
1506,O000647,P0086,5,213.73,0.0,1068.65
1507,O000648,P0055,3,796.03,0.05,2268.69
1508,O000648,P0025,2,313.27,0.0,626.54
1509,O000648,P0039,3,748.59,0.0,2245.77
1510,O000648,P0084,3,493.97,0.0,1481.91
1511,O000649,P0008,2,2324.49,0.2,3719.18
1512,O000649,P0058,5,114.57,0.0,572.85
1513,O000649,P0050,3,310.68,0.0,932.04
1514,O000649,P0080,2,118.34,0.0,236.68
1515,O000650,P0080,5,113.3,0.1,509.85
1516,O000651,P0084,1,502.76,0.0,502.76
1517,O000653,P0012,5,116.39,0.2,465.56
1518,O000653,P0020,2,2540.13,0.0,5080.26
1519,O000653,P0008,2,2279.93,0.0,4559.86
1520,O000653,P0032,5,121.99,0.0,609.95
1521,O000654,P0012,2,132.07,0.0,264.14
1522,O000654,P0044,2,951.66,0.0,1903.32
1523,O000654,P0054,5,60.76,0.0,303.8
1524,O000654,P0008,2,2458.7,0.0,4917.4
1525,O000655,P0020,2,2268.74,0.0,4537.48
1526,O000655,P0087,3,203.65,0.05,580.4
1527,O000655,P0014,1,1422.49,0.15,1209.12
1528,O000655,P0086,2,195.96,0.0,391.92
1529,O000656,P0039,1,675.6,0.0,675.6
1530,O000657,P0050,3,282.73,0.05,805.78
1531,O000658,P0015,1,1498.56,0.1,1348.7
1532,O000658,P0020,2,2556.1,0.05,4856.59
1533,O000659,P0053,2,70.18,0.0,140.36
1534,O000659,P0077,1,305.49,0.2,244.39
1535,O000659,P0016,1,3245.92,0.0,3245.92
1536,O000659,P0084,2,477.71,0.0,955.42
1537,O000660,P0039,1,704.61,0.0,704.61
1538,O000660,P0054,3,55.99,0.0,167.97
1539,O000660,P0018,1,3335.94,0.0,3335.94
1540,O000661,P0087,4,203.95,0.0,815.8
1541,O000662,P0055,1,795.51,0.0,795.51
1542,O000662,P0040,3,423.9,0.1,1144.53
1543,O000663,P0020,2,2285.72,0.2,3657.15
1544,O000664,P0005,3,373.84,0.0,1121.52
1545,O000664,P0020,1,2600.83,0.15,2210.71
1546,O000664,P0071,1,54.43,0.0,54.43
1547,O000664,P0084,2,501.17,0.1,902.11
1548,O000665,P0055,3,810.49,0.15,2066.75
1549,O000665,P0057,1,858.5,0.0,858.5
1550,O000665,P0087,2,204.71,0.0,409.42
1551,O000666,P0054,2,56.42,0.0,112.84
1552,O000666,P0039,1,763.55,0.1,687.2
1553,O000667,P0020,1,2261.67,0.0,2261.67
1554,O000667,P0045,2,1043.21,0.0,2086.42
1555,O000667,P0055,2,755.6,0.0,1511.2
1556,O000668,P0020,2,2511.11,0.0,5022.22
1557,O000668,P0005,2,390.52,0.1,702.94
1558,O000668,P0043,2,1067.28,0.0,2134.56
1559,O000669,P0054,2,60.12,0.0,120.24
1560,O000669,P0087,3,199.16,0.05,567.61
1561,O000669,P0067,1,248.02,0.0,248.02
1562,O000669,P0008,2,2543.61,0.0,5087.22
1563,O000670,P0020,2,2285.47,0.1,4113.85
1564,O000670,P0084,2,499.0,0.1,898.2
1565,O000672,P0080,4,129.62,0.0,518.48
1566,O000672,P0065,2,91.6,0.0,183.2
1567,O000672,P0057,1,899.55,0.0,899.55
1568,O000673,P0084,3,483.33,0.0,1449.99
1569,O000674,P0012,5,115.72,0.15,491.81
1570,O000674,P0037,1,715.43,0.1,643.89
1571,O000674,P0087,3,208.69,0.0,626.07
1572,O000675,P0021,1,2555.16,0.0,2555.16
1573,O000676,P0054,2,63.9,0.2,102.24
1574,O000677,P0087,2,206.87,0.05,393.05
1575,O000677,P0022,1,3476.24,0.0,3476.24
1576,O000678,P0073,1,68.48,0.0,68.48
1577,O000678,P0056,1,851.0,0.15,723.35
1578,O000679,P0050,1,304.97,0.0,304.97
1579,O000679,P0048,1,108.52,0.0,108.52
1580,O000680,P0008,1,2393.18,0.15,2034.2
1581,O000680,P0084,3,527.3,0.0,1581.9
1582,O000681,P0045,1,1077.51,0.0,1077.51
1583,O000681,P0058,4,100.91,0.1,363.28
1584,O000682,P0050,1,312.88,0.05,297.24
1585,O000683,P0039,1,684.61,0.1,616.15
1586,O000684,P0029,1,2347.41,0.05,2230.04
1587,O000684,P0050,2,318.15,0.1,572.67
1588,O000684,P0087,3,188.4,0.0,565.2
1589,O000684,P0054,4,59.95,0.0,239.8
1590,O000685,P0045,3,1032.04,0.0,3096.12
1591,O000685,P0032,4,126.53,0.0,506.12
1592,O000685,P0008,2,2395.22,0.05,4550.92
1593,O000686,P0063,5,107.61,0.0,538.05
1594,O000686,P0020,2,2374.18,0.0,4748.36
1595,O000686,P0039,3,706.67,0.0,2120.01
1596,O000687,P0055,1,718.7,0.05,682.76
1597,O000687,P0020,1,2279.83,0.0,2279.83
1598,O000688,P0020,1,2271.66,0.05,2158.08
1599,O000688,P0005,1,424.46,0.0,424.46
1600,O000688,P0034,1,289.07,0.2,231.26
1601,O000688,P0077,2,315.88,0.1,568.58
1602,O000689,P0022,1,3069.51,0.0,3069.51
1603,O000690,P0039,2,734.48,0.0,1468.96
1604,O000690,P0086,1,215.04,0.1,193.54
1605,O000691,P0005,1,401.66,0.05,381.58
1606,O000692,P0053,2,65.68,0.0,131.36
1607,O000692,P0057,1,928.86,0.0,928.86
1608,O000692,P0028,2,2447.42,0.05,4650.1
1609,O000692,P0045,1,1020.44,0.0,1020.44
1610,O000693,P0015,2,1429.42,0.15,2430.01
1611,O000693,P0082,3,500.0,0.0,1500.0
1612,O000693,P0032,1,128.16,0.0,128.16
1613,O000694,P0022,1,3484.78,0.0,3484.78
1614,O000695,P0084,3,502.33,0.0,1506.99
1615,O000695,P0080,1,115.66,0.2,92.53
1616,O000695,P0013,2,1375.04,0.1,2475.07
1617,O000696,P0073,1,68.21,0.0,68.21
1618,O000696,P0077,3,279.91,0.05,797.74
1619,O000697,P0063,5,118.38,0.0,591.9
1620,O000697,P0058,5,116.86,0.2,467.44
1621,O000698,P0087,3,186.27,0.0,558.81
1622,O000698,P0067,3,259.76,0.0,779.28
1623,O000698,P0077,1,287.88,0.0,287.88
1624,O000698,P0011,2,140.78,0.1,253.4
1625,O000699,P0004,3,379.86,0.05,1082.6
1626,O000700,P0020,2,2428.06,0.05,4613.31
1627,O000700,P0015,3,1403.88,0.05,4001.06
1628,O000700,P0008,2,2260.3,0.05,4294.57
1629,O000701,P0020,1,2530.63,0.0,2530.63
1630,O000701,P0005,3,420.09,0.0,1260.27
1631,O000701,P0077,1,287.3,0.05,272.94
1632,O000702,P0020,2,2415.0,0.0,4830.0
1633,O000702,P0008,1,2455.66,0.0,2455.66
1634,O000703,P0025,2,286.48,0.1,515.66
1635,O000703,P0016,2,3553.46,0.0,7106.92
1636,O000703,P0020,1,2235.44,0.0,2235.44
1637,O000704,P0080,2,118.07,0.05,224.33
1638,O000704,P0053,4,61.76,0.0,247.04
1639,O000704,P0057,2,924.35,0.0,1848.7
1640,O000704,P0039,3,741.42,0.0,2224.26
1641,O000705,P0020,1,2306.81,0.0,2306.81
1642,O000705,P0073,5,65.23,0.0,326.15
1643,O000706,P0077,1,275.41,0.1,247.87
1644,O000706,P0084,1,474.4,0.15,403.24
1645,O000707,P0032,5,110.79,0.0,553.95
1646,O000708,P0080,4,116.49,0.2,372.77
1647,O000709,P0039,2,695.01,0.0,1390.02
1648,O000710,P0084,3,451.99,0.0,1355.97
1649,O000710,P0015,1,1299.24,0.15,1104.35
1650,O000710,P0056,1,879.46,0.05,835.49
1651,O000710,P0037,1,714.35,0.0,714.35
1652,O000711,P0020,2,2543.34,0.0,5086.68
1653,O000711,P0043,1,1050.95,0.0,1050.95
1654,O000711,P0086,5,214.53,0.0,1072.65
1655,O000712,P0048,5,101.56,0.0,507.8
1656,O000712,P0009,1,2025.41,0.0,2025.41
1657,O000712,P0012,4,125.85,0.05,478.23
1658,O000713,P0016,1,3111.24,0.2,2488.99
1659,O000713,P0067,5,264.35,0.0,1321.75
1660,O000713,P0013,1,1536.64,0.0,1536.64
1661,O000714,P0086,4,208.91,0.0,835.64
1662,O000714,P0020,1,2339.1,0.0,2339.1
1663,O000714,P0005,3,384.04,0.0,1152.12
1664,O000714,P0039,3,686.78,0.0,2060.34
1665,O000715,P0012,3,131.02,0.0,393.06
1666,O000715,P0045,3,1052.4,0.0,3157.2
1667,O000716,P0058,5,110.63,0.1,497.84
1668,O000716,P0016,2,3462.19,0.0,6924.38
1669,O000716,P0020,1,2605.69,0.2,2084.55
1670,O000717,P0080,5,118.28,0.0,591.4
1671,O000717,P0086,2,199.0,0.0,398.0
1672,O000719,P0058,2,114.76,0.1,206.57
1673,O000720,P0086,5,210.77,0.0,1053.85
1674,O000721,P0020,2,2281.29,0.15,3878.19
1675,O000722,P0080,4,120.79,0.0,483.16
1676,O000722,P0049,1,311.65,0.15,264.9
1677,O000722,P0039,3,663.86,0.05,1892.0
1678,O000722,P0058,3,107.74,0.0,323.22
1679,O000723,P0087,5,183.86,0.05,873.34
1680,O000723,P0039,2,736.63,0.0,1473.26
1681,O000723,P0084,2,488.25,0.05,927.68
1682,O000723,P0020,2,2346.84,0.0,4693.68
1683,O000726,P0053,4,64.97,0.0,259.88
1684,O000726,P0048,3,94.12,0.0,282.36
1685,O000726,P0050,3,317.34,0.0,952.02
1686,O000727,P0054,5,56.99,0.0,284.95
1687,O000727,P0087,4,182.97,0.0,731.88
1688,O000727,P0003,1,4369.42,0.0,4369.42
1689,O000727,P0052,3,57.83,0.15,147.47
1690,O000728,P0045,1,1012.85,0.0,1012.85
1691,O000728,P0032,1,122.64,0.0,122.64
1692,O000729,P0080,3,123.68,0.0,371.04
1693,O000729,P0048,1,94.46,0.05,89.74
1694,O000729,P0012,3,128.19,0.15,326.88
1695,O000729,P0039,1,678.85,0.0,678.85
1696,O000730,P0041,1,421.79,0.0,421.79
1697,O000730,P0080,4,125.28,0.0,501.12
1698,O000731,P0016,1,3166.85,0.0,3166.85
1699,O000731,P0008,1,2514.95,0.0,2514.95
1700,O000731,P0004,2,366.71,0.0,733.42
1701,O000732,P0087,2,202.17,0.0,404.34
1702,O000732,P0050,2,291.61,0.15,495.74
1703,O000732,P0005,2,402.94,0.05,765.59
1704,O000732,P0074,3,73.49,0.1,198.42
1705,O000733,P0084,1,454.21,0.0,454.21
1706,O000734,P0055,3,768.68,0.15,1960.13
1707,O000734,P0041,2,440.65,0.2,705.04
1708,O000734,P0084,3,510.22,0.2,1224.53
1709,O000734,P0008,2,2182.06,0.2,3491.3
1710,O000735,P0077,2,300.23,0.0,600.46
1711,O000735,P0048,5,101.49,0.2,405.96
1712,O000735,P0015,1,1438.41,0.05,1366.49
1713,O000736,P0045,2,1090.47,0.0,2180.94
1714,O000736,P0058,2,106.97,0.0,213.94
1715,O000736,P0020,2,2340.14,0.0,4680.28
1716,O000737,P0037,1,701.48,0.0,701.48
1717,O000737,P0032,2,121.94,0.0,243.88
1718,O000737,P0015,2,1391.57,0.05,2643.98
1719,O000737,P0087,4,177.93,0.05,676.13
1720,O000738,P0084,1,459.79,0.0,459.79
1721,O000738,P0074,3,70.1,0.0,210.3
1722,O000739,P0039,3,765.6,0.0,2296.8
1723,O000739,P0012,3,131.21,0.0,393.63
1724,O000739,P0071,4,56.85,0.0,227.4
1725,O000739,P0084,3,451.56,0.0,1354.68
1726,O000741,P0087,3,199.43,0.05,568.38
1727,O000742,P0034,2,312.98,0.05,594.66
1728,O000742,P0058,1,109.36,0.0,109.36
1729,O000742,P0020,1,2356.91,0.1,2121.22
1730,O000742,P0071,3,49.46,0.15,126.12
1731,O000743,P0012,3,120.88,0.0,362.64
1732,O000743,P0044,2,955.55,0.0,1911.1
1733,O000744,P0012,1,129.34,0.0,129.34
1734,O000745,P0053,2,66.41,0.1,119.54
1735,O000745,P0005,3,373.44,0.0,1120.32
1736,O000745,P0045,1,1021.75,0.0,1021.75
1737,O000746,P0074,4,73.82,0.0,295.28
1738,O000747,P0020,1,2572.46,0.2,2057.97
1739,O000747,P0080,2,129.65,0.1,233.37
1740,O000747,P0028,1,2663.8,0.1,2397.42
1741,O000748,P0054,3,65.84,0.0,197.52
1742,O000748,P0039,1,727.95,0.1,655.16
1743,O000749,P0080,4,127.45,0.0,509.8
1744,O000750,P0063,5,111.23,0.0,556.15
1745,O000751,P0025,1,296.29,0.0,296.29
1746,O000751,P0054,5,64.68,0.0,323.4
1747,O000751,P0003,2,4294.73,0.0,8589.46
1748,O000752,P0020,2,2449.04,0.0,4898.08
1749,O000753,P0053,5,65.35,0.0,326.75
1750,O000753,P0084,3,489.97,0.1,1322.92
1751,O000753,P0080,3,125.74,0.0,377.22
1752,O000753,P0012,3,118.8,0.15,302.94
1753,O000754,P0063,3,106.16,0.05,302.56
1754,O000754,P0008,2,2232.89,0.05,4242.49
1755,O000754,P0005,1,405.11,0.15,344.34
1756,O000754,P0061,1,126.71,0.0,126.71
1757,O000755,P0054,1,62.51,0.0,62.51
1758,O000755,P0032,3,123.77,0.0,371.31
1759,O000755,P0015,3,1301.94,0.05,3710.53
1760,O000756,P0039,3,752.02,0.0,2256.06
1761,O000756,P0013,3,1466.31,0.1,3959.04
1762,O000756,P0005,1,402.64,0.0,402.64
1763,O000757,P0020,1,2595.84,0.05,2466.05
1764,O000759,P0054,2,63.34,0.0,126.68
1765,O000759,P0034,3,287.96,0.0,863.88
1766,O000760,P0058,4,107.56,0.0,430.24
1767,O000761,P0032,4,124.83,0.05,474.35
1768,O000762,P0008,2,2483.66,0.0,4967.32
1769,O000762,P0054,1,58.91,0.05,55.96
1770,O000763,P0057,3,916.74,0.05,2612.71
1771,O000763,P0084,3,509.28,0.1,1375.06
1772,O000763,P0087,3,200.03,0.0,600.09
1773,O000764,P0009,1,2082.47,0.0,2082.47
1774,O000764,P0074,3,70.26,0.0,210.78
1775,O000765,P0058,1,110.73,0.0,110.73
1776,O000765,P0043,2,974.6,0.0,1949.2
1777,O000766,P0084,3,510.19,0.0,1530.57
1778,O000766,P0059,5,104.75,0.05,497.56
1779,O000768,P0084,2,456.23,0.0,912.46
1780,O000768,P0045,2,1054.29,0.0,2108.58
1781,O000768,P0048,1,95.14,0.05,90.38
1782,O000768,P0012,4,113.58,0.0,454.32
1783,O000769,P0018,2,3793.92,0.0,7587.84
1784,O000769,P0084,2,525.05,0.0,1050.1
1785,O000769,P0039,3,661.14,0.0,1983.42
1786,O000769,P0054,4,61.2,0.0,244.8
1787,O000771,P0020,1,2347.1,0.2,1877.68
1788,O000771,P0054,4,63.21,0.05,240.2
1789,O000771,P0015,0,1341.49,0.0,2682.98
1790,O000771,P0084,3,520.18,0.15,1326.46
1791,O000772,P0032,5,115.65,0.0,578.25
1792,O000774,P0008,2,2309.94,0.0,4619.88
1793,O000774,P0054,4,56.19,0.05,213.52
1794,O000775,P0013,1,1468.73,0.0,1468.73
1795,O000775,P0003,1,4694.32,0.0,4694.32
1796,O000775,P0039,1,686.0,0.1,617.4
1797,O000776,P0077,2,313.87,0.05,596.35
1798,O000777,P0057,1,893.57,0.0,893.57
1799,O000779,P0013,1,1539.37,0.05,1462.4
1800,O000779,P0039,1,746.92,0.2,597.54
1801,O000779,P0053,2,65.86,0.15,111.96
1802,O000780,P0025,3,283.41,0.15,722.7
1803,O000780,P0003,1,4640.88,0.0,4640.88
1804,O000780,P0058,2,103.53,0.0,207.06
1805,O000780,P0086,1,196.86,0.0,196.86
1806,O000781,P0055,2,760.06,0.0,1520.12
1807,O000782,P0055,1,766.99,0.0,766.99
1808,O000782,P0084,2,512.7,0.0,1025.4
1809,O000783,P0063,1,117.19,0.0,117.19
1810,O000783,P0020,2,2509.0,0.0,5018.0
1811,O000783,P0022,1,3014.53,0.0,3014.53
1812,O000784,P0087,3,205.31,0.0,615.93
1813,O000784,P0045,3,1048.15,0.0,3144.45
1814,O000784,P0080,3,113.47,0.2,272.33
1815,O000785,P0080,3,117.72,0.0,353.16
1816,O000785,P0012,5,118.08,0.1,531.36
1817,O000786,P0073,2,74.38,0.0,148.76
1818,O000786,P0009,2,2156.8,0.15,3666.56
1819,O000786,P0020,2,2285.67,0.0,4571.34
1820,O000786,P0045,2,1004.87,0.0,2009.74
1821,O000787,P0047,5,92.13,0.2,368.52
1822,O000788,P0077,2,304.85,0.0,609.7
1823,O000789,P0003,1,4854.17,0.2,3883.34
1824,O000790,P0045,2,975.13,0.1,1755.23
1825,O000792,P0012,1,123.69,0.0,123.69
1826,O000792,P0084,1,506.04,0.15,430.13
1827,O000792,P0022,1,3263.27,0.0,3263.27
1828,O000793,P0021,2,2717.98,0.05,5164.16
1829,O000793,P0077,1,312.48,0.15,265.61
1830,O000793,P0080,5,121.12,0.0,605.6
1831,O000795,P0012,5,124.53,0.05,591.52
1832,O000796,P0020,1,2406.7,0.0,2406.7
1833,O000796,P0013,3,1367.23,0.0,4101.69
1834,O000796,P0005,1,385.59,0.0,385.59
1835,O000796,P0087,4,196.38,0.0,785.52
1836,O000797,P0071,5,49.68,0.0,248.4
1837,O000797,P0008,2,2381.98,0.0,4763.96
1838,O000797,P0025,2,299.54,0.2,479.26
1839,O000797,P0030,1,2414.98,0.0,2414.98
1840,O000798,P0039,3,716.06,0.0,2148.18
1841,O000798,P0009,2,1976.02,0.0,3952.04
1842,O000798,P0012,5,124.01,0.2,496.04
1843,O000800,P0054,1,60.44,0.0,60.44
1844,O000800,P0044,3,1044.9,0.1,2821.23
1845,O000801,P0012,3,119.62,0.0,358.86
1846,O000802,P0039,1,694.21,0.0,694.21
1847,O000802,P0003,1,4697.98,0.0,4697.98
1848,O000802,P0012,3,129.35,0.0,388.05
1849,O000803,P0044,2,1005.07,0.0,2010.14
1850,O000803,P0071,3,53.64,0.0,160.92
1851,O000803,P0032,3,125.24,0.1,338.15
1852,O000805,P0077,1,273.43,0.0,273.43
1853,O000806,P0084,1,484.79,0.0,484.79
1854,O000806,P0077,2,292.42,0.0,584.84
1855,O000806,P0054,4,65.03,0.0,260.12
1856,O000808,P0012,4,128.2,0.0,512.8
1857,O000808,P0013,3,1444.49,0.0,4333.47
1858,O000808,P0058,3,112.76,0.1,304.45
1859,O000809,P0054,2,56.84,0.0,113.68
1860,O000809,P0080,2,132.32,0.15,224.94
1861,O000810,P0054,5,62.48,0.0,312.4
1862,O000810,P0084,2,479.93,0.2,767.89
1863,O000810,P0050,3,325.05,0.1,877.64
1864,O000810,P0039,3,681.22,0.15,1737.11
1865,O000811,P0077,2,297.13,0.0,594.26
1866,O000812,P0079,5,131.57,0.0,657.85
1867,O000812,P0043,2,1062.06,0.05,2017.91
1868,O000813,P0005,1,400.31,0.05,380.29
1869,O000813,P0054,3,60.75,0.1,164.02
1870,O000813,P0080,5,119.5,0.0,597.5
1871,O000814,P0084,3,518.72,0.05,1478.35
1872,O000814,P0005,1,417.5,0.0,417.5
1873,O000814,P0054,5,57.29,0.15,243.48
1874,O000814,P0058,3,100.06,0.05,285.17
1875,O000815,P0009,1,2159.17,0.0,2159.17
1876,O000815,P0058,4,103.84,0.0,415.36
1877,O000815,P0020,1,2359.14,0.15,2005.27
1878,O000815,P0087,1,192.05,0.0,192.05
1879,O000817,P0055,3,728.73,0.0,2186.19
1880,O000817,P0039,3,754.38,0.2,1810.51
1881,O000817,P0071,2,49.5,0.15,84.15
1882,O000817,P0020,1,2308.53,0.0,2308.53
1883,O000818,P0043,3,964.92,0.0,2894.76
1884,O000818,P0020,2,2429.26,0.0,4858.52
1885,O000818,P0034,3,281.34,0.0,844.02
1886,O000818,P0015,1,1346.62,0.0,1346.62
1887,O000819,P0087,2,200.47,0.1,360.85
1888,O000819,P0054,2,60.32,0.1,108.58
1889,O000820,P0022,1,3023.01,0.0,3023.01
1890,O000820,P0020,2,2470.64,0.15,4200.09
1891,O000820,P0039,1,705.82,0.05,670.53
1892,O000821,P0015,3,1278.51,0.0,3835.53
1893,O000821,P0039,1,744.72,0.0,744.72
1894,O000822,P0039,2,700.34,0.05,1330.65
1895,O000823,P0048,5,97.95,0.0,489.75
1896,O000823,P0080,3,127.24,0.05,362.63
1897,O000823,P0030,2,2483.28,0.0,4966.56
1898,O000824,P0044,2,993.18,0.05,1887.04
1899,O000824,P0025,2,306.12,0.05,581.63
1900,O000825,P0084,3,460.6,0.2,1105.44
1901,O000825,P0065,1,92.71,0.1,83.44
1902,O000825,P0020,2,2531.64,0.0,5063.28
1903,O000825,P0071,4,55.59,0.2,177.89
1904,O000826,P0025,3,284.56,0.15,725.63
1905,O000826,P0084,2,469.7,0.05,892.43
1906,O000826,P0040,2,469.45,0.1,845.01
1907,O000827,P0059,2,98.43,0.0,196.86
1908,O000827,P0020,1,2413.38,0.05,2292.71
1909,O000827,P0045,3,1015.44,0.0,3046.32
1910,O000828,P0039,2,754.08,0.0,1508.16
1911,O000828,P0020,1,2254.2,0.05,2141.49
1912,O000828,P0050,2,317.2,0.0,634.4
1913,O000829,P0008,1,2532.88,0.0,2532.88
1914,O000830,P0067,1,259.81,0.0,259.81
1915,O000831,P0039,2,750.31,0.05,1425.59
1916,O000831,P0032,4,120.05,0.1,432.18
1917,O000832,P0020,1,2310.05,0.0,2310.05
1918,O000832,P0043,1,1044.99,0.0,1044.99
1919,O000832,P0005,2,411.79,0.0,823.58
1920,O000832,P0054,2,56.7,0.0,113.4
1921,O000833,P0005,3,369.91,0.1,998.76
1922,O000833,P0054,5,65.65,0.15,279.01
1923,O000834,P0086,4,188.19,0.0,752.76
1924,O000834,P0008,2,2335.86,0.1,4204.55
1925,O000834,P0053,2,70.23,0.0,140.46
1926,O000835,P0071,3,57.45,0.0,172.35
1927,O000835,P0008,2,2295.63,0.0,4591.26
1928,O000835,P0084,2,503.67,0.2,805.87
1929,O000835,P0044,1,1055.43,0.2,844.34
1930,O000836,P0008,1,2479.8,0.0,2479.8
1931,O000836,P0020,2,2338.46,0.0,4676.92
1932,O000836,P0054,4,63.71,0.15,216.61
1933,O000836,P0064,3,92.71,0.0,278.13
1934,O000837,P0084,2,485.42,0.0,970.84
1935,O000837,P0054,3,64.3,0.15,163.96
1936,O000837,P0080,2,131.62,0.1,236.92
1937,O000838,P0071,4,50.06,0.0,200.24
1938,O000838,P0084,1,518.15,0.0,518.15
1939,O000838,P0012,3,125.41,0.05,357.42
1940,O000839,P0021,2,2368.57,0.0,4737.14
1941,O000839,P0020,1,2495.3,0.05,2370.54
1942,O000839,P0005,2,375.02,0.0,750.04
1943,O000840,P0020,2,2389.77,0.0,4779.54
1944,O000840,P0054,4,61.49,0.15,209.07
1945,O000840,P0077,3,274.55,0.1,741.29
1946,O000841,P0005,2,424.17,0.0,848.34
1947,O000841,P0032,4,122.08,0.0,488.32
1948,O000841,P0034,1,281.63,0.0,281.63
1949,O000842,P0084,3,528.23,0.0,1584.69
1950,O000842,P0020,2,2569.92,0.0,5139.84
1951,O000842,P0073,2,70.75,0.05,134.42
1952,O000843,P0020,2,2491.47,0.0,4982.94
1953,O000843,P0030,2,2180.37,0.2,3488.59
1954,O000844,P0087,4,181.76,0.05,690.69
1955,O000844,P0030,2,2490.9,0.0,4981.8
1956,O000845,P0053,5,69.46,0.0,347.3
1957,O000845,P0012,5,125.38,0.0,626.9
1958,O000845,P0040,1,403.91,0.05,383.71
1959,O000846,P0054,5,60.52,0.0,302.6
1960,O000846,P0008,1,2252.47,0.1,2027.22
1961,O000847,P0020,2,2550.96,0.0,5101.92
1962,O000848,P0079,2,140.01,0.0,280.02
1963,O000849,P0077,1,283.03,0.0,283.03
1964,O000850,P0008,2,2306.27,0.0,4612.54
1965,O000850,P0084,1,478.61,0.0,478.61
1966,O000851,P0013,2,1530.46,0.0,3060.92
1967,O000851,P0030,1,2416.36,0.1,2174.72
1968,O000851,P0087,2,208.36,0.1,375.05
1969,O000852,P0077,1,298.31,0.0,298.31
1970,O000853,P0009,1,2088.65,0.0,2088.65
1971,O000853,P0020,2,2571.98,0.0,5143.96
1972,O000854,P0071,5,53.4,0.0,267.0
1973,O000854,P0077,1,314.35,0.0,314.35
1974,O000855,P0050,3,288.46,0.1,778.84
1975,O000856,P0039,3,681.16,0.2,1634.78
1976,O000857,P0056,2,898.96,0.15,1528.23
1977,O000857,P0043,3,936.03,0.0,2808.09
1978,O000859,P0016,2,3455.84,0.05,6566.1
1979,O000860,P0034,1,320.1,0.0,320.1
1980,O000860,P0084,1,520.31,0.2,416.25
1981,O000860,P0053,4,62.46,0.0,249.84
1982,O000860,P0058,1,106.61,0.0,106.61
1983,O000861,P0053,1,68.97,0.2,55.18
1984,O000862,P0009,1,1986.97,0.2,1589.58
1985,O000863,P0053,5,65.51,0.1,294.8
1986,O000864,P0071,3,57.31,0.1,154.74
1987,O000864,P0039,1,651.71,0.0,651.71
1988,O000865,P0048,1,108.89,0.0,108.89
1989,O000866,P0044,1,934.07,0.0,934.07
1990,O000866,P0020,2,2356.7,0.2,3770.72
1991,O000867,P0086,4,186.72,0.05,709.54
1992,O000867,P0054,1,62.57,0.0,62.57
1993,O000868,P0061,5,135.47,0.15,575.75
1994,O000868,P0020,1,2235.32,0.0,2235.32
1995,O000868,P0084,3,458.0,0.0,1374.0
1996,O000869,P0045,1,1020.17,0.1,918.15
1997,O000869,P0080,4,117.94,0.0,471.76
1998,O000869,P0012,3,113.25,0.0,339.75
1999,O000870,P0020,2,2586.18,0.0,5172.36
2000,O000870,P0008,2,2548.04,0.0,5096.08
2001,O000871,P0084,1,514.53,0.2,411.62
2002,O000871,P0045,3,1013.72,0.0,3041.16
2003,O000871,P0005,1,423.52,0.0,423.52
2004,O000871,P0020,1,2473.61,0.15,2102.57
2005,O000873,P0039,3,719.26,0.0,2157.78
2006,O000873,P0034,1,286.3,0.0,286.3
2007,O000874,P0012,4,126.07,0.2,403.42
2008,O000874,P0008,2,2466.07,0.05,4685.53
2009,O000875,P0054,3,62.32,0.0,186.96
2010,O000875,P0008,2,2489.1,0.0,4978.2
2011,O000875,P0055,2,756.61,0.0,1513.22
2012,O000876,P0087,5,203.05,0.05,964.49
2013,O000877,P0071,5,56.45,0.0,282.25
2014,O000877,P0022,2,3471.53,0.0,6943.06
2015,O000877,P0020,1,2532.02,0.0,2532.02
2016,O000877,P0080,4,120.61,0.0,482.44
2017,O000878,P0025,2,301.7,0.0,603.4
2018,O000878,P0080,4,130.37,0.1,469.33
2019,O000878,P0004,3,368.89,0.15,940.67
2020,O000879,P0084,3,453.5,0.1,1224.45
2021,O000879,P0064,5,97.24,0.0,486.2
2022,O000879,P0039,2,704.55,0.0,1409.1
2023,O000880,P0025,1,324.27,0.0,324.27
2024,O000881,P0032,5,113.51,0.05,539.17
2025,O000881,P0020,1,2303.24,0.0,2303.24
2026,O000881,P0044,2,1030.43,0.0,2060.86
2027,O000882,P0057,1,934.93,0.0,934.93
2028,O000883,P0025,2,307.03,0.0,614.06
2029,O000884,P0039,2,764.67,0.0,1529.34
2030,O000884,P0030,2,2301.1,0.0,4602.2
2031,O000884,P0003,2,4309.98,0.0,8619.96
2032,O000885,P0016,1,3321.99,0.0,3321.99
2033,O000885,P0054,2,59.79,0.0,119.58
2034,O000885,P0084,1,494.56,0.0,494.56
2035,O000886,P0005,1,433.5,0.05,411.82
2036,O000886,P0080,5,121.82,0.0,609.1
2037,O000886,P0079,1,136.43,0.0,136.43
2038,O000886,P0015,3,1408.0,0.15,3590.4
2039,O000887,P0077,3,284.61,0.1,768.45
2040,O000888,P0080,5,123.85,0.1,557.33
2041,O000888,P0054,2,58.4,0.0,116.8
2042,O000889,P0080,4,123.39,0.0,493.56
2043,O000889,P0004,3,386.8,0.05,1102.38
2044,O000889,P0039,3,677.55,0.15,1727.75
2045,O000890,P0008,2,2217.33,0.0,4434.66
2046,O000890,P0058,1,101.07,0.2,80.86
2047,O000890,P0055,1,835.07,0.2,668.06
2048,O000891,P0020,2,2266.36,0.2,3626.18
2049,O000891,P0071,3,56.23,0.1,151.82
2050,O000891,P0039,3,651.85,0.0,1955.55
2051,O000891,P0005,1,423.87,0.0,423.87
2052,O000892,P0012,4,122.19,0.2,391.01
2053,O000892,P0039,1,666.37,0.0,666.37
2054,O000893,P0071,5,49.32,0.1,221.94
2055,O000893,P0073,3,76.64,0.0,229.92
2056,O000893,P0039,2,697.54,0.0,1395.08
2057,O000893,P0077,2,313.57,0.2,501.71
2058,O000894,P0063,1,114.96,0.1,103.46
2059,O000894,P0016,2,3286.01,0.15,5586.22
2060,O000896,P0039,1,698.81,0.0,698.81
2061,O000897,P0073,3,66.66,0.1,179.98
2062,O000898,P0033,4,123.85,0.2,396.32
2063,O000898,P0005,3,410.11,0.0,1230.33
2064,O000899,P0016,2,3586.07,0.15,6096.32
2065,O000899,P0067,4,267.01,0.0,1068.04
2066,O000900,P0005,1,394.06,0.2,315.25
2067,O000900,P0071,1,56.57,0.0,56.57
2068,O000900,P0087,2,191.94,0.0,383.88
2069,O000902,P0053,4,69.76,0.1,251.14
2070,O000902,P0020,2,2249.81,0.05,4274.64
2071,O000902,P0054,1,63.25,0.0,63.25
2072,O000902,P0021,2,2674.56,0.1,4814.21
2073,O000903,P0084,1,525.1,0.0,525.1
2074,O000903,P0020,2,2512.85,0.0,5025.7
2075,O000904,P0071,3,49.52,0.0,148.56
2076,O000905,P0040,3,434.87,0.0,1304.61
2077,O000905,P0005,2,421.74,0.05,801.31
2078,O000906,P0061,3,131.46,0.0,394.38
2079,O000906,P0053,4,68.6,0.0,274.4
2080,O000906,P0003,2,4635.49,0.0,9270.98
2081,O000908,P0074,4,76.73,0.0,306.92
2082,O000908,P0034,2,322.91,0.1,581.24
2083,O000908,P0032,2,113.55,0.0,227.1
2084,O000908,P0084,1,496.8,0.0,496.8
2085,O000909,P0020,2,2598.33,0.0,5196.66
2086,O000910,P0045,2,963.82,0.0,1927.64
2087,O000911,P0008,1,2381.24,0.0,2381.24
2088,O000912,P0084,2,469.3,0.0,938.6
2089,O000912,P0039,2,671.09,0.05,1275.07
2090,O000912,P0077,2,277.84,0.2,444.54
2091,O000913,P0084,2,529.16,0.0,1058.32
2092,O000913,P0020,2,2564.25,0.15,4359.22
2093,O000913,P0025,1,309.5,0.0,309.5
2094,O000914,P0044,3,1008.41,0.1,2722.71
2095,O000914,P0059,3,112.03,0.0,336.09
2096,O000914,P0020,1,2470.25,0.0,2470.25
2097,O000914,P0058,4,111.02,0.05,421.88
2098,O000915,P0039,3,744.17,0.0,2232.51
2099,O000916,P0054,3,65.54,0.2,157.3
2100,O000916,P0005,1,420.91,0.0,420.91
2101,O000916,P0032,2,117.45,0.1,211.41
2102,O000916,P0025,2,294.35,0.0,588.7
2103,O000917,P0084,2,499.41,0.0,998.82
2104,O000917,P0058,4,110.94,0.0,443.76
2105,O000917,P0020,2,2356.72,0.1,4242.1
2106,O000917,P0003,1,4454.41,0.0,4454.41
2107,O000918,P0004,3,387.16,0.0,1161.48
2108,O000919,P0043,1,1019.81,0.15,866.84
2109,O000919,P0086,5,200.33,0.0,1001.65
2110,O000919,P0015,2,1363.22,0.0,2726.44
2111,O000919,P0022,1,3351.4,0.0,3351.4
2112,O000920,P0071,5,49.06,0.0,245.3
2113,O000921,P0048,2,108.18,0.0,216.36
2114,O000921,P0012,4,129.51,0.0,518.04
2115,O000921,P0084,2,523.03,0.0,1046.06
2116,O000922,P0054,2,56.92,0.05,108.15
2117,O000922,P0008,1,2224.47,0.2,1779.58
2118,O000922,P0084,3,464.62,0.2,1115.09
2119,O000922,P0016,1,3461.0,0.0,3461.0
2120,O000923,P0080,4,119.67,0.0,478.68
2121,O000923,P0077,3,297.8,0.0,893.4
2122,O000924,P0012,2,120.39,0.0,240.78
2123,O000924,P0039,1,721.01,0.2,576.81
2124,O000924,P0077,1,307.0,0.05,291.65
2125,O000925,P0087,2,206.29,0.1,371.32
2126,O000926,P0084,2,472.28,0.0,944.56
2127,O000927,P0012,3,121.98,0.0,365.94
2128,O000927,P0002,1,3974.41,0.15,3378.25
2129,O000927,P0084,1,483.46,0.1,435.11
2130,O000927,P0079,5,132.16,0.1,594.72
2131,O000928,P0032,1,115.97,0.0,115.97
2132,O000928,P0050,2,294.32,0.0,588.64
2133,O000928,P0008,1,2217.87,0.0,2217.87
2134,O000928,P0012,2,125.91,0.0,251.82
2135,O000929,P0018,1,3376.01,0.0,3376.01
2136,O000930,P0071,1,51.66,0.0,51.66
2137,O000930,P0016,2,3194.39,0.0,6388.78
2138,O000931,P0053,3,64.49,0.0,193.47
2139,O000932,P0008,1,2495.48,0.05,2370.71
2140,O000932,P0045,3,987.9,0.0,2963.7
2141,O000934,P0084,3,455.83,0.0,1367.49
2142,O000935,P0050,2,305.31,0.0,610.62
2143,O000936,P0055,3,737.52,0.0,2212.56
2144,O000936,P0020,2,2510.79,0.0,5021.58
2145,O000936,P0077,2,302.26,0.05,574.29
2146,O000936,P0039,2,663.18,0.0,1326.36
2147,O000937,P0020,1,2563.59,0.0,2563.59
2148,O000937,P0054,3,64.12,0.05,182.74
2149,O000937,P0005,3,376.97,0.05,1074.36
2150,O000937,P0028,1,2563.53,0.15,2179.0
2151,O000938,P0058,5,114.41,0.0,572.05
2152,O000938,P0048,4,103.76,0.05,394.29
2153,O000938,P0034,2,311.91,0.0,623.82
2154,O000938,P0022,1,3109.5,0.0,3109.5
2155,O000939,P0043,1,1025.94,0.15,872.05
2156,O000939,P0032,3,120.45,0.05,343.28
2157,O000940,P0084,3,528.06,0.05,1504.97
2158,O000940,P0053,2,66.02,0.0,132.04
2159,O000940,P0005,2,419.57,0.0,839.14
2160,O000940,P0021,2,2561.04,0.0,5122.08
2161,O000941,P0052,5,56.79,0.0,283.95
2162,O000942,P0045,2,979.19,0.05,1860.46
2163,O000943,P0087,2,189.28,0.0,378.56
2164,O000943,P0077,2,305.82,0.15,519.89
2165,O000943,P0039,1,708.32,0.15,602.07
2166,O000944,P0053,5,63.45,0.0,317.25
2167,O000944,P0020,2,2345.58,0.0,4691.16
2168,O000944,P0077,1,288.37,0.05,273.95
2169,O000944,P0084,2,495.17,0.05,940.82
2170,O000945,P0084,3,487.35,0.0,1462.05
2171,O000945,P0080,2,117.02,0.0,234.04
2172,O000946,P0071,5,51.61,0.1,232.24
2173,O000946,P0084,3,461.5,0.0,1384.5
2174,O000947,P0058,2,105.77,0.0,211.54
2175,O000947,P0028,1,2666.72,0.05,2533.38
2176,O000947,P0020,1,2493.07,0.15,2119.11
2177,O000947,P0087,5,195.81,0.0,979.05
2178,O000948,P0020,2,2359.32,0.05,4482.71
2179,O000948,P0054,3,61.42,0.0,184.26
2180,O000948,P0037,3,759.16,0.0,2277.48
2181,O000948,P0012,4,119.36,0.0,477.44
2182,O000949,P0039,1,672.51,0.0,672.51
2183,O000950,P0020,1,2234.63,0.05,2122.9
2184,O000951,P0058,4,110.23,0.0,440.92
2185,O000951,P0059,3,97.99,0.0,293.97
2186,O000951,P0045,1,1023.39,0.0,1023.39
2187,O000952,P0020,1,2606.52,0.0,2606.52
2188,O000952,P0008,2,2341.2,0.0,4682.4
2189,O000952,P0084,1,466.93,0.0,466.93
2190,O000952,P0029,2,2243.33,0.0,4486.66
2191,O000953,P0045,1,957.76,0.1,861.98
2192,O000954,P0065,3,100.19,0.0,300.57
2193,O000954,P0012,2,121.34,0.05,230.55
2194,O000955,P0008,1,2277.61,0.05,2163.73
2195,O000955,P0084,3,524.58,0.2,1258.99
2196,O000955,P0041,2,442.97,0.0,885.94
2197,O000956,P0020,2,2508.33,0.0,5016.66
2198,O000956,P0071,3,52.37,0.1,141.4
2199,O000956,P0030,1,2391.98,0.0,2391.98
2200,O000956,P0034,1,303.47,0.15,257.95
2201,O000959,P0077,1,309.13,0.0,309.13
2202,O000959,P0039,1,715.86,0.2,572.69
2203,O000960,P0012,2,125.34,0.1,225.61
2204,O000961,P0077,2,284.17,0.2,454.67
2205,O000961,P0012,5,113.77,0.0,568.85
2206,O000961,P0037,1,722.21,0.0,722.21
2207,O000961,P0052,4,60.47,0.0,241.88
2208,O000962,P0032,3,118.06,0.1,318.76
2209,O000962,P0077,2,278.26,0.1,500.87
2210,O000962,P0008,2,2307.94,0.0,4615.88
2211,O000963,P0012,3,125.56,0.05,357.85
2212,O000963,P0055,2,744.43,0.0,1488.86
2213,O000963,P0058,2,104.28,0.0,208.56
2214,O000964,P0087,2,204.41,0.0,408.82
2215,O000964,P0008,2,2300.75,0.15,3911.28
2216,O000965,P0008,1,2275.62,0.0,2275.62
2217,O000965,P0020,1,2279.27,0.0,2279.27
2218,O000965,P0086,1,193.24,0.0,193.24
2219,O000966,P0053,5,63.14,0.05,299.91
2220,O000966,P0058,4,115.28,0.2,368.9
2221,O000967,P0012,5,113.52,0.0,567.6
2222,O000967,P0084,1,503.63,0.2,402.9
2223,O000967,P0028,1,2712.87,0.05,2577.23
2224,O000969,P0061,1,125.64,0.0,125.64
2225,O000970,P0084,2,503.43,0.05,956.52
2226,O000970,P0020,2,2360.03,0.0,4720.06
2227,O000970,P0044,3,986.16,0.0,2958.48
2228,O000970,P0005,1,406.71,0.0,406.71
2229,O000971,P0084,2,492.77,0.0,985.54
2230,O000971,P0016,1,3494.75,0.0,3494.75
2231,O000971,P0020,1,2255.68,0.05,2142.9
2232,O000972,P0045,3,1002.57,0.0,3007.71
2233,O000972,P0020,1,2427.96,0.0,2427.96
2234,O000972,P0034,1,324.41,0.05,308.19
2235,O000972,P0043,3,1067.3,0.0,3201.9
2236,O000973,P0039,1,732.09,0.05,695.49
2237,O000973,P0057,2,863.76,0.0,1727.52
2238,O000974,P0039,2,727.58,0.05,1382.4
2239,O000975,P0025,2,278.47,0.05,529.09
2240,O000975,P0067,2,260.22,0.05,494.42
2241,O000976,P0039,1,659.4,0.15,560.49
2242,O000976,P0077,3,278.78,0.05,794.52
2243,O000977,P0039,2,703.01,0.1,1265.42
2244,O000978,P0086,5,204.73,0.1,921.28
2245,O000978,P0071,2,55.84,0.0,111.68
2246,O000978,P0053,4,63.58,0.0,254.32
2247,O000979,P0067,1,230.91,0.1,207.82
2248,O000979,P0086,2,189.77,0.0,379.54
2249,O000979,P0005,1,415.96,0.0,415.96
2250,O000980,P0039,1,723.48,0.0,723.48
2251,O000981,P0020,2,2240.56,0.0,4481.12
2252,O000982,P0064,3,105.99,0.0,317.97
2253,O000982,P0020,1,2627.49,0.0,2627.49
2254,O000982,P0003,2,4340.68,0.1,7813.22
2255,O000982,P0050,1,292.65,0.0,292.65
2256,O000983,P0020,2,2410.07,0.0,4820.14
2257,O000983,P0054,5,58.21,0.0,291.05
2258,O000984,P0053,4,64.48,0.05,245.02
2259,O000984,P0079,1,145.92,0.0,145.92
2260,O000984,P0043,3,1034.04,0.0,3102.12
2261,O000984,P0080,4,115.53,0.0,462.12
2262,O000985,P0039,2,735.48,0.1,1323.86
2263,O000985,P0080,2,126.36,0.0,252.72
2264,O000985,P0008,1,2280.77,0.0,2280.77
2265,O000986,P0077,1,283.75,0.0,283.75
2266,O000986,P0005,2,404.4,0.05,768.36
2267,O000987,P0084,1,457.03,0.1,411.33
2268,O000987,P0040,2,423.12,0.0,846.24
2269,O000988,P0071,5,52.93,0.0,264.65
2270,O000988,P0039,1,714.47,0.0,714.47
2271,O000989,P0020,1,2292.81,0.05,2178.17
2272,O000989,P0058,3,102.74,0.0,308.22
2273,O000989,P0022,2,3275.36,0.05,6223.18
2274,O000990,P0080,3,113.99,0.0,341.97
2275,O000990,P0087,2,199.73,0.1,359.51
2276,O000990,P0020,2,2241.93,0.0,4483.86
2277,O000990,P0040,3,466.15,0.0,1398.45
2278,O000991,P0032,5,118.61,0.1,533.74
2279,O000991,P0037,3,706.21,0.1,1906.77
2280,O000992,P0030,1,2293.5,0.0,2293.5
2281,O000992,P0039,3,658.74,0.2,1580.98
2282,O000993,P0086,4,208.98,0.0,835.92
2283,O000993,P0077,1,270.61,0.0,270.61
2284,O000994,P0085,2,176.28,0.0,352.56
2285,O000994,P0034,2,325.51,0.0,651.02
2286,O000995,P0032,4,116.96,0.0,467.84
2287,O000996,P0080,1,123.29,0.05,117.13
2288,O000996,P0063,1,107.72,0.0,107.72
2289,O000996,P0012,5,118.05,0.0,590.25
2290,O000997,P0080,1,127.65,0.0,127.65
2291,O000997,P0087,4,204.47,0.15,695.2
2292,O000997,P0054,4,59.19,0.1,213.08
2293,O000998,P0012,1,122.75,0.0,122.75
2294,O000998,P0021,1,2589.13,0.0,2589.13
2295,O000999,P0074,5,70.79,0.1,318.56
2296,O000999,P0058,2,106.36,0.0,212.72
2297,O000999,P0071,2,50.85,0.0,101.7
2298,O000999,P0028,2,2627.14,0.0,5254.28
2299,O001000,P0039,3,712.1,0.05,2029.48
2300,O001001,P0005,2,427.62,0.0,855.24
2301,O001001,P0043,2,954.59,0.15,1622.8
2302,O001001,P0084,1,526.83,0.0,526.83
2303,O001002,P0015,3,1366.9,0.1,3690.63
2304,O001002,P0055,3,757.08,0.05,2157.68
2305,O001002,P0005,1,389.63,0.0,389.63
2306,O001002,P0008,1,2226.28,0.0,2226.28
2307,O001003,P0084,2,509.34,0.0,1018.68
2308,O001003,P0053,1,70.88,0.05,67.34
2309,O001003,P0064,5,95.99,0.0,479.95
2310,O001004,P0005,2,413.79,0.0,827.58
2311,O001004,P0032,1,127.23,0.0,127.23
2312,O001004,P0003,2,4552.7,0.0,9105.4
2313,O001005,P0020,1,2397.7,0.0,2397.7
2314,O001005,P0039,1,655.87,0.05,623.08
2315,O001006,P0018,2,3585.13,0.15,6094.72
2316,O001008,P0020,2,2466.18,0.1,4439.12
2317,O001008,P0021,2,2631.18,0.05,4999.24
2318,O001009,P0012,4,114.69,0.0,458.76
2319,O001010,P0020,1,2618.48,0.0,2618.48
2320,O001011,P0029,1,2375.32,0.1,2137.79
2321,O001011,P0065,5,94.57,0.0,472.85
2322,O001012,P0086,5,195.35,0.1,879.08
2323,O001013,P0005,1,373.06,0.0,373.06
2324,O001013,P0058,3,106.59,0.0,319.77
2325,O001013,P0045,2,1098.33,0.15,1867.16
2326,O001014,P0058,5,109.22,0.0,546.1
2327,O001014,P0084,2,472.46,0.0,944.92
2328,O001014,P0080,4,131.06,0.0,524.24
2329,O001015,P0084,1,515.14,0.0,515.14
2330,O001015,P0077,3,275.57,0.1,744.04
2331,O001015,P0054,4,58.64,0.0,234.56
2332,O001015,P0087,1,181.91,0.15,154.62
2333,O001016,P0012,4,129.55,0.0,518.2
2334,O001016,P0005,2,432.05,0.0,864.1
2335,O001016,P0077,1,307.41,0.15,261.3
2336,O001016,P0045,1,1059.98,0.0,1059.98
2337,O001017,P0020,2,2559.13,0.05,4862.35
2338,O001017,P0039,2,677.95,0.05,1288.1
2339,O001017,P0073,5,72.82,0.0,364.1
2340,O001017,P0038,3,691.72,0.0,2075.16
2341,O001018,P0008,2,2554.42,0.15,4342.51
2342,O001018,P0045,3,1070.82,0.0,3212.46
2343,O001019,P0054,4,60.86,0.1,219.1
2344,O001020,P0087,5,187.59,0.05,891.05
2345,O001020,P0005,1,401.34,0.05,381.27
2346,O001020,P0008,2,2277.62,0.2,3644.19
2347,O001021,P0032,2,112.74,0.0,225.48
2348,O001021,P0080,2,126.42,0.15,214.91
2349,O001021,P0073,4,65.55,0.1,235.98
2350,O001022,P0032,2,126.45,0.0,252.9
2351,O001022,P0054,3,62.37,0.0,187.11
2352,O001023,P0087,5,197.56,0.15,839.63
2353,O001025,P0020,2,2581.2,0.0,5162.4
2354,O001025,P0003,2,4557.41,0.0,9114.82
2355,O001025,P0067,4,236.12,0.0,944.48
2356,O001026,P0044,1,997.09,0.0,997.09
2357,O001026,P0039,2,727.02,0.2,1163.23
2358,O001026,P0005,3,427.59,0.1,1154.49
2359,O001027,P0077,2,299.23,0.1,538.61
2360,O001027,P0059,4,112.21,0.0,448.84
2361,O001027,P0039,2,658.89,0.0,1317.78
2362,O001027,P0016,2,3363.99,0.15,5718.78
2363,O001028,P0045,3,1039.49,0.0,3118.47
2364,O001029,P0080,5,117.63,0.0,588.15
2365,O001030,P0084,1,482.45,0.0,482.45
2366,O001030,P0063,1,117.76,0.0,117.76
2367,O001030,P0016,2,3615.02,0.15,6145.53
2368,O001030,P0058,1,111.72,0.0,111.72
2369,O001031,P0045,2,1032.05,0.05,1960.89
2370,O001033,P0003,2,4700.34,0.0,9400.68
2371,O001034,P0087,3,191.96,0.0,575.88
2372,O001034,P0058,4,115.52,0.0,462.08
2373,O001035,P0015,3,1380.45,0.2,3313.08
2374,O001035,P0061,4,121.04,0.15,411.54
2375,O001035,P0043,3,911.3,0.05,2597.2
2376,O001036,P0026,3,321.62,0.05,916.62
2377,O001036,P0058,3,100.99,0.0,302.97
2378,O001036,P0054,4,61.9,0.1,222.84
2379,O001036,P0039,1,704.75,0.1,634.28
2380,O001037,P0080,2,119.71,0.15,203.51
2381,O001037,P0053,2,72.06,0.05,136.91
2382,O001037,P0013,3,1378.36,0.0,4135.08
2383,O001037,P0054,2,56.56,0.0,113.12
2384,O001039,P0018,2,3667.89,0.0,7335.78
2385,O001039,P0008,2,2415.51,0.0,4831.02
2386,O001039,P0087,5,196.28,0.0,981.4
2387,O001039,P0059,4,104.28,0.1,375.41
2388,O001040,P0077,3,300.4,0.0,901.2
2389,O001040,P0005,3,387.5,0.0,1162.5
2390,O001040,P0086,5,186.69,0.0,933.45
2391,O001040,P0045,3,1029.92,0.0,3089.76
2392,O001041,P0032,3,123.65,0.0,370.95
2393,O001041,P0020,2,2300.85,0.0,4601.7
2394,O001042,P0003,1,4658.77,0.0,4658.77
2395,O001043,P0041,3,458.57,0.0,1375.71
2396,O001043,P0080,1,124.24,0.0,124.24
2397,O001043,P0087,5,206.33,0.0,1031.65
2398,O001044,P0055,3,804.83,0.15,2052.32
2399,O001044,P0020,2,2511.4,0.05,4771.66
2400,O001044,P0032,5,114.37,0.05,543.26
2401,O001045,P0032,2,111.31,0.0,222.62
2402,O001045,P0080,5,121.75,0.0,608.75
2403,O001046,P0039,1,740.74,0.0,740.74
2404,O001047,P0054,5,57.45,0.0,287.25
2405,O001047,P0071,1,56.27,0.0,56.27
2406,O001047,P0013,3,1409.96,0.0,4229.88
2407,O001048,P0084,1,450.57,0.0,450.57
2408,O001048,P0057,1,942.66,0.05,895.53
2409,O001048,P0039,2,744.17,0.1,1339.51
2410,O001050,P0054,5,64.49,0.0,322.45
2411,O001051,P0077,1,280.83,0.0,280.83
2412,O001051,P0022,2,3005.93,0.05,5711.27
2413,O001052,P0020,2,2396.21,0.0,4792.42
2414,O001052,P0012,2,131.79,0.0,263.58
2415,O001052,P0086,3,197.36,0.0,592.08
2416,O001053,P0020,2,2418.91,0.15,4112.15
2417,O001054,P0039,2,747.92,0.1,1346.26
2418,O001054,P0073,5,74.4,0.0,372.0
2419,O001055,P0020,1,2399.14,0.0,2399.14
2420,O001055,P0056,1,820.87,0.1,738.78
2421,O001056,P0050,1,320.12,0.1,288.11
2422,O001056,P0053,3,70.05,0.0,210.15
2423,O001056,P0020,1,2456.84,0.0,2456.84
2424,O001056,P0015,2,1399.67,0.0,2799.34
2425,O001057,P0080,4,130.24,0.0,520.96
2426,O001058,P0067,4,254.24,0.0,1016.96
2427,O001059,P0045,2,1077.17,0.1,1938.91
2428,O001060,P0013,2,1512.22,0.0,3024.44
2429,O001060,P0050,2,326.16,0.2,521.86
2430,O001060,P0080,5,119.37,0.1,537.17
2431,O001060,P0015,1,1300.87,0.0,1300.87
2432,O001061,P0077,3,298.59,0.1,806.19
2433,O001061,P0005,2,385.9,0.0,771.8
2434,O001063,P0054,2,61.08,0.0,122.16
2435,O001063,P0030,1,2193.54,0.0,2193.54
2436,O001064,P0084,1,491.38,0.1,442.24
2437,O001065,P0048,2,93.72,0.15,159.32
2438,O001065,P0005,2,433.54,0.0,867.08
2439,O001066,P0008,2,2346.67,0.05,4458.67
2440,O001066,P0020,2,2587.11,0.0,5174.22
2441,O001066,P0002,2,4048.78,0.15,6882.93
2442,O001066,P0058,4,112.37,0.0,449.48
2443,O001067,P0039,3,759.01,0.1,2049.33
2444,O001067,P0020,2,2399.7,0.1,4319.46
2445,O001067,P0065,5,97.57,0.0,487.85
2446,O001067,P0071,2,56.94,0.0,113.88
2447,O001068,P0071,1,57.66,0.0,57.66
2448,O001068,P0084,3,465.88,0.0,1397.64
2449,O001068,P0080,2,124.14,0.05,235.87
2450,O001068,P0028,2,2630.41,0.05,4997.78
2451,O001069,P0080,1,117.99,0.0,117.99
2452,O001069,P0023,2,2973.85,0.05,5650.32
2453,O001069,P0040,2,413.15,0.0,826.3
2454,O001070,P0033,1,115.69,0.15,98.34
2455,O001071,P0037,3,686.72,0.0,2060.16
2456,O001071,P0053,1,69.46,0.1,62.51
2457,O001071,P0050,1,287.33,0.0,287.33
2458,O001071,P0015,2,1392.98,0.0,2785.96
2459,O001072,P0084,3,473.61,0.05,1349.79
2460,O001072,P0054,3,61.6,0.0,184.8
2461,O001072,P0080,3,117.56,0.1,317.41
2462,O001072,P0061,4,125.6,0.1,452.16
2463,O001073,P0084,2,525.71,0.0,1051.42
2464,O001074,P0047,3,94.99,0.0,284.97
2465,O001074,P0016,2,3322.76,0.0,6645.52
2466,O001074,P0043,3,929.25,0.0,2787.75
2467,O001074,P0065,3,93.05,0.0,279.15
2468,O001075,P0025,3,310.78,0.0,932.34
2469,O001075,P0039,1,755.45,0.0,755.45
2470,O001076,P0039,1,746.43,0.15,634.47
2471,O001076,P0020,2,2490.2,0.0,4980.4
2472,O001076,P0084,3,465.14,0.0,1395.42
2473,O001076,P0007,2,2355.21,0.0,4710.42
2474,O001077,P0020,2,2299.74,0.0,4599.48
2475,O001077,P0045,1,1010.58,0.0,1010.58
2476,O001077,P0008,1,2382.8,0.2,1906.24
2477,O001077,P0073,5,71.34,0.05,338.86
2478,O001078,P0065,5,91.11,0.0,455.55
2479,O001078,P0084,3,506.62,0.0,1519.86
2480,O001078,P0013,3,1401.02,0.0,4203.06
2481,O001079,P0054,5,58.01,0.05,275.55
2482,O001079,P0045,2,1043.57,0.0,2087.14
2483,O001079,P0022,1,3107.77,0.15,2641.6
2484,O001079,P0039,2,702.73,0.0,1405.46
2485,O001080,P0020,2,2625.39,0.15,4463.16
2486,O001080,P0086,1,196.49,0.15,167.02
2487,O001080,P0005,1,387.29,0.1,348.56
2488,O001080,P0012,4,129.02,0.05,490.28
2489,O001081,P0077,3,271.69,0.1,733.56
2490,O001081,P0032,2,114.0,0.0,228.0
2491,O001081,P0087,3,202.25,0.05,576.41
2492,O001082,P0020,1,2573.44,0.2,2058.75
2493,O001082,P0025,1,320.01,0.0,320.01
2494,O001082,P0061,4,130.76,0.0,523.04
2495,O001083,P0080,3,113.37,0.05,323.1
2496,O001083,P0025,2,311.61,0.05,592.06
2497,O001083,P0009,1,2172.82,0.0,2172.82
2498,O001084,P0039,3,752.87,0.0,2258.61
2499,O001084,P0058,2,114.77,0.15,195.11
2500,O001085,P0005,2,375.84,0.15,638.93
2501,O001085,P0020,1,2548.16,0.1,2293.34
2502,O001085,P0071,3,55.54,0.0,166.62
2503,O001086,P0057,3,920.09,0.1,2484.24
2504,O001087,P0050,2,324.47,0.0,648.94
2505,O001087,P0045,2,1027.62,0.15,1746.95
2506,O001087,P0067,2,235.82,0.15,400.89
2507,O001088,P0032,5,124.3,0.15,528.28
2508,O001088,P0080,5,126.84,0.0,634.2
2509,O001089,P0034,2,326.2,0.0,652.4
2510,O001089,P0016,1,3449.02,0.2,2759.22
2511,O001089,P0052,2,56.69,0.0,113.38
2512,O001090,P0087,3,199.11,0.0,597.33
2513,O001090,P0086,4,200.58,0.0,802.32
2514,O001091,P0077,2,313.14,0.1,563.65
2515,O001092,P0020,1,2253.79,0.0,2253.79
2516,O001092,P0087,5,179.71,0.0,898.55
2517,O001092,P0013,2,1413.26,0.0,2826.52
2518,O001092,P0032,3,117.45,0.0,352.35
2519,O001093,P0058,3,105.03,0.0,315.09
2520,O001093,P0045,1,1048.45,0.0,1048.45
2521,O001093,P0003,1,4703.57,0.0,4703.57
2522,O001093,P0084,3,512.26,0.0,1536.78
2523,O001094,P0011,5,143.34,0.1,645.03
2524,O001094,P0039,3,736.58,0.0,2209.74
2525,O001095,P0004,2,377.95,0.0,755.9
2526,O001095,P0038,3,656.03,0.15,1672.88
2527,O001097,P0020,2,2604.98,0.0,5209.96
2528,O001097,P0087,2,187.42,0.0,374.84
2529,O001098,P0039,2,741.25,0.1,1334.25
2530,O001098,P0080,4,113.48,0.05,431.22
2531,O001098,P0071,5,53.34,0.0,266.7
2532,O001098,P0087,1,201.43,0.15,171.22
2533,O001099,P0084,1,508.64,0.0,508.64
2534,O001099,P0058,1,103.41,0.0,103.41
2535,O001099,P0054,1,60.21,0.0,60.21
2536,O001100,P0048,4,104.25,0.0,417.0
2537,O001101,P0080,3,124.64,0.15,317.83
2538,O001101,P0055,1,720.48,0.05,684.46
2539,O001102,P0032,5,127.93,0.0,639.65
2540,O001103,P0073,5,69.58,0.0,347.9
2541,O001104,P0032,5,119.8,0.0,599.0
2542,O001104,P0012,4,123.55,0.0,494.2
2543,O001105,P0013,1,1358.07,0.0,1358.07
2544,O001105,P0077,1,300.95,0.0,300.95
2545,O001105,P0059,3,100.7,0.05,287.0
2546,O001106,P0045,1,1037.75,0.0,1037.75
2547,O001106,P0018,2,3630.03,0.1,6534.05
2548,O001106,P0032,2,114.79,0.1,206.62
2549,O001106,P0044,2,1018.98,0.05,1936.06
2550,O001107,P0077,1,285.83,0.0,285.83
2551,O001107,P0080,3,130.77,0.1,353.08
2552,O001107,P0009,1,2002.82,0.05,1902.68
2553,O001107,P0025,1,299.57,0.0,299.57
2554,O001108,P0084,3,478.73,0.05,1364.38
2555,O001109,P0084,2,482.09,0.0,964.18
2556,O001110,P0025,2,301.66,0.0,603.32
2557,O001111,P0071,4,49.92,0.0,199.68
2558,O001111,P0020,1,2619.94,0.2,2095.95
2559,O001111,P0030,2,2280.36,0.05,4332.68
2560,O001111,P0048,1,107.07,0.0,107.07
2561,O001113,P0012,1,129.17,0.0,129.17
2562,O001113,P0022,2,3215.51,0.0,6431.02
2563,O001113,P0020,1,2390.65,0.0,2390.65
2564,O001114,P0012,5,123.77,0.0,618.85
2565,O001115,P0071,2,51.51,0.0,103.02
2566,O001115,P0053,4,71.74,0.1,258.26
2567,O001115,P0020,1,2271.71,0.0,2271.71
2568,O001116,P0052,4,64.74,0.0,258.96
2569,O001116,P0030,2,2491.59,0.0,4983.18
2570,O001116,P0020,1,2574.75,0.0,2574.75
2571,O001117,P0071,4,54.86,0.0,219.44
2572,O001117,P0040,1,452.64,0.0,452.64
2573,O001118,P0005,3,402.25,0.1,1086.08
2574,O001118,P0043,3,987.48,0.0,2962.44
2575,O001119,P0039,3,699.97,0.0,2099.91
2576,O001119,P0063,4,121.68,0.0,486.72
2577,O001119,P0008,2,2435.77,0.0,4871.54
2578,O001119,P0087,2,189.58,0.0,379.16
2579,O001120,P0080,4,114.63,0.0,458.52
2580,O001120,P0077,2,299.44,0.0,598.88
2581,O001121,P0054,2,56.84,0.15,96.63
2582,O001121,P0063,4,119.97,0.15,407.9
2583,O001121,P0055,1,745.34,0.0,745.34
2584,O001121,P0032,2,117.06,0.0,234.12
2585,O001122,P0008,2,2497.57,0.0,4995.14
2586,O001122,P0005,1,406.01,0.05,385.71
2587,O001123,P0005,3,372.29,0.0,1116.87
2588,O001123,P0039,1,742.2,0.0,742.2
2589,O001123,P0084,3,518.11,0.0,1554.33
2590,O001123,P0067,3,246.41,0.0,739.23
2591,O001124,P0039,3,759.06,0.0,2277.18
2592,O001125,P0002,1,4235.86,0.0,4235.86
2593,O001126,P0030,1,2305.37,0.0,2305.37
2594,O001126,P0022,2,3409.4,0.0,6818.8
2595,O001127,P0071,3,57.41,0.0,172.23
2596,O001127,P0052,2,65.36,0.15,111.11
2597,O001128,P0015,1,1375.02,0.1,1237.52
2598,O001128,P0021,1,2548.05,0.0,2548.05
2599,O001128,P0054,5,65.62,0.0,328.1
2600,O001129,P0054,3,60.72,0.0,182.16
2601,O001129,P0071,1,52.91,0.0,52.91
2602,O001130,P0020,2,2488.49,0.0,4976.98
2603,O001130,P0003,2,4562.83,0.05,8669.38
2604,O001130,P0012,5,126.85,0.15,539.11
2605,O001131,P0028,2,2649.59,0.15,4504.3
2606,O001131,P0074,2,77.64,0.0,155.28
2607,O001132,P0039,3,658.74,0.1,1778.6
2608,O001132,P0054,4,57.04,0.0,228.16
2609,O001132,P0045,1,955.97,0.0,955.97
2610,O001132,P0050,3,303.17,0.15,773.08
2611,O001133,P0034,3,303.71,0.0,911.13
2612,O001133,P0077,2,310.46,0.05,589.87
2613,O001134,P0020,1,2315.97,0.0,2315.97
2614,O001134,P0067,2,250.17,0.0,500.34
2615,O001134,P0077,2,296.12,0.05,562.63
2616,O001134,P0063,5,109.5,0.0,547.5
2617,O001135,P0041,3,449.02,0.0,1347.06
2618,O001135,P0018,1,3491.46,0.0,3491.46
2619,O001135,P0039,1,729.55,0.0,729.55
2620,O001136,P0087,1,192.03,0.0,192.03
2621,O001136,P0039,3,712.8,0.0,2138.4
2622,O001136,P0016,2,3558.75,0.15,6049.88
2623,O001137,P0040,3,420.7,0.0,1262.1
2624,O001137,P0030,1,2525.78,0.1,2273.2
2625,O001137,P0012,1,128.0,0.1,115.2
2626,O001137,P0055,3,743.26,0.0,2229.78
2627,O001138,P0005,2,418.47,0.0,836.94
2628,O001138,P0054,1,64.57,0.05,61.34
2629,O001138,P0012,1,128.53,0.0,128.53
2630,O001138,P0050,3,285.46,0.0,856.38
2631,O001139,P0005,1,372.07,0.1,334.86
2632,O001139,P0029,2,2278.89,0.0,4557.78
2633,O001139,P0087,5,191.0,0.0,955.0
2634,O001140,P0084,1,522.41,0.0,522.41
2635,O001141,P0005,1,371.93,0.05,353.33
2636,O001141,P0054,3,64.16,0.05,182.86
2637,O001141,P0067,3,246.3,0.0,738.9
2638,O001142,P0084,3,465.29,0.0,1395.87
2639,O001142,P0071,1,56.13,0.0,56.13
2640,O001142,P0045,1,998.37,0.0,998.37
2641,O001142,P0012,2,123.49,0.0,246.98
2642,O001143,P0016,2,3279.32,0.2,5246.91
2643,O001143,P0080,2,131.02,0.15,222.73
2644,O001144,P0043,2,959.01,0.0,1918.02
2645,O001144,P0039,2,671.43,0.0,1342.86
2646,O001144,P0016,2,3543.04,0.1,6377.47
2647,O001146,P0016,2,3256.92,0.2,5211.07
2648,O001146,P0084,1,507.15,0.0,507.15
2649,O001146,P0020,1,2466.73,0.0,2466.73
2650,O001146,P0012,2,130.74,0.0,261.48
2651,O001147,P0020,1,2452.63,0.05,2330.0
2652,O001147,P0067,3,244.82,0.0,734.46
2653,O001148,P0077,3,284.08,0.0,852.24
2654,O001148,P0032,1,120.61,0.0,120.61
2655,O001149,P0020,1,2281.46,0.0,2281.46
2656,O001149,P0009,1,1926.91,0.0,1926.91
2657,O001150,P0012,2,119.03,0.05,226.16
2658,O001150,P0045,2,993.0,0.0,1986.0
2659,O001150,P0030,2,2527.01,0.0,5054.02
2660,O001151,P0005,1,402.29,0.0,402.29
2661,O001151,P0077,2,279.76,0.0,559.52
2662,O001151,P0039,2,728.16,0.0,1456.32
2663,O001151,P0058,1,112.23,0.1,101.01
2664,O001152,P0077,2,292.27,0.0,584.54
2665,O001152,P0032,4,110.32,0.0,441.28
2666,O001152,P0044,2,919.75,0.0,1839.5
2667,O001152,P0054,5,61.01,0.0,305.05
2668,O001153,P0074,1,78.05,0.0,78.05
2669,O001153,P0084,1,462.97,0.05,439.82
2670,O001154,P0025,2,310.77,0.0,621.54
2671,O001154,P0054,2,63.74,0.05,121.11
2672,O001155,P0054,1,56.43,0.0,56.43
2673,O001155,P0084,3,514.31,0.0,1542.93
2674,O001156,P0029,1,2287.04,0.0,2287.04
2675,O001156,P0073,4,71.54,0.0,286.16
2676,O001157,P0054,3,56.01,0.0,168.03
2677,O001158,P0048,5,94.96,0.1,427.32
2678,O001158,P0056,1,893.76,0.0,893.76
2679,O001158,P0022,2,3465.54,0.0,6931.08
2680,O001158,P0040,2,417.66,0.0,835.32
2681,O001159,P0084,3,492.19,0.0,1476.57
2682,O001159,P0015,2,1480.86,0.0,2961.72
2683,O001159,P0054,5,56.02,0.0,280.1
2684,O001160,P0084,3,503.98,0.0,1511.94
2685,O001161,P0039,2,740.71,0.1,1333.28
2686,O001162,P0025,1,280.78,0.0,280.78
2687,O001162,P0020,2,2454.98,0.1,4418.96
2688,O001162,P0045,2,1023.62,0.1,1842.52
2689,O001163,P0008,2,2423.63,0.05,4604.9
2690,O001163,P0016,2,3359.0,0.0,6718.0
2691,O001163,P0067,4,235.9,0.15,802.06
2692,O001164,P0031,2,128.06,0.0,256.12
2693,O001164,P0061,4,129.67,0.15,440.88
2694,O001164,P0071,5,57.56,0.0,287.8
2695,O001165,P0086,4,196.34,0.1,706.82
2696,O001165,P0039,1,701.42,0.0,701.42
2697,O001165,P0034,3,310.36,0.0,931.08
2698,O001166,P0002,1,4233.69,0.15,3598.64
2699,O001166,P0039,1,690.71,0.0,690.71
2700,O001167,P0039,2,682.69,0.0,1365.38
2701,O001167,P0020,1,2252.53,0.0,2252.53
2702,O001167,P0080,2,119.95,0.0,239.9
2703,O001167,P0009,2,2247.11,0.05,4269.51
2704,O001168,P0087,4,178.9,0.0,715.6
2705,O001168,P0008,2,2299.4,0.0,4598.8
2706,O001168,P0084,3,451.46,0.0,1354.38
2707,O001168,P0013,1,1470.67,0.0,1470.67
2708,O001169,P0020,2,2584.65,0.05,4910.84
2709,O001169,P0084,2,481.36,0.05,914.58
2710,O001169,P0005,1,381.84,0.0,381.84
2711,O001169,P0033,4,110.3,0.1,397.08
2712,O001170,P0084,3,478.16,0.0,1434.48
2713,O001170,P0053,3,68.77,0.1,185.68
2714,O001171,P0008,2,2204.27,0.15,3747.26
2715,O001171,P0045,2,1058.37,0.15,1799.23
2716,O001171,P0077,2,281.0,0.0,562.0
2717,O001171,P0025,1,281.32,0.05,267.25
2718,O001172,P0015,1,1418.31,0.1,1276.48
2719,O001172,P0031,4,129.16,0.0,516.64
2720,O001172,P0084,3,457.7,0.1,1235.79
2721,O001172,P0054,1,57.56,0.15,48.93
2722,O001173,P0055,3,802.58,0.0,2407.74
2723,O001174,P0080,1,132.05,0.0,132.05
2724,O001174,P0044,2,920.26,0.15,1564.44
2725,O001174,P0047,3,89.53,0.0,268.59
2726,O001175,P0005,3,423.97,0.2,1017.53
2727,O001175,P0008,1,2221.63,0.05,2110.55
2728,O001176,P0025,3,299.57,0.0,898.71
2729,O001176,P0084,1,458.02,0.0,458.02
2730,O001177,P0020,1,2551.12,0.15,2168.45
2731,O001177,P0039,1,752.64,0.0,752.64
2732,O001177,P0045,1,1093.32,0.0,1093.32
2733,O001177,P0054,4,62.95,0.0,251.8
2734,O001178,P0020,2,2595.35,0.0,5190.7
2735,O001178,P0021,2,2663.72,0.0,5327.44
2736,O001179,P0058,3,115.75,0.0,347.25
2737,O001179,P0084,1,507.71,0.0,507.71
2738,O001179,P0020,2,2255.52,0.2,3608.83
2739,O001179,P0087,3,204.12,0.1,551.12
2740,O001180,P0061,5,127.29,0.15,540.98
2741,O001180,P0021,2,2628.11,0.05,4993.41
2742,O001180,P0089,3,664.32,0.0,1992.96
2743,O001181,P0087,1,202.61,0.05,192.48
2744,O001181,P0020,1,2402.7,0.1,2162.43
2745,O001181,P0080,3,120.32,0.1,324.86
2746,O001182,P0077,1,303.31,0.0,303.31
2747,O001182,P0071,3,53.09,0.0,159.27
2748,O001182,P0034,1,288.71,0.0,288.71
2749,O001183,P0065,4,106.9,0.0,427.6
2750,O001183,P0023,2,3213.34,0.05,6105.35
2751,O001184,P0034,1,317.25,0.0,317.25
2752,O001184,P0080,2,117.83,0.0,235.66
2753,O001184,P0067,5,228.99,0.0,1144.95
2754,O001185,P0058,2,111.16,0.2,177.86
2755,O001185,P0032,4,118.06,0.0,472.24
2756,O001186,P0056,3,930.51,0.05,2651.95
2757,O001186,P0045,2,990.09,0.1,1782.16
2758,O001187,P0050,3,313.15,0.15,798.53
2759,O001187,P0080,2,129.81,0.05,246.64
2760,O001187,P0013,1,1408.7,0.0,1408.7
2761,O001188,P0043,3,1061.9,0.0,3185.7
2762,O001188,P0084,2,454.07,0.05,862.73
2763,O001188,P0033,1,118.2,0.0,118.2
2764,O001189,P0045,2,1055.31,0.2,1688.5
2765,O001189,P0086,3,197.11,0.0,591.33
2766,O001190,P0054,4,63.53,0.0,254.12
2767,O001190,P0032,3,122.99,0.0,368.97
2768,O001190,P0064,1,94.45,0.0,94.45
2769,O001191,P0008,1,2484.8,0.0,2484.8
2770,O001191,P0055,2,789.89,0.0,1579.78
2771,O001191,P0084,3,481.66,0.0,1444.98
2772,O001192,P0084,1,487.95,0.05,463.55
2773,O001192,P0020,2,2326.31,0.0,4652.62
2774,O001192,P0058,4,110.87,0.0,443.48
2775,O001192,P0029,2,2367.82,0.05,4498.86
2776,O001194,P0020,1,2249.46,0.0,2249.46
2777,O001194,P0043,3,919.96,0.0,2759.88
2778,O001194,P0050,2,300.8,0.2,481.28
2779,O001194,P0032,5,124.4,0.15,528.7
2780,O001195,P0080,5,129.44,0.0,647.2
2781,O001195,P0029,2,2476.45,0.05,4705.25
2782,O001195,P0077,1,302.58,0.15,257.19
2783,O001195,P0030,2,2451.31,0.0,4902.62
2784,O001196,P0016,2,3523.83,0.0,7047.66
2785,O001196,P0061,4,126.6,0.0,506.4
2786,O001196,P0044,2,989.43,0.0,1978.86
2787,O001196,P0045,3,1031.02,0.1,2783.75
2788,O001197,P0087,3,196.51,0.0,589.53
2789,O001198,P0039,1,717.84,0.0,717.84
2790,O001198,P0030,2,2539.9,0.0,5079.8
2791,O001199,P0080,5,120.16,0.05,570.76
2792,O001199,P0077,1,288.25,0.0,288.25
2793,O001200,P0045,2,997.88,0.0,1995.76
2794,O001202,P0086,3,211.29,0.0,633.87
2795,O001202,P0084,1,527.38,0.1,474.64
2796,O001203,P0020,2,2471.28,0.05,4695.43
2797,O001204,P0054,2,64.81,0.0,129.62
2798,O001204,P0084,1,493.75,0.0,493.75
2799,O001205,P0032,4,126.16,0.0,504.64
2800,O001205,P0012,4,114.5,0.0,458.0
2801,O001206,P0054,1,56.81,0.1,51.13
2802,O001207,P0008,1,2443.85,0.0,2443.85
2803,O001207,P0087,3,204.19,0.1,551.31
2804,O001207,P0032,1,110.08,0.05,104.58
2805,O001208,P0073,1,69.33,0.0,69.33
2806,O001208,P0077,2,302.91,0.05,575.53
2807,O001208,P0047,4,92.09,0.0,368.36
2808,O001209,P0045,1,1012.12,0.0,1012.12
2809,O001209,P0080,2,117.06,0.05,222.41
2810,O001209,P0044,1,964.68,0.05,916.45
2811,O001210,P0020,1,2481.45,0.05,2357.38
2812,O001211,P0045,1,1013.59,0.0,1013.59
2813,O001211,P0071,2,52.1,0.0,104.2
2814,O001211,P0058,3,106.18,0.0,318.54
2815,O001211,P0080,1,128.53,0.05,122.1
2816,O001212,P0065,2,95.7,0.0,191.4
2817,O001212,P0013,3,1515.52,0.0,4546.56
2818,O001213,P0022,2,3245.35,0.15,5517.09
2819,O001214,P0057,1,894.89,0.0,894.89
2820,O001214,P0084,3,488.28,0.0,1464.84
2821,O001214,P0061,3,124.75,0.0,374.25
2822,O001215,P0039,2,658.9,0.0,1317.8
2823,O001215,P0054,2,58.17,0.05,110.52
2824,O001216,P0053,2,67.83,0.0,135.66
2825,O001216,P0032,5,127.41,0.0,637.05
2826,O001216,P0052,4,56.22,0.0,224.88
2827,O001216,P0002,2,3823.65,0.05,7264.94
2828,O001217,P0055,1,734.51,0.0,734.51
2829,O001219,P0022,2,2980.62,0.0,5961.24
2830,O001219,P0039,3,759.99,0.2,1823.98
2831,O001219,P0020,1,2482.55,0.1,2234.3
2832,O001220,P0020,2,2586.31,0.15,4396.73
2833,O001220,P0049,3,299.81,0.05,854.46
2834,O001221,P0077,1,281.54,0.1,253.39
2835,O001221,P0071,1,49.42,0.0,49.42
2836,O001221,P0039,2,729.86,0.05,1386.73
2837,O001221,P0080,4,117.14,0.0,468.56
2838,O001222,P0087,3,183.07,0.0,549.21
2839,O001222,P0034,2,329.18,0.0,658.36
2840,O001223,P0084,3,522.05,0.05,1487.84
2841,O001223,P0077,1,307.66,0.2,246.13
2842,O001224,P0080,2,131.34,0.0,262.68
2843,O001224,P0045,2,1050.61,0.15,1786.04
2844,O001224,P0002,1,4019.53,0.15,3416.6
2845,O001224,P0087,1,193.36,0.05,183.69
2846,O001225,P0039,2,734.18,0.2,1174.69
2847,O001225,P0032,1,110.64,0.1,99.58
2848,O001225,P0086,5,187.06,0.15,795.0
2849,O001226,P0022,2,3083.33,0.05,5858.33
2850,O001226,P0055,3,720.47,0.0,2161.41
2851,O001226,P0084,1,510.92,0.0,510.92
2852,O001226,P0087,2,207.71,0.05,394.65
2853,O001228,P0020,2,2617.31,0.0,5234.62
2854,O001228,P0080,4,112.76,0.0,451.04
2855,O001228,P0074,3,69.26,0.0,207.78
2856,O001229,P0011,1,130.73,0.0,130.73
2857,O001229,P0054,1,57.56,0.2,46.05
2858,O001230,P0020,1,2448.86,0.0,2448.86
2859,O001230,P0034,3,322.96,0.0,968.88
2860,O001230,P0077,2,281.0,0.0,562.0
2861,O001231,P0020,2,2508.96,0.0,5017.92
2862,O001231,P0045,2,1107.07,0.1,1992.73
2863,O001232,P0084,3,467.75,0.0,1403.25
2864,O001233,P0071,1,50.96,0.0,50.96
2865,O001233,P0054,3,60.45,0.1,163.22
2866,O001233,P0040,1,430.94,0.2,344.75
2867,O001234,P0020,2,2310.22,0.0,4620.44
2868,O001234,P0077,2,293.34,0.0,586.68
2869,O001234,P0003,1,4408.91,0.0,4408.91
2870,O001235,P0039,1,674.13,0.05,640.42
2871,O001236,P0039,3,665.05,0.0,1995.15
2872,O001236,P0020,1,2250.86,0.0,2250.86
2873,O001237,P0045,2,1021.08,0.15,1735.84
2874,O001238,P0016,2,3541.46,0.0,7082.92
2875,O001238,P0080,5,127.6,0.1,574.2
2876,O001238,P0050,2,300.3,0.0,600.6
2877,O001238,P0065,3,103.41,0.1,279.21
2878,O001240,P0034,3,296.31,0.05,844.48
2879,O001240,P0016,1,3284.89,0.1,2956.4
2880,O001240,P0044,1,941.99,0.0,941.99
2881,O001241,P0032,5,114.43,0.1,514.94
2882,O001241,P0025,1,314.13,0.0,314.13
2883,O001242,P0054,2,61.41,0.1,110.54
2884,O001242,P0055,2,797.33,0.0,1594.66
2885,O001243,P0025,1,300.76,0.0,300.76
2886,O001243,P0012,1,132.11,0.0,132.11
2887,O001244,P0084,1,503.0,0.05,477.85
2888,O001244,P0080,5,124.29,0.1,559.31
2889,O001244,P0020,1,2427.26,0.0,2427.26
2890,O001245,P0084,3,493.27,0.05,1405.82
2891,O001245,P0052,2,64.77,0.0,129.54
2892,O001247,P0008,1,2459.25,0.0,2459.25
2893,O001248,P0039,2,756.91,0.2,1211.06
2894,O001249,P0039,2,680.0,0.05,1292.0
2895,O001250,P0012,1,128.5,0.0,128.5
2896,O001250,P0080,4,124.57,0.05,473.37
2897,O001250,P0039,1,672.43,0.05,638.81
2898,O001250,P0063,1,109.44,0.05,103.97
2899,O001251,P0020,2,2440.98,0.0,4881.96
2900,O001251,P0080,1,130.99,0.05,124.44
2901,O001252,P0058,1,101.41,0.0,101.41
2902,O001252,P0080,1,130.12,0.15,110.6
2903,O001253,P0055,2,748.6,0.2,1197.76
2904,O001253,P0080,1,122.56,0.0,122.56
2905,O001253,P0032,1,117.07,0.0,117.07
2906,O001254,P0061,5,136.71,0.0,683.55
2907,O001255,P0020,1,2444.98,0.0,2444.98
2908,O001256,P0077,3,313.08,0.0,939.24
2909,O001256,P0087,4,179.06,0.2,572.99
2910,O001256,P0020,1,2526.41,0.2,2021.13
2911,O001256,P0054,2,63.6,0.0,127.2
2912,O001257,P0013,3,1343.18,0.05,3828.06
2913,O001258,P0039,1,691.35,0.15,587.65
2914,O001258,P0084,3,455.84,0.0,1367.52
2915,O001258,P0045,1,1014.87,0.0,1014.87
2916,O001258,P0054,4,63.44,0.1,228.38
2917,O001259,P0016,2,3477.54,0.1,6259.57
2918,O001259,P0077,2,311.89,0.1,561.4
2919,O001260,P0084,1,482.22,0.05,458.11
2920,O001260,P0054,2,59.28,0.0,118.56
2921,O001260,P0039,3,742.38,0.15,1893.07
2922,O001261,P0008,1,2381.49,0.1,2143.34
2923,O001262,P0058,4,107.04,0.15,363.94
2924,O001262,P0087,3,187.12,0.0,561.36
2925,O001264,P0025,1,300.2,0.0,300.2
2926,O001265,P0087,5,199.19,0.05,946.15
2927,O001265,P0086,5,199.99,0.05,949.95
2928,O001266,P0084,1,490.58,0.0,490.58
2929,O001267,P0013,2,1526.56,0.0,3053.12
2930,O001268,P0020,2,2611.61,0.0,5223.22
2931,O001268,P0052,3,57.99,0.05,165.27
2932,O001268,P0057,3,923.25,0.0,2769.75
2933,O001268,P0077,2,311.25,0.0,622.5
2934,O001269,P0058,1,110.42,0.0,110.42
2935,O001269,P0045,2,953.03,0.0,1906.06
2936,O001270,P0003,2,4272.14,0.0,8544.28
2937,O001270,P0058,1,106.43,0.0,106.43
2938,O001270,P0071,1,57.19,0.1,51.47
2939,O001270,P0047,4,86.15,0.0,344.6
2940,O001271,P0057,3,845.13,0.0,2535.39
2941,O001271,P0026,3,293.45,0.0,880.35
2942,O001271,P0084,2,459.85,0.05,873.72
2943,O001272,P0087,5,192.66,0.1,866.97
2944,O001273,P0058,2,100.2,0.1,180.36
2945,O001273,P0039,3,714.02,0.0,2142.06
2946,O001273,P0054,3,59.51,0.0,178.53
2947,O001274,P0020,1,2549.61,0.0,2549.61
2948,O001274,P0073,5,66.69,0.05,316.78
2949,O001274,P0012,4,125.78,0.0,503.12
2950,O001274,P0015,1,1339.38,0.0,1339.38
2951,O001275,P0012,5,130.05,0.0,650.25
2952,O001275,P0034,3,312.82,0.0,938.46
2953,O001275,P0020,1,2322.6,0.05,2206.47
2954,O001275,P0058,3,110.6,0.15,282.03
2955,O001276,P0058,4,102.95,0.15,350.03
2956,O001276,P0032,3,119.05,0.2,285.72
2957,O001277,P0020,1,2531.34,0.0,2531.34
2958,O001277,P0058,2,105.74,0.0,211.48
2959,O001277,P0041,2,428.97,0.0,857.94
2960,O001278,P0039,1,667.38,0.0,667.38
2961,O001278,P0055,3,716.36,0.15,1826.72
2962,O001278,P0080,5,119.08,0.05,565.63
2963,O001278,P0012,5,115.91,0.1,521.6
2964,O001279,P0084,3,500.28,0.0,1500.84
2965,O001280,P0020,1,2519.98,0.1,2267.98
2966,O001280,P0008,1,2527.11,0.1,2274.4
2967,O001280,P0050,2,282.52,0.1,508.54
2968,O001280,P0032,4,116.5,0.0,466.0
2969,O001281,P0008,1,2188.12,0.0,2188.12
2970,O001281,P0020,1,2324.73,0.05,2208.49
2971,O001281,P0084,1,528.35,0.0,528.35
2972,O001281,P0057,1,881.19,0.0,881.19
2973,O001282,P0030,1,2405.3,0.1,2164.77
2974,O001283,P0064,5,108.67,0.0,543.35
2975,O001285,P0012,4,125.04,0.1,450.14
2976,O001286,P0012,4,127.8,0.0,511.2
2977,O001286,P0016,2,3147.23,0.0,6294.46
2978,O001286,P0080,2,120.44,0.0,240.88
2979,O001286,P0084,2,466.39,0.0,932.78
2980,O001287,P0039,1,661.01,0.0,661.01
2981,O001287,P0063,3,120.6,0.0,361.8
2982,O001287,P0016,1,3115.53,0.0,3115.53
2983,O001288,P0020,2,2451.49,0.0,4902.98
2984,O001288,P0044,1,1026.68,0.15,872.68
2985,O001288,P0087,1,206.29,0.15,175.35
2986,O001289,P0080,1,119.32,0.0,119.32
2987,O001289,P0020,2,2415.87,0.0,4831.74
2988,O001290,P0026,2,320.02,0.1,576.04
2989,O001290,P0008,1,2257.02,0.0,2257.02
2990,O001290,P0020,1,2431.0,0.0,2431.0
2991,O001291,P0077,3,293.57,0.0,880.71
2992,O001292,P0020,2,2290.29,0.0,4580.58
2993,O001292,P0058,2,115.67,0.0,231.34
2994,O001292,P0056,2,826.58,0.0,1653.16
2995,O001293,P0054,2,59.21,0.0,118.42
2996,O001293,P0005,2,429.13,0.1,772.43
2997,O001293,P0080,4,122.56,0.0,490.24
2998,O001293,P0012,5,132.46,0.2,529.84
2999,O001294,P0071,5,53.9,0.05,256.02
3000,O001294,P0080,3,119.57,0.05,340.77
3001,O001295,P0084,2,451.51,0.0,903.02
3002,O001295,P0032,1,125.92,0.15,107.03
3003,O001295,P0054,4,60.96,0.0,243.84
3004,O001296,P0084,1,504.3,0.0,504.3
3005,O001296,P0054,2,61.78,0.0,123.56
3006,O001296,P0020,1,2505.34,0.05,2380.07
3007,O001296,P0053,3,66.11,0.1,178.5
3008,O001297,P0057,2,898.43,0.0,1796.86
3009,O001297,P0025,2,294.3,0.0,588.6
3010,O001298,P0030,1,2538.65,0.0,2538.65
3011,O001300,P0015,1,1475.08,0.0,1475.08
3012,O001300,P0034,2,296.81,0.0,593.62
3013,O001300,P0020,2,2570.11,0.05,4883.21
3014,O001301,P0013,3,1386.23,0.0,4158.69
3015,O001303,P0055,1,817.32,0.15,694.72
3016,O001304,P0020,1,2395.71,0.0,2395.71
3017,O001304,P0080,1,116.42,0.0,116.42
3018,O001304,P0032,1,124.16,0.05,117.95
3019,O001305,P0003,1,4589.71,0.0,4589.71
3020,O001306,P0022,2,3485.24,0.15,5924.91
3021,O001306,P0050,2,307.89,0.0,615.78
3022,O001306,P0054,2,64.26,0.0,128.52
3023,O001306,P0005,2,417.04,0.0,834.08
3024,O001307,P0087,4,203.81,0.0,815.24
3025,O001308,P0020,1,2577.04,0.1,2319.34
3026,O001308,P0077,2,301.77,0.05,573.36
3027,O001308,P0039,1,707.92,0.0,707.92
3028,O001308,P0067,4,266.36,0.1,958.9
3029,O001309,P0056,3,852.4,0.0,2557.2
3030,O001309,P0033,4,119.14,0.0,476.56
3031,O001309,P0084,1,495.52,0.05,470.74
3032,O001310,P0020,2,2534.67,0.0,5069.34
3033,O001311,P0005,3,384.92,0.0,1154.76
3034,O001312,P0055,1,815.13,0.0,815.13
3035,O001313,P0054,5,65.51,0.0,327.55
3036,O001313,P0020,2,2392.88,0.0,4785.76
3037,O001314,P0058,3,100.53,0.0,301.59
3038,O001314,P0077,1,296.73,0.05,281.89
3039,O001314,P0020,1,2411.0,0.1,2169.9
3040,O001314,P0087,5,197.02,0.0,985.1
3041,O001315,P0020,2,2447.58,0.1,4405.64
3042,O001315,P0071,2,50.68,0.0,101.36
3043,O001316,P0043,2,958.54,0.0,1917.08
3044,O001316,P0025,2,302.79,0.0,605.58
3045,O001317,P0039,3,743.13,0.05,2117.92
3046,O001318,P0020,2,2493.56,0.15,4239.05
3047,O001318,P0067,1,232.96,0.0,232.96
3048,O001319,P0054,5,64.11,0.05,304.52
3049,O001319,P0084,2,485.33,0.05,922.13
3050,O001319,P0020,2,2386.26,0.0,4772.52
3051,O001321,P0008,2,2555.15,0.0,5110.3
3052,O001322,P0030,2,2430.4,0.0,4860.8
3053,O001322,P0054,2,62.62,0.0,125.24
3054,O001322,P0084,3,505.32,0.0,1515.96
3055,O001322,P0080,5,123.76,0.0,618.8
3056,O001323,P0048,5,95.2,0.1,428.4
3057,O001324,P0049,3,284.7,0.15,725.98
3058,O001324,P0080,2,132.35,0.15,224.99
3059,O001324,P0025,2,303.0,0.1,545.4
3060,O001325,P0032,4,115.62,0.0,462.48
3061,O001325,P0039,3,702.64,0.0,2107.92
3062,O001325,P0084,2,509.82,0.2,815.71
3063,O001325,P0045,1,1077.25,0.05,1023.39
3064,O001326,P0080,5,118.6,0.05,563.35
3065,O001326,P0039,2,683.11,0.0,1366.22
3066,O001327,P0077,2,295.44,0.0,590.88
3067,O001327,P0054,2,59.51,0.0,119.02
3068,O001329,P0020,1,2319.29,0.1,2087.36
3069,O001330,P0055,1,827.38,0.2,661.9
3070,O001330,P0012,1,131.43,0.0,131.43
3071,O001330,P0020,2,2535.19,0.0,5070.38
3072,O001330,P0005,1,382.32,0.0,382.32
3073,O001331,P0005,1,375.31,0.0,375.31
3074,O001331,P0044,2,1032.11,0.0,2064.22
3075,O001331,P0054,2,57.82,0.05,109.86
3076,O001331,P0008,1,2353.69,0.0,2353.69
3077,O001332,P0021,2,2594.94,0.0,5189.88
3078,O001332,P0030,2,2444.57,0.15,4155.77
3079,O001333,P0045,1,967.76,0.0,967.76
3080,O001333,P0038,2,668.75,0.05,1270.62
3081,O001333,P0054,3,64.1,0.1,173.07
3082,O001333,P0012,1,124.84,0.1,112.36
3083,O001334,P0084,3,476.45,0.1,1286.42
3084,O001334,P0040,1,414.12,0.0,414.12
3085,O001334,P0012,1,119.7,0.0,119.7
3086,O001334,P0080,5,117.81,0.0,589.05
3087,O001335,P0080,4,126.14,0.0,504.56
3088,O001335,P0039,3,759.61,0.0,2278.83
3089,O001335,P0044,3,973.73,0.0,2921.19
3090,O001336,P0053,1,64.42,0.0,64.42
3091,O001337,P0058,2,100.9,0.0,201.8
3092,O001337,P0021,2,2477.56,0.15,4211.85
3093,O001337,P0045,2,954.29,0.0,1908.58
3094,O001337,P0077,3,270.14,0.0,810.42
3095,O001338,P0039,2,699.57,0.0,1399.14
3096,O001339,P0008,1,2385.05,0.1,2146.54
3097,O001339,P0054,2,64.97,0.15,110.45
3098,O001340,P0016,1,3585.95,0.1,3227.36
3099,O001340,P0050,1,316.81,0.0,316.81
3100,O001341,P0005,3,417.01,0.0,1251.03
3101,O001341,P0084,3,456.61,0.0,1369.83
3102,O001342,P0021,1,2475.56,0.0,2475.56
3103,O001343,P0016,2,3535.28,0.0,7070.56
3104,O001343,P0012,1,125.92,0.0,125.92
3105,O001343,P0038,2,673.2,0.0,1346.4
3106,O001344,P0084,3,527.08,0.0,1581.24
3107,O001344,P0012,3,125.64,0.0,376.92
3108,O001344,P0087,1,189.99,0.05,180.49
3109,O001345,P0073,2,72.68,0.0,145.36
3110,O001346,P0045,2,1022.09,0.0,2044.18
3111,O001347,P0047,4,83.92,0.2,268.54
3112,O001347,P0020,1,2364.42,0.0,2364.42
3113,O001347,P0053,4,65.87,0.1,237.13
3114,O001347,P0021,2,2597.96,0.1,4676.33
3115,O001348,P0045,3,1064.76,0.1,2874.85
3116,O001348,P0076,1,290.99,0.05,276.44
3117,O001348,P0077,2,270.18,0.1,486.32
3118,O001348,P0050,2,300.91,0.2,481.46
3119,O001349,P0080,1,116.21,0.05,110.4
3120,O001349,P0012,4,129.59,0.1,466.52
3121,O001349,P0008,2,2291.33,0.1,4124.39
3122,O001349,P0039,1,687.79,0.0,687.79
3123,O001350,P0013,3,1432.38,0.15,3652.57
3124,O001350,P0087,1,180.58,0.0,180.58
3125,O001350,P0084,1,521.07,0.05,495.02
3126,O001350,P0058,1,110.55,0.0,110.55
3127,O001351,P0071,3,55.06,0.0,165.18
3128,O001351,P0008,2,2422.47,0.0,4844.94
3129,O001352,P0045,1,962.01,0.0,962.01
3130,O001352,P0050,1,324.05,0.05,307.85
3131,O001353,P0087,3,178.61,0.1,482.25
3132,O001353,P0047,3,95.02,0.0,285.06
3133,O001354,P0047,2,82.39,0.0,164.78
3134,O001354,P0039,1,671.94,0.0,671.94
3135,O001354,P0026,1,313.26,0.15,266.27
3136,O001354,P0005,1,407.68,0.0,407.68
3137,O001355,P0077,1,280.03,0.0,280.03
3138,O001355,P0039,3,652.33,0.0,1956.99
3139,O001355,P0057,3,851.53,0.0,2554.59
3140,O001355,P0056,1,895.86,0.0,895.86
3141,O001356,P0020,1,2418.02,0.0,2418.02
3142,O001356,P0039,2,706.5,0.0,1413.0
3143,O001357,P0064,2,95.77,0.0,191.54
3144,O001357,P0047,2,82.93,0.0,165.86
3145,O001357,P0012,1,130.22,0.0,130.22
3146,O001358,P0032,5,114.22,0.15,485.44
3147,O001358,P0058,5,112.81,0.05,535.85
3148,O001358,P0045,3,1016.23,0.0,3048.69
3149,O001359,P0063,3,123.34,0.05,351.52
3150,O001359,P0041,1,419.46,0.0,419.46
3151,O001360,P0047,4,95.27,0.1,342.97
3152,O001361,P0020,1,2332.52,0.0,2332.52
3153,O001361,P0087,1,187.13,0.05,177.77
3154,O001361,P0084,1,527.98,0.0,527.98
3155,O001361,P0054,3,56.26,0.0,168.78
3156,O001362,P0020,1,2235.86,0.05,2124.07
3157,O001362,P0055,1,747.76,0.0,747.76
3158,O001362,P0057,2,853.27,0.0,1706.54
3159,O001362,P0080,3,125.27,0.0,375.81
3160,O001363,P0073,4,71.98,0.0,287.92
3161,O001363,P0020,1,2539.98,0.0,2539.98
3162,O001364,P0077,3,303.25,0.0,909.75
3163,O001365,P0012,2,132.84,0.0,265.68
3164,O001365,P0084,2,468.12,0.0,936.24
3165,O001366,P0058,3,114.43,0.15,291.8
3166,O001366,P0084,2,504.58,0.1,908.24
3167,O001367,P0073,1,73.54,0.2,58.83
3168,O001367,P0013,1,1424.76,0.0,1424.76
3169,O001368,P0018,2,3836.73,0.0,7673.46
3170,O001368,P0004,3,384.34,0.05,1095.37
3171,O001369,P0020,1,2577.04,0.0,2577.04
3172,O001370,P0080,5,115.02,0.0,575.1
3173,O001370,P0020,2,2483.26,0.0,4966.52
3174,O001370,P0039,3,684.52,0.0,2053.56
3175,O001371,P0015,1,1312.47,0.0,1312.47
3176,O001371,P0032,3,111.42,0.0,334.26
3177,O001371,P0039,2,742.17,0.0,1484.34
3178,O001371,P0034,3,285.66,0.0,856.98
3179,O001373,P0080,5,116.83,0.05,554.94
3180,O001373,P0084,2,466.14,0.05,885.67
3181,O001374,P0077,3,285.15,0.0,855.45
3182,O001374,P0020,1,2618.74,0.0,2618.74
3183,O001375,P0030,1,2347.89,0.0,2347.89
3184,O001375,P0053,1,66.07,0.1,59.46
3185,O001375,P0032,4,118.69,0.15,403.55
3186,O001376,P0053,1,68.66,0.05,65.23
3187,O001376,P0032,1,114.11,0.1,102.7
3188,O001376,P0033,2,106.82,0.0,213.64
3189,O001377,P0089,3,749.59,0.0,2248.77
3190,O001377,P0003,2,4425.84,0.0,8851.68
3191,O001377,P0084,3,494.53,0.15,1261.05
3192,O001378,P0013,1,1348.02,0.05,1280.62
3193,O001379,P0071,4,51.08,0.05,194.1
3194,O001380,P0039,2,728.77,0.05,1384.66
3195,O001380,P0087,2,190.09,0.0,380.18
3196,O001380,P0058,4,105.33,0.0,421.32
3197,O001380,P0009,1,2044.71,0.0,2044.71
3198,O001381,P0020,1,2495.31,0.15,2121.01
3199,O001381,P0016,1,3136.56,0.0,3136.56
3200,O001381,P0044,2,1000.12,0.05,1900.23
3201,O001382,P0071,2,55.39,0.05,105.24
3202,O001383,P0020,2,2500.84,0.15,4251.43
3203,O001383,P0053,3,64.13,0.0,192.39
3204,O001383,P0084,2,491.09,0.0,982.18
3205,O001383,P0005,3,406.97,0.0,1220.91
3206,O001384,P0058,1,112.79,0.2,90.23
3207,O001384,P0084,3,469.51,0.0,1408.53
3208,O001384,P0012,1,129.43,0.0,129.43
3209,O001385,P0045,2,1101.46,0.05,2092.77
3210,O001385,P0039,3,678.4,0.05,1933.44
3211,O001385,P0087,2,187.04,0.0,374.08
3212,O001386,P0009,1,1933.7,0.1,1740.33
3213,O001386,P0012,3,118.83,0.15,303.02
3214,O001386,P0037,1,732.48,0.0,732.48
3215,O001386,P0045,1,945.94,0.05,898.64
3216,O001387,P0005,1,427.18,0.0,427.18
3217,O001387,P0055,3,717.97,0.15,1830.82
3218,O001387,P0044,3,949.96,0.0,2849.88
3219,O001388,P0054,3,56.34,0.05,160.57
3220,O001388,P0032,1,119.54,0.0,119.54
3221,O001388,P0039,2,708.88,0.0,1417.76
3222,O001388,P0016,1,3579.48,0.0,3579.48
3223,O001389,P0071,2,50.94,0.0,101.88
3224,O001389,P0039,0,664.99,0.0,1329.98
3225,O001389,P0073,3,76.25,0.2,183.0
3226,O001390,P0005,2,401.42,0.05,762.7
3227,O001391,P0016,1,3389.63,0.0,3389.63
3228,O001392,P0045,2,1106.7,0.0,2213.4
3229,O001393,P0032,4,118.06,0.0,472.24
3230,O001393,P0071,5,54.03,0.0,270.15
3231,O001393,P0084,2,519.36,0.2,830.98
3232,O001393,P0041,1,453.52,0.1,408.17
3233,O001394,P0058,2,102.67,0.0,205.34
3234,O001394,P0023,2,2953.3,0.0,5906.6
3235,O001395,P0044,3,1024.45,0.0,3073.35
3236,O001396,P0039,1,753.53,0.2,602.82
3237,O001396,P0005,3,403.51,0.1,1089.48
3238,O001397,P0020,1,2564.71,0.0,2564.71
3239,O001398,P0084,2,471.49,0.0,942.98
3240,O001399,P0044,1,983.85,0.1,885.46
3241,O001399,P0054,4,59.19,0.05,224.92
3242,O001399,P0045,3,1079.7,0.05,3077.14
3243,O001399,P0030,1,2412.26,0.0,2412.26
3244,O001400,P0054,5,63.8,0.0,319.0
3245,O001400,P0050,3,314.38,0.05,895.98
3246,O001400,P0030,2,2460.18,0.1,4428.32
3247,O001400,P0008,1,2510.05,0.0,2510.05
3248,O001401,P0005,2,418.51,0.1,753.32
3249,O001401,P0063,3,122.62,0.0,367.86
3250,O001401,P0039,1,762.07,0.0,762.07
3251,O001402,P0039,2,758.95,0.0,1517.9
3252,O001403,P0012,3,126.27,0.1,340.93
3253,O001403,P0020,1,2322.48,0.0,2322.48
3254,O001403,P0054,1,64.96,0.0,64.96
3255,O001403,P0032,2,111.61,0.0,223.22
3256,O001404,P0044,2,963.25,0.0,1926.5
3257,O001404,P0021,2,2631.9,0.05,5000.61
3258,O001405,P0050,3,325.3,0.0,975.9
3259,O001406,P0039,2,665.92,0.0,1331.84
3260,O001406,P0058,3,112.27,0.05,319.97
3261,O001406,P0020,2,2489.34,0.0,4978.68
3262,O001407,P0050,3,282.05,0.0,846.15
3263,O001408,P0012,2,121.88,0.0,243.76
3264,O001408,P0084,2,478.85,0.0,957.7
3265,O001409,P0020,1,2378.88,0.0,2378.88
3266,O001409,P0008,2,2432.28,0.0,4864.56
3267,O001409,P0077,3,281.85,0.0,845.55
3268,O001409,P0054,2,61.61,0.0,123.22
3269,O001410,P0053,1,70.13,0.0,70.13
3270,O001411,P0055,1,720.45,0.0,720.45
3271,O001412,P0071,3,55.72,0.0,167.16
3272,O001413,P0034,3,326.84,0.1,882.47
3273,O001413,P0040,1,401.0,0.0,401.0
3274,O001413,P0054,2,58.37,0.0,116.74
3275,O001413,P0032,1,125.38,0.05,119.11
3276,O001414,P0050,3,302.94,0.0,908.82
3277,O001414,P0063,2,106.08,0.0,212.16
3278,O001415,P0084,3,453.17,0.05,1291.53
3279,O001415,P0054,4,64.65,0.05,245.67
3280,O001417,P0032,4,127.77,0.0,511.08
3281,O001417,P0039,3,739.48,0.05,2107.52
3282,O001418,P0020,1,2284.88,0.0,2284.88
3283,O001418,P0016,1,3412.84,0.0,3412.84
3284,O001418,P0034,2,296.44,0.0,592.88
3285,O001419,P0080,3,123.86,0.0,371.58
3286,O001419,P0054,1,62.6,0.0,62.6
3287,O001420,P0084,1,514.32,0.0,514.32
3288,O001420,P0005,3,393.15,0.05,1120.48
3289,O001420,P0030,2,2515.27,0.1,4527.49
3290,O001421,P0055,3,715.99,0.05,2040.57
3291,O001421,P0054,3,61.15,0.1,165.1
3292,O001421,P0087,2,182.89,0.05,347.49
3293,O001422,P0084,2,468.09,0.0,936.18
3294,O001422,P0008,1,2395.35,0.0,2395.35
3295,O001423,P0015,3,1353.46,0.0,4060.38
3296,O001423,P0005,2,409.86,0.2,655.78
3297,O001424,P0037,3,707.79,0.0,2123.37
3298,O001424,P0008,2,2320.36,0.0,4640.72
3299,O001424,P0084,2,471.85,0.0,943.7
3300,O001424,P0052,2,63.4,0.2,101.44
3301,O001425,P0080,1,122.91,0.0,122.91
3302,O001425,P0032,4,125.58,0.0,502.32
3303,O001426,P0020,1,2574.04,0.0,2574.04
3304,O001427,P0020,2,2608.25,0.15,4434.02
3305,O001427,P0032,3,118.58,0.15,302.38
3306,O001427,P0058,2,108.12,0.0,216.24
3307,O001427,P0028,1,2509.19,0.05,2383.73
3308,O001428,P0050,3,310.18,0.0,930.54
3309,O001430,P0058,5,107.89,0.05,512.48
3310,O001430,P0080,5,119.86,0.0,599.3
3311,O001430,P0071,1,50.53,0.1,45.48
3312,O001431,P0084,2,515.58,0.0,1031.16
3313,O001432,P0008,1,2403.15,0.1,2162.84
3314,O001432,P0021,2,2374.32,0.2,3798.91
3315,O001432,P0005,3,406.95,0.05,1159.81
3316,O001432,P0045,3,1021.54,0.0,3064.62
3317,O001433,P0038,2,612.61,0.0,1225.22
3318,O001434,P0065,1,98.37,0.2,78.7
3319,O001434,P0020,2,2376.21,0.2,3801.94
3320,O001435,P0009,1,2220.06,0.05,2109.06
3321,O001435,P0020,2,2236.91,0.1,4026.44
3322,O001436,P0080,5,131.89,0.0,659.45
3323,O001436,P0020,1,2323.68,0.2,1858.94
3324,O001437,P0015,3,1430.2,0.0,4290.6
3325,O001437,P0039,3,712.91,0.05,2031.79
3326,O001437,P0032,3,112.7,0.1,304.29
3327,O001438,P0086,3,187.32,0.2,449.57
3328,O001438,P0032,5,118.2,0.0,591.0
3329,O001438,P0084,3,513.88,0.0,1541.64
3330,O001439,P0039,2,764.45,0.0,1528.9
3331,O001439,P0020,1,2459.07,0.1,2213.16
3332,O001439,P0008,1,2284.24,0.1,2055.82
3333,O001440,P0077,1,312.26,0.1,281.03
3334,O001440,P0084,3,506.77,0.1,1368.28
3335,O001440,P0005,3,373.55,0.0,1120.65
3336,O001440,P0039,1,744.46,0.0,744.46
3337,O001441,P0077,3,306.51,0.0,919.53
3338,O001441,P0020,2,2314.03,0.1,4165.25
3339,O001441,P0055,1,794.16,0.1,714.74
3340,O001442,P0005,2,370.52,0.0,741.04
3341,O001442,P0048,2,103.15,0.05,195.98
3342,O001442,P0034,2,330.22,0.1,594.4
3343,O001442,P0058,5,105.02,0.15,446.34
3344,O001443,P0084,3,482.95,0.0,1448.85
3345,O001444,P0012,4,125.71,0.0,502.84
3346,O001444,P0080,3,118.19,0.0,354.57
3347,O001445,P0005,1,409.33,0.0,409.33
3348,O001446,P0040,1,416.68,0.2,333.34
3349,O001447,P0039,1,659.37,0.0,659.37
3350,O001447,P0071,1,51.66,0.0,51.66
3351,O001447,P0020,1,2281.91,0.15,1939.62
3352,O001448,P0022,2,3456.48,0.0,6912.96
3353,O001448,P0064,5,97.72,0.15,415.31
3354,O001449,P0071,5,54.45,0.0,272.25
3355,O001449,P0053,1,65.73,0.0,65.73
3356,O001449,P0015,1,1392.67,0.0,1392.67
3357,O001450,P0041,1,443.29,0.1,398.96
3358,O001450,P0022,1,3381.02,0.05,3211.97
3359,O001450,P0053,4,70.92,0.05,269.5
3360,O001450,P0039,1,708.69,0.0,708.69
3361,O001451,P0082,2,465.27,0.0,930.54
3362,O001452,P0039,3,761.35,0.0,2284.05
3363,O001452,P0050,1,320.41,0.2,256.33
3364,O001452,P0020,2,2389.85,0.0,4779.7
3365,O001453,P0077,2,294.03,0.05,558.66
3366,O001453,P0054,4,59.58,0.0,238.32
3367,O001453,P0025,1,295.47,0.0,295.47
3368,O001453,P0045,3,992.12,0.1,2678.72
3369,O001454,P0013,3,1472.55,0.0,4417.65
3370,O001456,P0018,1,3546.9,0.0,3546.9
3371,O001456,P0020,1,2481.51,0.1,2233.36
3372,O001457,P0039,1,719.75,0.1,647.78
3373,O001458,P0054,2,56.09,0.0,112.18
3374,O001459,P0054,5,64.31,0.2,257.24
3375,O001459,P0033,3,106.31,0.15,271.09
3376,O001459,P0020,2,2540.19,0.0,5080.38
3377,O001459,P0084,3,463.96,0.0,1391.88
3378,O001460,P0061,1,130.82,0.0,130.82
3379,O001460,P0084,1,471.91,0.0,471.91
3380,O001460,P0020,1,2338.23,0.0,2338.23
3381,O001461,P0012,2,130.96,0.0,261.92
3382,O001461,P0005,2,417.13,0.0,834.26
3383,O001461,P0039,1,756.07,0.0,756.07
3384,O001461,P0054,2,56.61,0.2,90.58
3385,O001462,P0039,1,652.71,0.0,652.71
3386,O001462,P0080,3,117.98,0.0,353.94
3387,O001462,P0005,1,410.51,0.05,389.98
3388,O001462,P0016,2,3298.1,0.05,6266.39
3389,O001463,P0045,2,1046.68,0.0,2093.36
3390,O001464,P0025,2,279.84,0.15,475.73
3391,O001464,P0054,1,65.43,0.0,65.43
3392,O001464,P0021,2,2476.29,0.2,3962.06
3393,O001464,P0002,1,4381.44,0.0,4381.44
3394,O001465,P0071,2,56.22,0.0,112.44
3395,O001465,P0073,2,73.88,0.0,147.76
3396,O001465,P0054,5,60.29,0.0,301.45
3397,O001466,P0084,1,475.13,0.05,451.37
3398,O001467,P0039,1,653.44,0.0,653.44
3399,O001467,P0054,1,63.11,0.15,53.64
3400,O001467,P0077,3,292.59,0.1,789.99
3401,O001467,P0084,1,477.05,0.0,477.05
3402,O001468,P0020,2,2333.77,0.05,4434.16
3403,O001468,P0087,3,186.0,0.0,558.0
3404,O001469,P0039,1,722.52,0.0,722.52
3405,O001469,P0045,1,985.87,0.0,985.87
3406,O001469,P0032,2,118.09,0.0,236.18
3407,O001469,P0057,3,930.25,0.0,2790.75
3408,O001470,P0032,3,116.05,0.05,330.74
3409,O001470,P0020,2,2429.65,0.0,4859.3
3410,O001470,P0087,3,201.7,0.0,605.1
3411,O001470,P0003,1,4485.57,0.0,4485.57
3412,O001471,P0077,2,299.93,0.0,599.86
3413,O001472,P0039,2,676.02,0.0,1352.04
3414,O001473,P0071,1,53.49,0.0,53.49
3415,O001473,P0080,4,129.76,0.0,519.04
3416,O001473,P0020,2,2420.11,0.0,4840.22
3417,O001474,P0013,1,1458.22,0.05,1385.31
3418,O001474,P0054,4,56.34,0.15,191.56
3419,O001474,P0034,3,315.91,0.0,947.73
3420,O001474,P0039,2,675.09,0.0,1350.18
3421,O001475,P0005,1,385.65,0.2,308.52
3422,O001475,P0020,2,2576.26,0.0,5152.52
3423,O001475,P0039,1,737.76,0.15,627.1
3424,O001476,P0044,2,927.6,0.0,1855.2
3425,O001476,P0054,4,64.07,0.0,256.28
3426,O001476,P0087,3,197.9,0.0,593.7
3427,O001477,P0008,2,2519.03,0.0,5038.06
3428,O001477,P0080,3,112.78,0.15,287.59
3429,O001477,P0002,2,4138.32,0.0,8276.64
3430,O001478,P0020,2,2500.41,0.0,5000.82
3431,O001478,P0016,2,3571.03,0.0,7142.06
3432,O001478,P0008,2,2549.83,0.0,5099.66
3433,O001478,P0045,2,1065.05,0.0,2130.1
3434,O001480,P0012,4,123.7,0.05,470.06
3435,O001480,P0047,1,92.62,0.0,92.62
3436,O001480,P0015,3,1406.89,0.05,4009.64
3437,O001481,P0015,1,1365.18,0.2,1092.14
3438,O001481,P0077,2,316.75,0.0,633.5
3439,O001481,P0054,1,60.68,0.0,60.68
3440,O001481,P0016,1,3531.86,0.0,3531.86
3441,O001482,P0005,2,383.63,0.0,767.26
3442,O001482,P0008,2,2505.54,0.1,4509.97
3443,O001483,P0054,1,65.7,0.0,65.7
3444,O001483,P0005,2,405.62,0.0,811.24
3445,O001484,P0054,2,64.23,0.1,115.61
3446,O001484,P0080,1,123.17,0.0,123.17
3447,O001484,P0071,4,56.03,0.0,224.12
3448,O001485,P0087,3,180.33,0.0,540.99
3449,O001485,P0020,2,2340.06,0.1,4212.11
3450,O001485,P0039,3,712.63,0.0,2137.89
3451,O001486,P0039,3,708.62,0.0,2125.86
3452,O001486,P0022,1,3352.62,0.0,3352.62
3453,O001486,P0054,5,57.77,0.0,288.85
3454,O001487,P0087,2,193.2,0.1,347.76
3455,O001487,P0012,3,114.02,0.0,342.06
3456,O001487,P0054,2,63.88,0.0,127.76
3457,O001489,P0071,3,53.18,0.0,159.54
3458,O001490,P0052,5,56.39,0.0,281.95
3459,O001490,P0054,5,65.64,0.0,328.2
3460,O001490,P0020,1,2381.7,0.0,2381.7
3461,O001490,P0087,1,178.81,0.0,178.81
3462,O001491,P0039,2,764.08,0.0,1528.16
3463,O001492,P0080,3,126.76,0.2,304.22
3464,O001492,P0020,1,2443.23,0.0,2443.23
3465,O001493,P0073,1,67.49,0.0,67.49
3466,O001493,P0020,1,2396.34,0.1,2156.71
3467,O001494,P0008,2,2243.75,0.0,4487.5
3468,O001494,P0058,5,116.43,0.1,523.94
3469,O001494,P0080,2,131.05,0.0,262.1
3470,O001496,P0016,2,3614.52,0.0,7229.04
3471,O001496,P0074,2,74.42,0.2,119.07
3472,O001496,P0009,2,1960.04,0.0,3920.08
3473,O001496,P0080,3,123.98,0.05,353.34
3474,O001497,P0053,5,68.51,0.0,342.55
3475,O001497,P0022,1,3464.1,0.0,3464.1
3476,O001497,P0009,1,2186.27,0.05,2076.96
3477,O001498,P0084,1,501.44,0.0,501.44
3478,O001498,P0052,3,65.3,0.0,195.9
3479,O001499,P0080,1,113.37,0.0,113.37
3480,O001499,P0012,3,127.26,0.0,381.78
3481,O001499,P0039,2,743.05,0.0,1486.1
3482,O001499,P0084,1,466.13,0.05,442.82
3483,O001500,P0002,2,4268.29,0.05,8109.75
3484,O001500,P0050,2,287.82,0.0,575.64
3485,O001500,P0008,2,2351.46,0.05,4467.77
3486,O001500,P0084,2,472.06,0.15,802.5
3487,O001501,P0008,2,2346.82,0.1,4224.28
3488,O001501,P0022,2,3429.14,0.0,6858.28
3489,O001501,P0039,3,651.23,0.05,1856.01
3490,O001501,P0032,2,128.43,0.0,256.86
3491,O001502,P0087,5,197.76,0.1,889.92
3492,O001502,P0055,2,794.12,0.0,1588.24
3493,O001503,P0071,5,50.05,0.0,250.25
3494,O001503,P0022,1,3216.26,0.2,2573.01
3495,O001503,P0045,2,1086.99,0.0,2173.98
3496,O001503,P0054,1,58.05,0.0,58.05
3497,O001505,P0047,1,86.19,0.0,86.19
3498,O001505,P0084,2,462.53,0.05,878.81
3499,O001505,P0071,1,54.07,0.0,54.07
3500,O001505,P0021,2,2665.08,0.0,5330.16
3501,O001506,P0020,1,2556.43,0.0,2556.43
3502,O001506,P0032,5,120.56,0.1,542.52
3503,O001507,P0039,2,753.46,0.05,1431.57
3504,O001508,P0016,2,3454.93,0.0,6909.86
3505,O001508,P0020,1,2474.54,0.1,2227.09
3506,O001508,P0053,3,64.37,0.0,193.11
3507,O001508,P0054,5,56.59,0.0,282.95
3508,O001509,P0084,2,526.32,0.0,1052.64
3509,O001509,P0048,4,107.62,0.0,430.48
3510,O001509,P0053,3,71.76,0.1,193.75
3511,O001509,P0020,2,2268.48,0.05,4310.11
3512,O001510,P0008,1,2466.0,0.0,2466.0
3513,O001510,P0012,5,121.42,0.0,607.1
3514,O001510,P0050,1,300.25,0.0,300.25
3515,O001511,P0020,2,2405.44,0.0,4810.88
3516,O001511,P0050,2,313.3,0.0,626.6
3517,O001511,P0080,2,125.84,0.0,251.68
3518,O001512,P0044,3,919.02,0.2,2205.65
3519,O001512,P0058,4,111.4,0.1,401.04
3520,O001513,P0005,1,375.32,0.15,319.02
3521,O001513,P0014,1,1385.38,0.0,1385.38
3522,O001513,P0013,2,1398.47,0.0,2796.94
3523,O001514,P0084,3,458.08,0.0,1374.24
3524,O001514,P0080,3,120.8,0.0,362.4
3525,O001514,P0053,5,67.15,0.0,335.75
3526,O001515,P0008,1,2526.2,0.15,2147.27
3527,O001515,P0020,1,2457.65,0.0,2457.65
3528,O001516,P0021,2,2506.91,0.0,5013.82
3529,O001516,P0039,1,687.36,0.0,687.36
3530,O001516,P0050,1,327.13,0.0,327.13
3531,O001516,P0080,4,117.98,0.05,448.32
3532,O001517,P0084,3,512.4,0.05,1460.34
3533,O001518,P0086,5,202.3,0.0,1011.5
3534,O001518,P0053,5,71.67,0.0,358.35
3535,O001518,P0057,3,890.86,0.2,2138.06
3536,O001519,P0073,1,71.59,0.05,68.01
3537,O001519,P0054,5,65.54,0.0,327.7
3538,O001519,P0071,1,49.13,0.1,44.22
3539,O001519,P0077,1,272.07,0.05,258.47
3540,O001520,P0050,3,290.15,0.15,739.88
3541,O001521,P0016,2,3333.97,0.1,6001.15
3542,O001522,P0050,2,312.49,0.0,624.98
3543,O001522,P0005,3,371.39,0.0,1114.17
3544,O001522,P0039,3,655.01,0.0,1965.03
3545,O001523,P0041,1,428.5,0.0,428.5
3546,O001523,P0080,3,115.55,0.0,346.65
3547,O001523,P0022,1,3087.22,0.0,3087.22
3548,O001524,P0008,2,2391.52,0.0,4783.04
3549,O001524,P0065,2,96.31,0.05,182.99
3550,O001524,P0020,1,2617.33,0.0,2617.33
3551,O001525,P0050,3,306.31,0.0,918.93
3552,O001525,P0084,3,518.22,0.1,1399.19
3553,O001526,P0077,2,316.76,0.0,633.52
3554,O001526,P0008,1,2355.43,0.05,2237.66
3555,O001526,P0039,3,753.58,0.05,2147.7
3556,O001527,P0012,3,125.61,0.0,376.83
3557,O001528,P0086,1,203.47,0.0,203.47
3558,O001528,P0045,1,1088.89,0.15,925.56
3559,O001528,P0058,2,102.63,0.0,205.26
3560,O001529,P0086,3,186.64,0.0,559.92
3561,O001529,P0032,1,117.76,0.0,117.76
3562,O001529,P0028,1,2585.35,0.1,2326.82
3563,O001529,P0020,2,2560.22,0.0,5120.44
3564,O001530,P0080,3,116.32,0.0,348.96
3565,O001531,P0039,2,707.24,0.2,1131.58
3566,O001531,P0050,3,312.89,0.15,797.87
3567,O001531,P0005,3,419.02,0.0,1257.06
3568,O001532,P0087,4,199.58,0.0,798.32
3569,O001532,P0054,4,63.34,0.0,253.36
3570,O001532,P0077,1,292.77,0.0,292.77
3571,O001533,P0022,1,3195.64,0.0,3195.64
3572,O001534,P0084,3,459.58,0.0,1378.74
3573,O001534,P0012,3,115.47,0.05,329.09
3574,O001534,P0020,2,2373.02,0.0,4746.04
3575,O001535,P0005,3,404.96,0.15,1032.65
3576,O001535,P0080,1,127.49,0.05,121.12
3577,O001535,P0012,5,123.01,0.0,615.05
3578,O001536,P0030,1,2505.27,0.0,2505.27
3579,O001537,P0080,4,123.37,0.0,493.48
3580,O001537,P0005,2,396.74,0.0,793.48
3581,O001537,P0053,4,61.97,0.0,247.88
3582,O001538,P0061,1,140.4,0.0,140.4
3583,O001538,P0073,5,67.83,0.0,339.15
3584,O001538,P0015,3,1347.76,0.05,3841.12
3585,O001538,P0012,3,129.56,0.0,388.68
3586,O001539,P0048,5,101.44,0.0,507.2
3587,O001539,P0039,2,755.34,0.0,1510.68
3588,O001539,P0015,2,1409.83,0.1,2537.69
3589,O001540,P0053,4,64.19,0.0,256.76
3590,O001540,P0073,4,67.98,0.05,258.32
3591,O001540,P0020,2,2432.62,0.0,4865.24
3592,O001540,P0008,2,2413.77,0.1,4344.79
3593,O001541,P0012,2,121.65,0.0,243.3
3594,O001541,P0052,5,61.98,0.2,247.92
3595,O001542,P0020,1,2415.86,0.0,2415.86
3596,O001542,P0087,5,195.53,0.0,977.65
3597,O001543,P0045,3,1057.71,0.0,3173.13
3598,O001543,P0065,5,99.6,0.1,448.2
3599,O001543,P0071,5,50.01,0.05,237.55
3600,O001543,P0032,3,122.77,0.0,368.31
3601,O001545,P0054,3,64.06,0.0,192.18
3602,O001546,P0020,1,2269.94,0.0,2269.94
3603,O001546,P0039,2,716.92,0.05,1362.15
3604,O001547,P0020,1,2520.04,0.15,2142.03
3605,O001547,P0039,1,724.79,0.0,724.79
3606,O001547,P0080,1,128.49,0.0,128.49
3607,O001547,P0033,3,123.09,0.0,369.27
3608,O001548,P0054,0,56.98,0.1,205.13
3609,O001548,P0047,1,85.23,0.05,80.97
3610,O001548,P0055,3,738.93,0.0,2216.79
3611,O001549,P0012,1,124.06,0.05,117.86
3612,O001549,P0080,2,112.98,0.0,225.96
3613,O001549,P0054,3,59.46,0.0,178.38
3614,O001550,P0039,1,739.27,0.0,739.27
3615,O001550,P0064,3,94.99,0.1,256.47
3616,O001550,P0065,3,94.11,0.0,282.33
3617,O001552,P0039,2,692.04,0.2,1107.26
3618,O001552,P0047,2,84.81,0.0,169.62
3619,O001553,P0050,2,319.29,0.15,542.79
3620,O001554,P0039,2,716.91,0.15,1218.75
3621,O001556,P0087,1,208.0,0.0,208.0
3622,O001556,P0071,4,50.64,0.2,162.05
3623,O001556,P0039,3,652.6,0.05,1859.91
3624,O001556,P0054,4,60.53,0.0,242.12
3625,O001557,P0005,2,429.64,0.05,816.32
3626,O001558,P0080,1,123.64,0.15,105.09
3627,O001558,P0013,3,1524.24,0.0,4572.72
3628,O001558,P0054,2,64.71,0.0,129.42
3629,O001558,P0044,3,1039.54,0.0,3118.62
3630,O001559,P0054,3,64.52,0.05,183.88
3631,O001559,P0032,4,125.32,0.0,501.28
3632,O001559,P0080,2,116.68,0.2,186.69
3633,O001559,P0043,3,916.13,0.15,2336.13
3634,O001560,P0012,2,128.08,0.0,256.16
3635,O001560,P0039,2,736.96,0.05,1400.22
3636,O001561,P0074,2,75.06,0.0,150.12
3637,O001561,P0016,2,3525.99,0.0,7051.98
3638,O001561,P0087,3,187.57,0.0,562.71
3639,O001561,P0084,3,461.43,0.0,1384.29
3640,O001562,P0084,1,518.74,0.1,466.87
3641,O001562,P0087,1,182.6,0.05,173.47
3642,O001562,P0045,3,1017.43,0.0,3052.29
3643,O001562,P0058,2,114.96,0.0,229.92
3644,O001563,P0054,5,61.32,0.0,306.6
3645,O001563,P0043,3,1049.56,0.05,2991.25
3646,O001563,P0055,3,833.89,0.0,2501.67
3647,O001563,P0002,2,4251.01,0.0,8502.02
3648,O001564,P0045,3,977.4,0.0,2932.2
3649,O001565,P0077,1,306.24,0.1,275.62
3650,O001565,P0032,5,115.88,0.0,579.4
3651,O001565,P0058,5,107.48,0.05,510.53
3652,O001566,P0022,2,3262.28,0.0,6524.56
3653,O001566,P0020,1,2292.95,0.0,2292.95
3654,O001566,P0044,1,1042.71,0.0,1042.71
3655,O001567,P0052,5,61.97,0.0,309.85
3656,O001567,P0053,1,71.65,0.0,71.65
3657,O001567,P0015,2,1445.85,0.0,2891.7
3658,O001568,P0058,2,102.64,0.0,205.28
3659,O001569,P0009,2,2036.68,0.0,4073.36
3660,O001569,P0020,1,2531.07,0.15,2151.41
3661,O001569,P0045,3,1092.37,0.1,2949.4
3662,O001569,P0084,2,478.33,0.0,956.66
3663,O001570,P0077,3,279.92,0.0,839.76
3664,O001570,P0061,5,133.17,0.0,665.85
3665,O001570,P0039,2,733.15,0.05,1392.98
3666,O001571,P0073,5,74.38,0.0,371.9
3667,O001571,P0087,4,182.32,0.0,729.28
3668,O001571,P0008,1,2317.32,0.0,2317.32
3669,O001571,P0084,2,470.23,0.0,940.46
3670,O001572,P0016,1,3419.14,0.0,3419.14
3671,O001572,P0084,2,518.3,0.0,1036.6
3672,O001572,P0013,3,1386.0,0.2,3326.4
3673,O001572,P0045,1,1003.86,0.0,1003.86
3674,O001573,P0087,5,202.35,0.0,1011.75
3675,O001573,P0012,3,120.08,0.05,342.23
3676,O001573,P0050,2,310.87,0.2,497.39
3677,O001573,P0054,4,65.05,0.2,208.16
3678,O001574,P0005,1,398.43,0.0,398.43
3679,O001574,P0087,2,181.05,0.15,307.79
3680,O001574,P0053,2,67.33,0.1,121.19
3681,O001576,P0080,3,115.34,0.0,346.02
3682,O001576,P0016,1,3283.0,0.05,3118.85
3683,O001577,P0020,1,2243.17,0.0,2243.17
3684,O001577,P0034,3,308.27,0.05,878.57
3685,O001578,P0034,2,316.63,0.0,633.26
3686,O001578,P0050,3,316.89,0.0,950.67
3687,O001579,P0058,5,99.71,0.0,498.55
3688,O001579,P0055,1,792.09,0.15,673.28
3689,O001579,P0073,3,71.33,0.0,213.99
3690,O001580,P0025,2,306.68,0.0,613.36
3691,O001580,P0057,1,931.1,0.15,791.44
3692,O001581,P0034,3,299.55,0.05,853.72
3693,O001581,P0061,3,140.2,0.0,420.6
3694,O001582,P0005,2,410.06,0.05,779.11
3695,O001582,P0054,3,61.89,0.1,167.1
3696,O001582,P0033,1,115.91,0.1,104.32
3697,O001582,P0012,3,117.55,0.0,352.65
3698,O001583,P0020,1,2449.54,0.1,2204.59
3699,O001583,P0054,2,56.95,0.0,113.9
3700,O001584,P0005,3,383.13,0.0,1149.39
3701,O001585,P0045,3,952.21,0.0,2856.63
3702,O001585,P0012,5,132.06,0.05,627.28
3703,O001585,P0053,4,69.84,0.15,237.46
3704,O001585,P0033,3,116.36,0.2,279.26
3705,O001586,P0048,5,99.17,0.0,495.85
3706,O001586,P0012,5,125.49,0.0,627.45
3707,O001587,P0020,1,2262.7,0.0,2262.7
3708,O001587,P0005,3,423.55,0.0,1270.65
3709,O001588,P0054,5,65.64,0.05,311.79
3710,O001588,P0084,2,525.94,0.0,1051.88
3711,O001589,P0013,2,1350.25,0.0,2700.5
3712,O001589,P0084,1,472.18,0.0,472.18
3713,O001589,P0030,1,2215.23,0.0,2215.23
3714,O001591,P0020,1,2489.32,0.0,2489.32
3715,O001591,P0055,3,779.45,0.0,2338.35
3716,O001591,P0002,2,4113.87,0.0,8227.74
3717,O001593,P0032,2,119.29,0.1,214.72
3718,O001593,P0009,2,2182.13,0.1,3927.83
3719,O001593,P0034,2,296.88,0.0,593.76
3720,O001594,P0008,1,2211.52,0.05,2100.94
3721,O001594,P0080,1,113.39,0.0,113.39
3722,O001594,P0077,3,281.5,0.0,844.5
3723,O001595,P0005,1,371.0,0.15,315.35
3724,O001596,P0020,1,2414.75,0.0,2414.75
3725,O001596,P0054,1,65.51,0.0,65.51
3726,O001596,P0008,2,2258.11,0.0,4516.22
3727,O001596,P0050,2,316.37,0.1,569.47
3728,O001597,P0084,3,522.04,0.0,1566.12
3729,O001597,P0020,1,2345.87,0.0,2345.87
3730,O001597,P0080,5,127.32,0.0,636.6
3731,O001597,P0054,2,61.49,0.0,122.98
3732,O001598,P0008,1,2196.19,0.1,1976.57
3733,O001599,P0030,1,2371.28,0.0,2371.28
3734,O001600,P0045,2,1054.01,0.0,2108.02
3735,O001600,P0043,1,979.78,0.0,979.78
3736,O001601,P0087,3,200.99,0.15,512.52
3737,O001601,P0084,3,478.43,0.0,1435.29
3738,O001602,P0084,2,498.2,0.0,996.4
3739,O001603,P0052,3,57.77,0.0,173.31
3740,O001603,P0020,2,2257.1,0.0,4514.2
3741,O001603,P0045,2,1022.23,0.0,2044.46
3742,O001603,P0022,1,3252.21,0.15,2764.38
3743,O001604,P0028,1,2811.28,0.2,2249.02
3744,O001604,P0003,2,4582.16,0.0,9164.32
3745,O001605,P0077,3,296.37,0.0,889.11
3746,O001606,P0039,2,680.28,0.05,1292.53
3747,O001606,P0020,2,2307.74,0.0,4615.48
3748,O001606,P0077,2,311.15,0.0,622.3
3749,O001606,P0054,4,60.86,0.0,243.44
3750,O001607,P0020,1,2611.16,0.05,2480.6
3751,O001608,P0020,1,2522.18,0.0,2522.18
3752,O001608,P0009,1,2180.36,0.1,1962.32
3753,O001608,P0005,2,391.68,0.0,783.36
3754,O001608,P0087,2,179.41,0.0,358.82
3755,O001609,P0039,3,708.21,0.05,2018.4
3756,O001611,P0071,2,50.13,0.15,85.22
3757,O001611,P0005,2,374.63,0.0,749.26
3758,O001612,P0064,3,104.34,0.0,313.02
3759,O001612,P0020,2,2457.41,0.0,4914.82
3760,O001612,P0003,2,4596.49,0.0,9192.98
3761,O001612,P0055,2,755.08,0.0,1510.16
3762,O001613,P0016,2,3241.4,0.0,6482.8
3763,O001613,P0004,1,359.78,0.0,359.78
3764,O001613,P0055,1,752.53,0.05,714.9
3765,O001614,P0015,2,1342.32,0.2,2147.71
3766,O001614,P0012,5,132.83,0.0,664.15
3767,O001614,P0080,3,131.45,0.15,335.2
3768,O001615,P0087,1,188.77,0.0,188.77
3769,O001616,P0008,1,2192.73,0.05,2083.09
3770,O001616,P0054,5,60.65,0.0,303.25
3771,O001616,P0030,1,2459.38,0.05,2336.41
3772,O001616,P0025,1,307.66,0.0,307.66
3773,O001617,P0080,1,119.46,0.0,119.46
3774,O001617,P0045,1,955.55,0.0,955.55
3775,O001617,P0016,1,3378.21,0.0,3378.21
3776,O001617,P0050,2,306.79,0.0,613.58
3777,O001618,P0047,4,82.74,0.05,314.41
3778,O001618,P0012,5,113.9,0.0,569.5
3779,O001618,P0048,2,101.31,0.05,192.49
3780,O001619,P0032,2,126.57,0.1,227.83
3781,O001619,P0039,3,741.21,0.0,2223.63
3782,O001620,P0052,1,62.36,0.2,49.89
3783,O001620,P0048,3,96.5,0.15,246.08
3784,O001620,P0087,4,188.72,0.0,754.88
3785,O001620,P0065,2,96.59,0.0,193.18
3786,O001621,P0015,1,1423.88,0.0,1423.88
3787,O001621,P0020,2,2383.16,0.0,4766.32
3788,O001621,P0003,2,4929.81,0.0,9859.62
3789,O001622,P0044,3,1017.26,0.2,2441.42
3790,O001623,P0056,1,917.57,0.0,917.57
3791,O001624,P0016,1,3338.19,0.05,3171.28
3792,O001625,P0009,2,1959.11,0.0,3918.22
3793,O001625,P0005,3,400.64,0.05,1141.82
3794,O001625,P0032,4,116.52,0.0,466.08
3795,O001627,P0003,1,4957.1,0.0,4957.1
3796,O001627,P0080,1,117.84,0.05,111.95
3797,O001628,P0034,2,319.18,0.0,638.36
3798,O001628,P0054,2,57.75,0.0,115.5
3799,O001628,P0080,2,123.8,0.05,235.22
3800,O001628,P0079,2,137.44,0.1,247.39
3801,O001629,P0080,1,127.11,0.0,127.11
3802,O001630,P0039,2,761.68,0.0,1523.36
3803,O001630,P0012,3,128.44,0.1,346.79
3804,O001631,P0005,1,389.23,0.05,369.77
3805,O001631,P0080,4,132.31,0.0,529.24
3806,O001631,P0040,3,451.81,0.0,1355.43
3807,O001631,P0034,1,294.56,0.2,235.65
3808,O001632,P0080,1,113.63,0.05,107.95
3809,O001634,P0057,2,928.97,0.0,1857.94
3810,O001635,P0067,2,228.89,0.0,457.78
3811,O001636,P0044,1,962.75,0.0,962.75
3812,O001636,P0020,2,2327.01,0.05,4421.32
3813,O001636,P0058,3,104.74,0.0,314.22
3814,O001636,P0073,1,72.76,0.0,72.76
3815,O001637,P0045,1,1068.12,0.0,1068.12
3816,O001637,P0080,3,126.81,0.0,380.43
3817,O001637,P0054,3,64.23,0.0,192.69
3818,O001637,P0048,1,103.44,0.0,103.44
3819,O001638,P0048,5,106.54,0.1,479.43
3820,O001638,P0071,5,54.18,0.0,270.9
3821,O001638,P0045,3,1093.13,0.05,3115.42
3822,O001639,P0067,4,248.78,0.05,945.36
3823,O001642,P0059,5,107.92,0.05,512.62
3824,O001642,P0071,3,57.56,0.05,164.05
3825,O001643,P0005,2,427.89,0.0,855.78
3826,O001643,P0020,1,2564.29,0.15,2179.65
3827,O001643,P0061,3,120.22,0.0,360.66
3828,O001644,P0073,3,69.86,0.1,188.62
3829,O001644,P0084,2,524.11,0.0,1048.22
3830,O001644,P0045,3,1057.69,0.0,3173.07
3831,O001644,P0020,2,2276.23,0.0,4552.46
3832,O001645,P0012,2,116.7,0.05,221.73
3833,O001645,P0080,2,113.79,0.0,227.58
3834,O001645,P0084,3,497.36,0.15,1268.27
3835,O001645,P0005,1,407.51,0.0,407.51
3836,O001646,P0012,2,130.41,0.0,260.82
3837,O001646,P0005,3,407.59,0.05,1161.63
3838,O001647,P0034,1,285.07,0.05,270.82
3839,O001647,P0084,3,526.11,0.0,1578.33
3840,O001647,P0030,1,2249.47,0.0,2249.47
3841,O001647,P0020,1,2528.25,0.0,2528.25
3842,O001648,P0039,1,753.46,0.15,640.44
3843,O001648,P0005,3,373.35,0.0,1120.05
3844,O001648,P0053,4,66.28,0.05,251.86
3845,O001648,P0012,4,123.06,0.0,492.24
3846,O001649,P0054,1,56.13,0.0,56.13
3847,O001649,P0077,3,314.91,0.0,944.73
3848,O001650,P0039,2,664.41,0.0,1328.82
3849,O001651,P0084,3,500.45,0.0,1501.35
3850,O001651,P0054,4,65.35,0.0,261.4
3851,O001651,P0043,2,928.31,0.0,1856.62
3852,O001652,P0054,4,59.3,0.0,237.2
3853,O001652,P0044,3,949.39,0.15,2420.94
3854,O001653,P0020,2,2512.79,0.0,5025.58
3855,O001653,P0008,2,2333.48,0.0,4666.96
3856,O001653,P0015,1,1334.9,0.1,1201.41
3857,O001653,P0013,2,1421.36,0.05,2700.58
3858,O001654,P0080,1,122.84,0.0,122.84
3859,O001654,P0008,1,2467.61,0.05,2344.23
3860,O001654,P0077,2,309.51,0.0,619.02
3861,O001654,P0055,2,781.87,0.0,1563.74
3862,O001655,P0003,2,4926.12,0.0,9852.24
3863,O001655,P0020,1,2509.45,0.15,2133.03
3864,O001655,P0008,2,2483.64,0.0,4967.28
3865,O001655,P0039,1,652.85,0.0,652.85
3866,O001656,P0044,2,960.44,0.0,1920.88
3867,O001656,P0071,3,55.72,0.0,167.16
3868,O001657,P0077,1,283.12,0.0,283.12
3869,O001657,P0034,2,283.28,0.05,538.23
3870,O001658,P0054,2,57.61,0.0,115.22
3871,O001659,P0054,3,63.1,0.05,179.84
3872,O001659,P0049,1,272.11,0.1,244.9
3873,O001659,P0047,4,84.23,0.0,336.92
3874,O001659,P0008,2,2279.98,0.1,4103.96
3875,O001660,P0079,1,132.6,0.1,119.34
3876,O001660,P0054,4,62.25,0.0,249.0
3877,O001661,P0054,1,63.61,0.0,63.61
3878,O001661,P0055,3,823.61,0.0,2470.83
3879,O001661,P0009,1,2035.32,0.0,2035.32
3880,O001661,P0037,3,711.22,0.0,2133.66
3881,O001662,P0084,3,525.96,0.0,1577.88
3882,O001662,P0016,1,3364.95,0.0,3364.95
3883,O001662,P0086,1,199.83,0.0,199.83
3884,O001663,P0054,4,60.93,0.15,207.16
3885,O001663,P0045,3,974.19,0.0,2922.57
3886,O001664,P0073,4,69.57,0.0,278.28
3887,O001664,P0022,2,3355.63,0.0,6711.26
3888,O001665,P0050,2,291.35,0.0,582.7
3889,O001665,P0077,1,298.85,0.15,254.02
3890,O001665,P0084,3,526.45,0.15,1342.45
3891,O001665,P0012,3,123.02,0.0,369.06
3892,O001666,P0039,1,736.16,0.05,699.35
3893,O001666,P0084,3,493.35,0.0,1480.05
3894,O001667,P0032,5,112.72,0.0,563.6
3895,O001667,P0045,1,1088.66,0.0,1088.66
3896,O001668,P0022,2,3367.71,0.05,6398.65
3897,O001668,P0012,3,114.69,0.0,344.07
3898,O001669,P0054,2,57.88,0.0,115.76
3899,O001669,P0073,4,73.47,0.1,264.49
3900,O001669,P0087,4,187.58,0.1,675.29
3901,O001669,P0020,1,2241.54,0.2,1793.23
3902,O001670,P0020,1,2418.33,0.1,2176.5
3903,O001670,P0008,2,2223.85,0.1,4002.93
3904,O001670,P0039,1,659.84,0.2,527.87
3905,O001671,P0084,2,469.29,0.0,938.58
3906,O001671,P0025,2,288.94,0.0,577.88
3907,O001672,P0039,1,712.39,0.0,712.39
3908,O001672,P0008,1,2313.32,0.05,2197.65
3909,O001673,P0032,2,128.75,0.15,218.88
3910,O001674,P0020,2,2611.49,0.05,4961.83
3911,O001674,P0084,3,497.86,0.2,1194.86
3912,O001674,P0080,2,128.0,0.15,217.6
3913,O001674,P0005,1,402.24,0.0,402.24
3914,O001677,P0087,3,199.49,0.0,598.47
3915,O001677,P0067,2,249.27,0.05,473.61
3916,O001677,P0048,5,109.82,0.1,494.19
3917,O001677,P0012,1,123.9,0.15,105.32
3918,O001678,P0084,2,512.01,0.0,1024.02
3919,O001678,P0043,2,974.27,0.0,1948.54
3920,O001679,P0005,3,434.48,0.0,1303.44
3921,O001679,P0048,1,95.58,0.0,95.58
3922,O001680,P0020,2,2302.85,0.0,4605.7
3923,O001680,P0077,1,271.53,0.0,271.53
3924,O001680,P0054,2,62.38,0.0,124.76
3925,O001680,P0080,5,116.5,0.0,582.5
3926,O001681,P0044,2,1002.6,0.2,1604.16
3927,O001682,P0037,1,666.71,0.0,666.71
3928,O001682,P0013,1,1482.05,0.15,1259.74
3929,O001682,P0039,2,709.12,0.1,1276.42
3930,O001683,P0020,1,2470.69,0.0,2470.69
3931,O001683,P0013,3,1334.03,0.0,4002.09
3932,O001683,P0034,3,289.69,0.05,825.62
3933,O001683,P0071,1,56.66,0.0,56.66
3934,O001684,P0084,1,460.32,0.0,460.32
3935,O001684,P0003,2,4436.93,0.0,8873.86
3936,O001685,P0084,3,469.9,0.0,1409.7
3937,O001685,P0034,1,283.37,0.0,283.37
3938,O001686,P0020,1,2512.48,0.0,2512.48
3939,O001686,P0032,5,111.05,0.0,555.25
3940,O001686,P0073,1,74.71,0.0,74.71
3941,O001686,P0025,2,296.35,0.15,503.8
3942,O001687,P0015,2,1469.84,0.0,2939.68
3943,O001687,P0016,2,3421.65,0.0,6843.3
3944,O001688,P0020,1,2504.08,0.15,2128.47
3945,O001688,P0012,4,130.99,0.15,445.37
3946,O001688,P0009,2,2083.16,0.0,4166.32
3947,O001688,P0054,4,56.75,0.15,192.95
3948,O001689,P0013,1,1533.47,0.0,1533.47
3949,O001689,P0008,2,2405.05,0.0,4810.1
3950,O001689,P0020,2,2349.82,0.0,4699.64
3951,O001689,P0080,5,125.51,0.0,627.55
3952,O001690,P0080,5,119.43,0.0,597.15
3953,O001691,P0039,2,732.42,0.05,1391.6
3954,O001691,P0084,3,481.44,0.0,1444.32
3955,O001691,P0043,1,1036.2,0.0,1036.2
3956,O001691,P0067,3,247.5,0.0,742.5
3957,O001692,P0020,1,2403.26,0.0,2403.26
3958,O001692,P0057,3,860.74,0.2,2065.78
3959,O001692,P0054,2,58.24,0.0,116.48
3960,O001693,P0055,2,829.0,0.0,1658.0
3961,O001693,P0071,4,50.67,0.0,202.68
3962,O001693,P0034,2,288.37,0.0,576.74
3963,O001693,P0045,2,1070.07,0.15,1819.12
3964,O001694,P0086,5,198.8,0.2,795.2
3965,O001694,P0080,3,124.31,0.05,354.28
3966,O001694,P0045,2,1104.51,0.0,2209.02
3967,O001696,P0054,5,56.81,0.0,284.05
3968,O001697,P0084,2,523.89,0.0,1047.78
3969,O001697,P0020,2,2261.25,0.0,4522.5
3970,O001697,P0011,4,126.05,0.15,428.57
3971,O001697,P0039,1,757.65,0.0,757.65
3972,O001698,P0039,2,667.59,0.0,1335.18
3973,O001698,P0080,4,124.18,0.05,471.88
3974,O001700,P0087,2,187.45,0.0,374.9
3975,O001700,P0005,2,421.28,0.0,842.56
3976,O001701,P0039,2,753.31,0.0,1506.62
3977,O001701,P0032,4,128.7,0.0,514.8
3978,O001701,P0012,3,122.43,0.05,348.93
3979,O001702,P0020,1,2242.9,0.0,2242.9
3980,O001702,P0012,1,114.42,0.1,102.98
3981,O001703,P0039,3,737.82,0.0,2213.46
3982,O001703,P0048,4,107.98,0.0,431.92
3983,O001703,P0025,2,302.51,0.0,605.02
3984,O001704,P0039,1,705.09,0.0,705.09
3985,O001704,P0016,2,3384.8,0.0,6769.6
3986,O001704,P0045,1,1013.41,0.1,912.07
3987,O001705,P0041,1,478.88,0.0,478.88
3988,O001705,P0020,2,2331.56,0.0,4663.12
3989,O001705,P0055,2,742.43,0.0,1484.86
3990,O001705,P0004,3,395.89,0.1,1068.9
3991,O001706,P0058,1,99.86,0.0,99.86
3992,O001707,P0039,2,764.81,0.0,1529.62
3993,O001707,P0054,2,57.77,0.0,115.54
3994,O001708,P0077,1,290.82,0.0,290.82
3995,O001708,P0008,1,2404.5,0.05,2284.28
3996,O001708,P0005,2,417.79,0.0,835.58
3997,O001709,P0039,3,677.41,0.05,1930.62
3998,O001709,P0012,4,123.64,0.0,494.56
3999,O001709,P0087,5,184.77,0.2,739.08
4000,O001710,P0039,2,729.13,0.0,1458.26
4001,O001710,P0052,5,60.21,0.0,301.05
4002,O001710,P0009,1,2062.26,0.1,1856.03
4003,O001711,P0050,2,325.2,0.0,650.4
4004,O001711,P0039,1,658.1,0.0,658.1
4005,O001712,P0032,1,125.19,0.0,125.19
4006,O001712,P0077,1,292.86,0.0,292.86
4007,O001712,P0034,3,305.62,0.2,733.49
4008,O001712,P0039,1,752.73,0.05,715.09
4009,O001713,P0087,1,189.76,0.0,189.76
4010,O001714,P0005,1,375.48,0.05,356.71
4011,O001715,P0050,3,293.2,0.15,747.66
4012,O001715,P0084,3,454.28,0.05,1294.7
4013,O001716,P0032,3,116.63,0.0,349.89
4014,O001716,P0077,3,282.63,0.0,847.89
4015,O001717,P0058,4,112.79,0.0,451.16
4016,O001717,P0016,1,3513.85,0.0,3513.85
4017,O001717,P0020,2,2590.39,0.0,5180.78
4018,O001718,P0020,1,2382.43,0.05,2263.31
4019,O001718,P0087,3,192.35,0.0,577.05
4020,O001718,P0025,2,300.83,0.0,601.66
4021,O001719,P0054,1,59.66,0.0,59.66
4022,O001719,P0013,3,1389.43,0.05,3959.88
4023,O001719,P0086,1,208.47,0.1,187.62
4024,O001720,P0012,1,113.73,0.05,108.04
4025,O001720,P0020,2,2434.59,0.1,4382.26
4026,O001720,P0073,2,67.48,0.0,134.96
4027,O001720,P0033,1,117.08,0.0,117.08
4028,O001721,P0080,5,115.1,0.1,517.95
4029,O001722,P0020,2,2471.5,0.0,4943.0
4030,O001722,P0080,4,126.5,0.05,480.7
4031,O001722,P0050,3,316.08,0.05,900.83
4032,O001722,P0077,1,285.71,0.15,242.85
4033,O001723,P0077,3,289.23,0.0,867.69
4034,O001723,P0080,1,130.0,0.0,130.0
4035,O001724,P0077,3,316.35,0.0,949.05
4036,O001724,P0080,1,124.99,0.1,112.49
4037,O001724,P0011,1,137.9,0.05,131.0
4038,O001725,P0087,5,192.3,0.0,961.5
4039,O001725,P0077,3,308.31,0.2,739.94
4040,O001725,P0073,3,67.57,0.1,182.44
4041,O001725,P0032,4,123.86,0.0,495.44
4042,O001726,P0058,2,104.85,0.05,199.21
4043,O001726,P0054,1,59.75,0.0,59.75
4044,O001726,P0084,2,511.74,0.0,1023.48
4045,O001727,P0039,3,658.43,0.15,1679.0
4046,O001727,P0055,2,763.21,0.15,1297.46
4047,O001728,P0012,5,125.64,0.0,628.2
4048,O001729,P0050,1,314.77,0.1,283.29
4049,O001729,P0045,1,1002.85,0.05,952.71
4050,O001729,P0080,1,128.02,0.1,115.22
4051,O001729,P0056,3,913.32,0.0,2739.96
4052,O001730,P0020,1,2257.26,0.0,2257.26
4053,O001730,P0054,5,61.77,0.15,262.52
4054,O001730,P0003,2,4861.21,0.0,9722.42
4055,O001730,P0045,1,992.23,0.0,992.23
4056,O001731,P0015,3,1457.66,0.15,3717.03
4057,O001731,P0008,2,2553.12,0.15,4340.3
4058,O001732,P0012,4,126.32,0.0,505.28
4059,O001732,P0013,2,1455.37,0.1,2619.67
4060,O001733,P0008,1,2419.16,0.0,2419.16
4061,O001733,P0018,1,3640.4,0.05,3458.38
4062,O001733,P0054,1,58.57,0.1,52.71
4063,O001733,P0015,3,1338.87,0.0,4016.61
4064,O001734,P0041,2,436.61,0.0,873.22
4065,O001735,P0087,3,182.59,0.05,520.38
4066,O001735,P0012,3,126.02,0.0,378.06
4067,O001735,P0003,1,4751.26,0.0,4751.26
4068,O001736,P0020,2,2459.21,0.0,4918.42
4069,O001736,P0012,1,126.4,0.0,126.4
4070,O001739,P0050,3,283.98,0.1,766.75
4071,O001739,P0020,2,2407.75,0.0,4815.5
4072,O001739,P0080,5,126.3,0.0,631.5
4073,O001739,P0008,1,2525.49,0.15,2146.67
4074,O001740,P0002,1,4389.33,0.0,4389.33
4075,O001740,P0084,3,503.88,0.0,1511.64
4076,O001740,P0058,3,108.91,0.0,326.73
4077,O001740,P0005,2,370.12,0.1,666.22
4078,O001741,P0039,1,682.77,0.0,682.77
4079,O001741,P0084,3,525.3,0.05,1497.1
4080,O001741,P0080,1,120.81,0.15,102.69
4081,O001741,P0054,2,59.95,0.0,119.9
4082,O001742,P0008,2,2548.62,0.0,5097.24
4083,O001742,P0055,1,828.25,0.0,828.25
4084,O001742,P0005,2,415.75,0.0,831.5
4085,O001743,P0084,2,451.03,0.0,902.06
4086,O001743,P0011,5,133.16,0.0,665.8
4087,O001743,P0055,1,738.6,0.0,738.6
4088,O001743,P0039,1,731.82,0.2,585.46
4089,O001745,P0048,4,101.47,0.0,405.88
4090,O001746,P0084,3,459.18,0.05,1308.66
4091,O001746,P0032,5,112.53,0.0,562.65
4092,O001747,P0031,1,134.74,0.0,134.74
4093,O001747,P0028,2,2472.54,0.0,4945.08
4094,O001747,P0020,2,2237.34,0.15,3803.48
4095,O001748,P0039,2,757.04,0.0,1514.08
4096,O001748,P0003,1,4489.05,0.0,4489.05
4097,O001748,P0020,1,2622.8,0.15,2229.38
4098,O001748,P0054,4,60.11,0.05,228.42
4099,O001749,P0067,5,246.54,0.0,1232.7
4100,O001749,P0013,2,1512.72,0.15,2571.62
4101,O001749,P0084,1,521.01,0.0,521.01
4102,O001750,P0020,1,2379.18,0.0,2379.18
4103,O001750,P0030,2,2385.0,0.05,4531.5
4104,O001750,P0045,1,1019.09,0.1,917.18
4105,O001750,P0087,4,196.92,0.05,748.3
4106,O001751,P0084,2,479.56,0.0,959.12
4107,O001752,P0045,1,1027.35,0.0,1027.35
4108,O001753,P0032,5,112.44,0.0,562.2
4109,O001753,P0084,1,508.08,0.05,482.68
4110,O001754,P0038,1,609.83,0.1,548.85
4111,O001754,P0018,2,3593.59,0.1,6468.46
4112,O001754,P0058,2,109.0,0.0,218.0
4113,O001755,P0045,2,976.33,0.05,1855.03
4114,O001755,P0015,3,1421.73,0.0,4265.19
4115,O001755,P0020,1,2431.96,0.1,2188.76
4116,O001755,P0050,1,316.25,0.0,316.25
4117,O001756,P0071,1,51.32,0.2,41.06
4118,O001756,P0080,1,114.46,0.0,114.46
4119,O001757,P0020,1,2475.32,0.0,2475.32
4120,O001757,P0053,1,64.34,0.15,54.69
4121,O001757,P0087,4,203.54,0.0,814.16
4122,O001757,P0043,2,977.05,0.0,1954.1
4123,O001759,P0077,3,303.08,0.0,909.24
4124,O001759,P0080,3,114.32,0.0,342.96
4125,O001760,P0063,1,118.24,0.0,118.24
4126,O001760,P0020,2,2480.53,0.0,4961.06
4127,O001761,P0077,2,295.75,0.1,532.35
4128,O001761,P0058,3,102.79,0.0,308.37
4129,O001761,P0080,3,121.57,0.0,364.71
4130,O001761,P0005,1,410.03,0.0,410.03
4131,O001762,P0009,1,1994.19,0.0,1994.19
4132,O001762,P0039,2,734.34,0.0,1468.68
4133,O001763,P0020,1,2335.99,0.0,2335.99
4134,O001764,P0032,4,122.15,0.0,488.6
4135,O001765,P0059,1,102.44,0.0,102.44
4136,O001765,P0030,2,2409.1,0.0,4818.2
4137,O001765,P0039,2,698.38,0.1,1257.08
4138,O001765,P0054,3,65.25,0.15,166.39
4139,O001766,P0039,1,692.8,0.0,692.8
4140,O001767,P0055,3,831.55,0.05,2369.92
4141,O001767,P0050,2,279.57,0.15,475.27
4142,O001767,P0084,1,492.47,0.0,492.47
4143,O001767,P0054,2,60.29,0.0,120.58
4144,O001768,P0032,5,124.27,0.1,559.22
4145,O001768,P0054,4,56.14,0.2,179.65
4146,O001768,P0084,3,468.35,0.1,1264.55
4147,O001769,P0034,2,321.12,0.0,642.24
4148,O001769,P0059,5,97.22,0.0,486.1
4149,O001769,P0020,2,2320.64,0.0,4641.28
4150,O001769,P0084,3,486.33,0.15,1240.14
4151,O001771,P0084,3,524.39,0.2,1258.54
4152,O001771,P0045,3,1015.25,0.0,3045.75
4153,O001772,P0071,4,53.18,0.0,212.72
4154,O001772,P0020,2,2462.57,0.0,4925.14
4155,O001772,P0032,1,111.94,0.0,111.94
4156,O001772,P0045,1,983.47,0.05,934.3
4157,O001773,P0040,2,414.11,0.0,828.22
4158,O001773,P0002,2,4087.08,0.0,8174.16
4159,O001773,P0005,2,432.66,0.05,822.05
4160,O001773,P0041,1,425.58,0.2,340.46
4161,O001774,P0087,3,204.82,0.05,583.74
4162,O001776,P0005,2,407.29,0.15,692.39
4163,O001776,P0071,2,53.59,0.0,107.18
4164,O001777,P0077,3,299.83,0.0,899.49
4165,O001778,P0054,5,61.35,0.1,276.08
4166,O001780,P0009,1,2087.28,0.1,1878.55
4167,O001780,P0020,1,2549.35,0.2,2039.48
4168,O001780,P0084,3,526.11,0.0,1578.33
4169,O001780,P0073,2,76.6,0.15,130.22
4170,O001781,P0041,3,415.18,0.1,1120.99
4171,O001781,P0020,1,2444.01,0.0,2444.01
4172,O001781,P0015,3,1385.03,0.0,4155.09
4173,O001782,P0058,2,115.3,0.0,230.6
4174,O001783,P0054,1,61.3,0.05,58.23
4175,O001783,P0020,1,2504.42,0.0,2504.42
4176,O001783,P0047,2,92.52,0.05,175.79
4177,O001783,P0039,1,703.13,0.05,667.97
4178,O001784,P0032,5,119.91,0.05,569.57
4179,O001784,P0039,3,732.96,0.0,2198.88
4180,O001785,P0012,1,113.35,0.2,90.68
4181,O001785,P0008,1,2470.44,0.0,2470.44
4182,O001786,P0063,2,123.59,0.0,247.18
4183,O001788,P0080,2,120.27,0.15,204.46
4184,O001789,P0084,1,475.17,0.1,427.65
4185,O001789,P0012,2,125.57,0.0,251.14
4186,O001789,P0065,1,95.52,0.0,95.52
4187,O001790,P0071,5,51.21,0.2,204.84
4188,O001790,P0005,1,405.07,0.0,405.07
4189,O001790,P0087,3,209.04,0.0,627.12
4190,O001790,P0061,3,132.23,0.05,376.86
4191,O001791,P0008,1,2380.99,0.0,2380.99
4192,O001791,P0044,1,987.85,0.0,987.85
4193,O001791,P0020,2,2245.27,0.0,4490.54
4194,O001792,P0084,1,474.41,0.0,474.41
4195,O001792,P0043,1,980.85,0.0,980.85
4196,O001793,P0084,1,453.65,0.0,453.65
4197,O001793,P0039,3,740.68,0.0,2222.04
4198,O001794,P0030,2,2478.44,0.05,4709.04
4199,O001794,P0071,2,55.32,0.0,110.64
4200,O001794,P0054,5,59.55,0.0,297.75
4201,O001794,P0055,1,740.81,0.05,703.77
4202,O001795,P0048,4,109.38,0.0,437.52
4203,O001795,P0054,1,63.97,0.0,63.97
4204,O001796,P0023,2,3137.11,0.05,5960.51
4205,O001796,P0048,5,108.11,0.0,540.55
4206,O001796,P0071,5,50.66,0.0,253.3
4207,O001797,P0032,2,126.74,0.05,240.81
4208,O001797,P0005,2,433.62,0.15,737.15
4209,O001798,P0012,3,120.0,0.0,360.0
4210,O001798,P0020,2,2626.05,0.2,4201.68
4211,O001799,P0071,1,57.35,0.1,51.62
4212,O001799,P0054,5,62.4,0.0,312.0
4213,O001800,P0039,2,669.38,0.0,1338.76
4214,O001801,P0054,4,61.05,0.0,244.2
4215,O001801,P0025,1,281.98,0.0,281.98
4216,O001802,P0054,4,56.35,0.0,225.4
4217,O001803,P0067,2,245.26,0.2,392.42
4218,O001804,P0044,1,935.28,0.0,935.28
4219,O001804,P0054,5,61.41,0.05,291.7
4220,O001804,P0045,2,1024.02,0.0,2048.04
4221,O001805,P0032,4,118.01,0.05,448.44
4222,O001805,P0073,1,69.31,0.05,65.84
4223,O001805,P0020,1,2250.88,0.0,2250.88
4224,O001805,P0080,5,124.56,0.2,498.24
4225,O001806,P0039,2,711.22,0.1,1280.2
4226,O001806,P0020,2,2407.6,0.0,4815.2
4227,O001806,P0032,4,122.91,0.15,417.89
4228,O001806,P0003,2,4608.88,0.15,7835.1
4229,O001807,P0087,5,195.67,0.0,978.35
4230,O001807,P0059,5,108.47,0.0,542.35
4231,O001807,P0084,3,481.57,0.1,1300.24
4232,O001808,P0039,1,666.59,0.05,633.26
4233,O001808,P0054,5,62.65,0.0,313.25
4234,O001809,P0045,3,968.78,0.05,2761.02
4235,O001810,P0087,3,182.08,0.0,546.24
4236,O001810,P0077,2,312.95,0.0,625.9
4237,O001812,P0038,3,643.0,0.1,1736.1
4238,O001813,P0005,3,424.21,0.0,1272.63
4239,O001815,P0023,1,3247.81,0.0,3247.81
4240,O001815,P0020,2,2617.19,0.0,5234.38
4241,O001817,P0032,5,114.67,0.0,573.35
4242,O001817,P0015,2,1317.96,0.0,2635.92
4243,O001817,P0057,2,968.96,0.0,1937.92
4244,O001818,P0054,2,61.8,0.0,123.6
4245,O001818,P0043,3,1016.46,0.0,3049.38
4246,O001819,P0005,1,389.84,0.0,389.84
4247,O001819,P0011,1,131.7,0.0,131.7
4248,O001819,P0058,3,107.06,0.0,321.18
4249,O001820,P0045,3,1103.72,0.05,3145.6
4250,O001820,P0063,5,109.48,0.1,492.66
4251,O001821,P0018,1,3784.17,0.0,3784.17
4252,O001821,P0028,1,2479.12,0.0,2479.12
4253,O001821,P0005,1,411.64,0.0,411.64
4254,O001821,P0034,3,312.3,0.0,936.9
4255,O001822,P0015,1,1479.52,0.15,1257.59
4256,O001822,P0080,2,131.03,0.0,262.06
4257,O001823,P0020,2,2438.86,0.0,4877.72
4258,O001823,P0008,2,2373.74,0.0,4747.48
4259,O001824,P0061,2,122.86,0.0,245.72
4260,O001824,P0043,3,937.9,0.0,2813.7
4261,O001824,P0039,3,719.17,0.0,2157.51
4262,O001824,P0050,3,319.06,0.0,957.18
4263,O001825,P0080,2,119.55,0.0,239.1
4264,O001826,P0016,1,3313.94,0.1,2982.55
4265,O001826,P0005,2,391.94,0.15,666.3
4266,O001826,P0080,2,117.06,0.1,210.71
4267,O001826,P0063,1,122.03,0.0,122.03
4268,O001827,P0021,1,2446.76,0.0,2446.76
4269,O001828,P0022,1,3112.57,0.0,3112.57
4270,O001828,P0039,3,722.93,0.15,1843.47
4271,O001828,P0003,1,4554.46,0.0,4554.46
4272,O001829,P0013,1,1544.05,0.0,1544.05
4273,O001829,P0025,2,279.24,0.0,558.48
4274,O001830,P0080,5,125.33,0.2,501.32
4275,O001830,P0054,3,63.87,0.15,162.87
4276,O001830,P0045,2,977.41,0.0,1954.82
4277,O001831,P0020,2,2372.9,0.2,3796.64
4278,O001831,P0025,1,302.26,0.0,302.26
4279,O001832,P0058,5,103.96,0.1,467.82
4280,O001832,P0084,3,508.61,0.05,1449.54
4281,O001832,P0020,1,2624.98,0.0,2624.98
4282,O001833,P0080,1,113.06,0.0,113.06
4283,O001833,P0016,1,3352.32,0.1,3017.09
4284,O001834,P0052,4,64.2,0.0,256.8
4285,O001834,P0003,2,4850.36,0.0,9700.72
4286,O001835,P0025,3,320.69,0.0,962.07
4287,O001835,P0084,2,504.24,0.05,958.06
4288,O001835,P0009,1,1970.27,0.1,1773.24
4289,O001837,P0020,1,2591.65,0.0,2591.65
4290,O001838,P0020,2,2611.25,0.1,4700.25
4291,O001838,P0063,3,115.37,0.0,346.11
4292,O001838,P0050,3,312.03,0.0,936.09
4293,O001838,P0045,1,968.66,0.0,968.66
4294,O001839,P0053,5,68.15,0.15,289.64
4295,O001839,P0077,1,276.14,0.05,262.33
4296,O001839,P0003,2,4502.54,0.0,9005.08
4297,O001839,P0040,2,438.72,0.0,877.44
4298,O001840,P0080,2,126.89,0.15,215.71
4299,O001840,P0084,3,518.55,0.0,1555.65
4300,O001840,P0054,3,61.36,0.1,165.67
4301,O001840,P0032,5,123.53,0.15,525.0
4302,O001841,P0061,4,140.97,0.1,507.49
4303,O001843,P0071,4,57.52,0.0,230.08
4304,O001843,P0020,2,2527.08,0.0,5054.16
4305,O001843,P0048,5,108.95,0.0,544.75
4306,O001844,P0041,2,485.5,0.1,873.9
4307,O001844,P0020,1,2584.61,0.15,2196.92
4308,O001844,P0054,3,61.63,0.2,147.91
4309,O001844,P0045,3,979.01,0.0,2937.03
4310,O001846,P0043,3,973.69,0.1,2628.96
4311,O001846,P0045,1,981.07,0.0,981.07
4312,O001846,P0016,1,3325.38,0.0,3325.38
4313,O001847,P0039,2,706.6,0.05,1342.54
4314,O001847,P0053,5,68.73,0.0,343.65
4315,O001848,P0021,2,2584.14,0.0,5168.28
4316,O001848,P0012,5,127.85,0.05,607.29
4317,O001849,P0013,3,1403.53,0.0,4210.59
4318,O001849,P0012,5,125.14,0.2,500.56
4319,O001850,P0054,4,57.94,0.0,231.76
4320,O001850,P0080,4,126.18,0.0,504.72
4321,O001851,P0080,4,124.52,0.0,498.08
4322,O001852,P0005,1,370.5,0.1,333.45
4323,O001852,P0039,1,688.73,0.05,654.29
4324,O001852,P0054,4,60.9,0.0,243.6
4325,O001853,P0077,1,307.47,0.1,276.72
4326,O001853,P0032,4,124.69,0.0,498.76
4327,O001853,P0020,2,2330.24,0.0,4660.48
4328,O001855,P0020,2,2420.41,0.0,4840.82
4329,O001855,P0053,1,65.36,0.0,65.36
4330,O001855,P0054,1,58.72,0.0,58.72
4331,O001855,P0074,1,69.22,0.15,58.84
4332,O001856,P0009,2,1999.64,0.2,3199.42
4333,O001856,P0020,2,2330.25,0.15,3961.42
4334,O001856,P0005,3,392.64,0.0,1177.92
4335,O001856,P0080,4,124.4,0.05,472.72
4336,O001857,P0039,1,742.93,0.0,742.93
4337,O001857,P0045,3,1058.97,0.0,3176.91
4338,O001857,P0071,4,55.93,0.0,223.72
4339,O001857,P0016,2,3275.06,0.05,6222.61
4340,O001858,P0008,2,2342.95,0.0,4685.9
4341,O001859,P0032,4,127.41,0.0,509.64
4342,O001859,P0020,2,2290.29,0.0,4580.58
4343,O001860,P0058,2,110.63,0.2,177.01
4344,O001860,P0015,2,1375.31,0.0,2750.62
4345,O001861,P0012,3,122.48,0.0,367.44
4346,O001861,P0045,2,1004.57,0.1,1808.23
4347,O001862,P0073,5,73.66,0.0,368.3
4348,O001862,P0032,4,112.83,0.1,406.19
4349,O001862,P0025,2,315.7,0.0,631.4
4350,O001862,P0005,1,401.11,0.0,401.11
4351,O001863,P0053,2,67.38,0.0,134.76
4352,O001863,P0080,1,117.0,0.1,105.3
4353,O001863,P0020,2,2570.29,0.05,4883.55
4354,O001864,P0080,2,115.35,0.15,196.1
4355,O001864,P0032,2,126.08,0.0,252.16
4356,O001864,P0012,4,117.93,0.0,471.72
4357,O001864,P0077,3,292.31,0.0,876.93
4358,O001865,P0050,3,289.39,0.1,781.35
4359,O001865,P0005,1,388.83,0.0,388.83
4360,O001865,P0067,4,252.9,0.0,1011.6
4361,O001865,P0055,2,773.5,0.1,1392.3
4362,O001866,P0039,3,712.09,0.05,2029.46
4363,O001866,P0012,5,128.23,0.0,641.15
4364,O001867,P0054,3,63.06,0.0,189.18
4365,O001867,P0045,3,1027.23,0.0,3081.69
4366,O001867,P0020,2,2374.41,0.0,4748.82
4367,O001867,P0071,4,52.04,0.0,208.16
4368,O001868,P0045,2,1106.59,0.0,2213.18
4369,O001868,P0008,1,2404.35,0.0,2404.35
4370,O001868,P0032,3,112.14,0.1,302.78
4371,O001869,P0063,4,117.71,0.05,447.3
4372,O001869,P0020,1,2540.29,0.05,2413.28
4373,O001869,P0050,2,314.97,0.05,598.44
4374,O001869,P0039,1,716.42,0.05,680.6
4375,O001870,P0012,4,124.82,0.0,499.28
4376,O001870,P0045,2,977.51,0.15,1661.77
4377,O001870,P0084,1,469.25,0.05,445.79
4378,O001870,P0020,1,2565.36,0.0,2565.36
4379,O001871,P0077,1,272.81,0.0,272.81
4380,O001871,P0015,1,1462.48,0.0,1462.48
4381,O001872,P0084,2,455.75,0.0,911.5
4382,O001872,P0008,2,2232.6,0.05,4241.94
4383,O001872,P0005,1,405.22,0.0,405.22
4384,O001872,P0043,1,979.2,0.0,979.2
4385,O001873,P0054,5,61.42,0.0,307.1
4386,O001874,P0034,1,285.86,0.0,285.86
4387,O001874,P0020,1,2397.46,0.0,2397.46
4388,O001874,P0044,3,1008.44,0.15,2571.52
4389,O001875,P0034,3,295.02,0.15,752.3
4390,O001875,P0039,3,714.85,0.0,2144.55
4391,O001876,P0008,2,2395.7,0.0,4791.4
4392,O001877,P0016,1,3321.69,0.1,2989.52
4393,O001877,P0039,3,740.14,0.15,1887.36
4394,O001877,P0086,4,193.77,0.2,620.06
4395,O001879,P0032,4,122.3,0.05,464.74
4396,O001879,P0012,5,119.52,0.05,567.72
4397,O001879,P0041,2,420.8,0.15,715.36
4398,O001880,P0045,2,948.44,0.05,1802.04
4399,O001881,P0012,1,125.89,0.15,107.01
4400,O001881,P0013,3,1347.17,0.1,3637.36
4401,O001881,P0020,2,2287.39,0.15,3888.56
4402,O001881,P0005,1,381.24,0.1,343.12
4403,O001882,P0005,3,424.34,0.05,1209.37
4404,O001882,P0084,2,522.88,0.0,1045.76
4405,O001882,P0048,5,105.55,0.0,527.75
4406,O001882,P0054,3,58.97,0.0,176.91
4407,O001883,P0045,1,971.58,0.2,777.26
4408,O001884,P0084,1,528.09,0.0,528.09
4409,O001885,P0041,3,452.13,0.0,1356.39
4410,O001885,P0039,2,709.32,0.0,1418.64
4411,O001885,P0005,3,431.64,0.1,1165.43
4412,O001886,P0028,2,2454.24,0.0,4908.48
4413,O001886,P0020,1,2446.02,0.0,2446.02
4414,O001886,P0080,5,117.68,0.0,588.4
4415,O001887,P0063,3,108.81,0.05,310.11
4416,O001889,P0020,2,2336.1,0.1,4204.98
4417,O001889,P0054,5,63.18,0.0,315.9
4418,O001889,P0039,3,692.0,0.05,1972.2
4419,O001889,P0045,3,966.83,0.1,2610.44
4420,O001890,P0087,2,186.94,0.1,336.49
4421,O001890,P0039,2,707.06,0.0,1414.12
4422,O001890,P0084,3,477.7,0.1,1289.79
4423,O001890,P0020,2,2517.19,0.0,5034.38
4424,O001892,P0005,1,401.43,0.15,341.22
4425,O001892,P0056,1,848.09,0.0,848.09
4426,O001893,P0005,1,396.53,0.0,396.53
4427,O001894,P0080,2,120.36,0.0,240.72
4428,O001894,P0005,1,374.95,0.15,318.71
4429,O001894,P0054,2,57.87,0.05,109.95
4430,O001894,P0034,1,290.94,0.0,290.94
4431,O001895,P0084,2,465.13,0.15,790.72
4432,O001895,P0005,2,390.15,0.1,702.27
4433,O001895,P0039,1,711.9,0.05,676.3
4434,O001895,P0008,1,2437.32,0.1,2193.59
4435,O001896,P0043,1,1044.57,0.0,1044.57
4436,O001897,P0020,1,2305.73,0.0,2305.73
4437,O001897,P0029,2,2473.83,0.05,4700.28
4438,O001897,P0013,1,1390.19,0.1,1251.17
4439,O001899,P0016,2,3448.44,0.15,5862.35
4440,O001900,P0087,1,178.5,0.0,178.5
4441,O001900,P0039,2,762.15,0.05,1448.08
4442,O001900,P0043,2,1061.26,0.05,2016.39
4443,O001901,P0005,3,415.4,0.1,1121.58
4444,O001901,P0080,1,117.54,0.15,99.91
4445,O001901,P0077,1,284.18,0.0,284.18
4446,O001901,P0053,3,65.5,0.1,176.85
4447,O001902,P0053,1,66.74,0.0,66.74
4448,O001902,P0087,4,178.81,0.05,679.48
4449,O001902,P0059,3,99.61,0.0,298.83
4450,O001903,P0029,1,2268.4,0.0,2268.4
4451,O001903,P0065,4,102.78,0.0,411.12
4452,O001903,P0077,2,300.66,0.1,541.19
4453,O001903,P0039,1,723.07,0.0,723.07
4454,O001904,P0039,2,696.67,0.0,1393.34
4455,O001904,P0084,2,505.76,0.0,1011.52
4456,O001904,P0058,1,101.01,0.0,101.01
4457,O001904,P0045,3,966.7,0.1,2610.09
4458,O001906,P0039,2,711.87,0.0,1423.74
4459,O001906,P0008,1,2197.67,0.05,2087.79
4460,O001906,P0084,1,526.62,0.1,473.96
4461,O001906,P0016,1,3585.66,0.05,3406.38
4462,O001907,P0058,3,102.91,0.0,308.73
4463,O001907,P0053,2,63.55,0.2,101.68
4464,O001907,P0077,3,277.01,0.05,789.48
4465,O001908,P0020,2,2611.2,0.2,4177.92
4466,O001908,P0055,1,729.77,0.0,729.77
4467,O001909,P0006,1,378.16,0.0,378.16
4468,O001910,P0008,1,2455.49,0.0,2455.49
4469,O001911,P0012,4,121.95,0.05,463.41
4470,O001911,P0041,2,444.36,0.0,888.72
4471,O001911,P0054,5,58.08,0.0,290.4
4472,O001911,P0020,1,2442.91,0.1,2198.62
4473,O001912,P0058,1,100.16,0.0,100.16
4474,O001912,P0039,1,728.49,0.1,655.64
4475,O001913,P0020,2,2300.94,0.05,4371.79
4476,O001913,P0077,2,282.86,0.0,565.72
4477,O001913,P0016,1,3398.61,0.0,3398.61
4478,O001914,P0054,4,57.92,0.05,220.1
4479,O001914,P0050,3,296.06,0.0,888.18
4480,O001914,P0065,1,99.15,0.15,84.28
4481,O001915,P0020,1,2437.89,0.0,2437.89
4482,O001915,P0016,2,3461.28,0.0,6922.56
4483,O001915,P0044,3,1036.83,0.2,2488.39
4484,O001916,P0020,2,2544.51,0.0,5089.02
4485,O001916,P0054,5,65.66,0.0,328.3
4486,O001916,P0019,1,2489.71,0.0,2489.71
4487,O001917,P0008,1,2440.7,0.0,2440.7
4488,O001917,P0084,3,509.65,0.0,1528.95
4489,O001918,P0005,3,414.09,0.0,1242.27
4490,O001918,P0003,1,4656.97,0.0,4656.97
4491,O001918,P0034,1,282.25,0.1,254.02
4492,O001918,P0080,1,122.46,0.0,122.46
4493,O001919,P0045,2,1026.27,0.0,2052.54
4494,O001919,P0054,4,63.88,0.0,255.52
4495,O001919,P0084,3,504.13,0.0,1512.39
4496,O001919,P0020,1,2392.35,0.0,2392.35
4497,O001920,P0084,3,454.97,0.05,1296.66
4498,O001920,P0053,2,72.15,0.0,144.3
4499,O001921,P0032,1,114.13,0.0,114.13
4500,O001921,P0039,3,747.02,0.0,2241.06
4501,O001921,P0052,2,57.17,0.0,114.34
4502,O001921,P0077,1,285.72,0.0,285.72
4503,O001922,P0048,5,106.92,0.0,534.6
4504,O001923,P0039,3,696.71,0.05,1985.62
4505,O001924,P0022,2,3102.72,0.0,6205.44
4506,O001924,P0002,2,4001.69,0.05,7603.21
4507,O001924,P0012,3,122.38,0.0,367.14
4508,O001925,P0063,3,111.77,0.05,318.54
4509,O001925,P0045,3,1047.19,0.0,3141.57
4510,O001925,P0039,3,692.18,0.05,1972.71
4511,O001926,P0012,5,121.65,0.2,486.6
4512,O001926,P0084,1,501.89,0.0,501.89
4513,O001926,P0020,1,2399.32,0.05,2279.35
4514,O001926,P0055,2,787.94,0.2,1260.7
4515,O001927,P0021,2,2625.28,0.1,4725.5
4516,O001928,P0013,1,1461.09,0.1,1314.98
4517,O001928,P0059,3,108.23,0.0,324.69
4518,O001928,P0048,1,104.41,0.0,104.41
4519,O001929,P0022,1,3363.98,0.1,3027.58
4520,O001929,P0012,2,126.27,0.0,252.54
4521,O001930,P0063,4,105.92,0.0,423.68
4522,O001931,P0054,3,58.43,0.1,157.76
4523,O001931,P0058,3,113.97,0.0,341.91
4524,O001931,P0008,2,2539.78,0.0,5079.56
4525,O001932,P0021,1,2723.59,0.0,2723.59
4526,O001932,P0074,4,72.45,0.0,289.8
4527,O001932,P0058,5,116.99,0.0,584.95
4528,O001933,P0053,1,62.89,0.1,56.6
4529,O001933,P0071,4,53.47,0.2,171.1
4530,O001934,P0012,5,125.97,0.0,629.85
4531,O001934,P0050,3,322.98,0.0,968.94
4532,O001934,P0080,1,117.2,0.1,105.48
4533,O001934,P0039,1,733.51,0.05,696.83
4534,O001935,P0071,1,51.77,0.05,49.18
4535,O001935,P0054,1,62.71,0.15,53.3
4536,O001935,P0012,3,121.45,0.15,309.7
4537,O001935,P0039,2,687.19,0.0,1374.38
4538,O001936,P0063,1,122.33,0.0,122.33
4539,O001936,P0067,1,254.65,0.1,229.18
4540,O001937,P0080,3,125.35,0.15,319.64
4541,O001937,P0071,4,50.4,0.05,191.52
4542,O001937,P0033,5,122.73,0.0,613.65
4543,O001937,P0039,3,731.57,0.0,2194.71
4544,O001938,P0016,1,3169.04,0.0,3169.04
4545,O001938,P0018,2,3366.64,0.1,6059.95
4546,O001938,P0053,3,68.99,0.05,196.62
4547,O001939,P0077,3,286.38,0.05,816.18
4548,O001939,P0061,1,136.76,0.0,136.76
4549,O001939,P0054,3,60.37,0.15,153.94
4550,O001939,P0059,2,102.29,0.0,204.58
4551,O001940,P0037,3,765.05,0.2,1836.12
4552,O001940,P0080,5,113.32,0.0,566.6
4553,O001940,P0008,1,2267.66,0.1,2040.89
4554,O001941,P0012,1,113.6,0.0,113.6
4555,O001941,P0055,3,750.83,0.05,2139.87
4556,O001941,P0077,2,299.37,0.0,598.74
4557,O001942,P0008,2,2228.88,0.2,3566.21
4558,O001942,P0012,5,120.77,0.0,603.85
4559,O001943,P0065,2,92.67,0.1,166.81
4560,O001943,P0020,2,2610.33,0.0,5220.66
4561,O001944,P0032,1,127.03,0.2,101.62
4562,O001944,P0015,2,1449.38,0.1,2608.88
4563,O001945,P0071,5,52.84,0.1,237.78
4564,O001945,P0008,2,2307.47,0.15,3922.7
4565,O001946,P0016,1,3265.42,0.0,3265.42
4566,O001946,P0003,2,4283.94,0.0,8567.88
4567,O001947,P0054,2,58.78,0.15,99.93
4568,O001947,P0071,1,55.33,0.2,44.26
4569,O001947,P0058,4,99.7,0.0,398.8
4570,O001947,P0077,3,307.89,0.05,877.49
4571,O001948,P0057,1,856.56,0.0,856.56
4572,O001948,P0039,2,716.66,0.0,1433.32
4573,O001948,P0052,1,58.47,0.1,52.62
4574,O001948,P0074,4,71.33,0.1,256.79
4575,O001949,P0071,5,54.2,0.05,257.45
4576,O001950,P0055,3,820.37,0.0,2461.11
4577,O001950,P0048,1,106.26,0.0,106.26
4578,O001950,P0034,3,329.31,0.0,987.93
4579,O001951,P0020,2,2275.15,0.2,3640.24
4580,O001951,P0084,3,461.44,0.0,1384.32
4581,O001951,P0009,2,2235.99,0.0,4471.98
4582,O001953,P0054,1,64.32,0.0,64.32
4583,O001953,P0020,2,2364.88,0.2,3783.81
4584,O001953,P0084,3,527.11,0.0,1581.33
4585,O001953,P0080,2,124.51,0.0,249.02
4586,O001954,P0020,1,2542.12,0.0,2542.12
4587,O001955,P0045,3,987.56,0.0,2962.68
4588,O001955,P0016,1,3546.34,0.0,3546.34
4589,O001955,P0020,1,2588.34,0.0,2588.34
4590,O001955,P0026,3,294.37,0.05,838.95
4591,O001956,P0058,5,111.77,0.0,558.85
4592,O001956,P0020,1,2519.22,0.0,2519.22
4593,O001956,P0080,2,113.81,0.0,227.62
4594,O001956,P0016,1,3251.23,0.05,3088.67
4595,O001957,P0084,2,456.46,0.0,912.92
4596,O001958,P0039,1,673.76,0.0,673.76
4597,O001959,P0077,3,285.05,0.0,855.15
4598,O001959,P0049,2,297.08,0.1,534.74
4599,O001960,P0084,1,464.89,0.05,441.65
4600,O001960,P0020,1,2501.34,0.15,2126.14
4601,O001960,P0053,2,67.21,0.05,127.7
4602,O001961,P0073,2,68.65,0.0,137.3
4603,O001961,P0080,4,123.15,0.2,394.08
4604,O001962,P0005,2,418.54,0.0,837.08
4605,O001963,P0065,3,95.0,0.0,285.0
4606,O001963,P0086,1,191.1,0.0,191.1
4607,O001963,P0077,3,312.46,0.0,937.38
4608,O001964,P0053,1,66.13,0.0,66.13
4609,O001964,P0032,5,111.92,0.0,559.6
4610,O001965,P0080,1,116.5,0.0,116.5
4611,O001965,P0012,4,123.98,0.2,396.74
4612,O001965,P0087,2,206.12,0.0,412.24
4613,O001965,P0029,1,2145.89,0.1,1931.3
4614,O001966,P0012,4,122.46,0.1,440.86
4615,O001966,P0005,3,428.35,0.0,1285.05
4616,O001966,P0077,2,290.06,0.0,580.12
4617,O001966,P0016,2,3525.16,0.15,5992.77
4618,O001967,P0013,3,1370.97,0.0,4112.91
4619,O001967,P0032,3,125.71,0.1,339.42
4620,O001968,P0084,1,512.67,0.0,512.67
4621,O001969,P0039,2,674.69,0.0,1349.38
4622,O001970,P0005,2,412.02,0.0,824.04
4623,O001970,P0077,1,313.57,0.0,313.57
4624,O001970,P0055,2,750.32,0.05,1425.61
4625,O001971,P0080,2,117.9,0.0,235.8
4626,O001971,P0039,1,710.47,0.0,710.47
4627,O001972,P0087,2,180.27,0.0,360.54
4628,O001972,P0054,4,59.8,0.05,227.24
4629,O001973,P0020,1,2507.62,0.0,2507.62
4630,O001973,P0067,1,234.1,0.0,234.1
4631,O001974,P0080,3,125.9,0.0,377.7
4632,O001974,P0058,1,106.99,0.0,106.99
4633,O001974,P0045,3,1035.74,0.0,3107.22
4634,O001974,P0008,1,2207.11,0.15,1876.04
4635,O001975,P0020,1,2568.93,0.0,2568.93
4636,O001975,P0058,4,110.04,0.0,440.16
4637,O001976,P0058,1,110.78,0.0,110.78
4638,O001976,P0054,4,63.35,0.1,228.06
4639,O001976,P0084,3,467.48,0.0,1402.44
4640,O001976,P0080,5,131.9,0.05,626.52
4641,O001977,P0005,1,411.45,0.1,370.3
4642,O001977,P0087,2,195.91,0.15,333.05
4643,O001978,P0054,1,58.93,0.0,58.93
4644,O001979,P0002,2,4375.99,0.2,7001.58
4645,O001979,P0032,3,111.69,0.0,335.07
4646,O001980,P0032,1,125.52,0.0,125.52
4647,O001980,P0054,2,65.84,0.0,131.68
4648,O001980,P0039,2,761.79,0.1,1371.22
4649,O001981,P0039,1,715.43,0.0,715.43
4650,O001981,P0011,2,142.83,0.2,228.53
4651,O001981,P0058,3,113.61,0.0,340.83
4652,O001982,P0054,2,62.79,0.0,125.58
4653,O001982,P0016,1,3486.01,0.1,3137.41
4654,O001982,P0080,5,125.34,0.2,501.36
4655,O001983,P0084,3,479.19,0.0,1437.57
4656,O001983,P0054,3,57.23,0.0,171.69
4657,O001983,P0077,2,297.83,0.0,595.66
4658,O001984,P0021,1,2662.17,0.0,2662.17
4659,O001984,P0050,3,288.72,0.0,866.16
4660,O001984,P0043,3,968.48,0.1,2614.9
4661,O001984,P0025,3,311.17,0.0,933.51
4662,O001985,P0016,1,3610.29,0.2,2888.23
4663,O001985,P0054,3,57.48,0.0,172.44
4664,O001985,P0058,4,113.78,0.0,455.12
4665,O001986,P0084,3,482.35,0.0,1447.05
4666,O001986,P0054,2,59.9,0.0,119.8
4667,O001986,P0048,5,95.82,0.05,455.14
4668,O001986,P0067,3,264.93,0.05,755.05
4669,O001987,P0039,2,701.46,0.0,1402.92
4670,O001987,P0054,1,56.05,0.0,56.05
4671,O001987,P0084,1,454.8,0.05,432.06
4672,O001987,P0058,3,113.9,0.0,341.7
4673,O001988,P0080,5,114.66,0.1,515.97
4674,O001989,P0054,2,64.86,0.05,123.23
4675,O001990,P0044,1,1016.23,0.0,1016.23
4676,O001991,P0084,2,513.85,0.0,1027.7
4677,O001991,P0080,3,131.36,0.15,334.97
4678,O001991,P0053,4,67.85,0.05,257.83
4679,O001992,P0073,2,74.62,0.0,149.24
4680,O001992,P0079,4,139.54,0.15,474.44
4681,O001993,P0071,4,50.24,0.05,190.91
4682,O001993,P0039,2,763.35,0.0,1526.7
4683,O001993,P0045,2,1021.9,0.0,2043.8
4684,O001994,P0050,3,327.84,0.05,934.34
4685,O001994,P0039,3,665.73,0.0,1997.19
4686,O001994,P0020,1,2493.06,0.0,2493.06
4687,O001995,P0054,1,61.27,0.15,52.08
4688,O001995,P0012,1,116.11,0.0,116.11
4689,O001996,P0009,1,2051.57,0.0,2051.57
4690,O001996,P0077,2,279.22,0.0,558.44
4691,O001997,P0054,2,58.45,0.1,105.21
4692,O001997,P0053,5,66.96,0.0,334.8
4693,O001997,P0012,2,126.16,0.0,252.32
4694,O001997,P0080,3,121.19,0.05,345.39
4695,O001998,P0049,1,280.08,0.0,280.08
4696,O001998,P0073,3,69.21,0.0,207.63
4697,O001998,P0080,5,125.38,0.0,626.9
4698,O001999,P0043,1,931.81,0.0,931.81
4699,O001999,P0071,3,49.03,0.05,139.74
4700,O001999,P0073,5,67.46,0.0,337.3
4701,O002000,P0003,1,4501.84,0.05,4276.75
4702,O002000,P0080,1,128.85,0.2,103.08
4703,O002001,P0002,1,4269.74,0.0,4269.74
4704,O002002,P0058,3,103.62,0.05,295.32
4705,O002002,P0087,1,197.09,0.0,197.09
4706,O002003,P0087,2,206.24,0.1,371.23
4707,O002003,P0020,2,2493.92,0.0,4987.84
4708,O002003,P0080,5,117.01,0.0,585.05
4709,O002004,P0037,1,673.17,0.0,673.17
4710,O002004,P0080,4,112.7,0.1,405.72
4711,O002004,P0084,2,501.42,0.0,1002.84
4712,O002005,P0020,1,2353.5,0.0,2353.5
4713,O002006,P0012,2,124.41,0.0,248.82
4714,O002006,P0048,2,97.99,0.0,195.98
4715,O002006,P0084,3,504.8,0.15,1287.24
4716,O002007,P0039,2,710.3,0.0,1420.6
4717,O002007,P0056,1,936.84,0.05,890.0
4718,O002008,P0073,2,73.02,0.0,146.04
4719,O002008,P0080,4,126.35,0.0,505.4
4720,O002008,P0048,3,94.73,0.0,284.19
4721,O002008,P0050,3,322.62,0.15,822.68
4722,O002009,P0054,4,55.99,0.0,223.96
4723,O002009,P0008,1,2437.83,0.15,2072.16
4724,O002010,P0012,2,118.28,0.0,236.56
4725,O002011,P0079,1,144.88,0.1,130.39
4726,O002011,P0054,3,58.7,0.0,176.1
4727,O002011,P0071,4,57.5,0.0,230.0
4728,O002011,P0084,2,466.26,0.0,932.52
4729,O002012,P0039,1,697.17,0.15,592.59
4730,O002012,P0054,2,62.97,0.0,125.94
4731,O002012,P0080,1,113.55,0.05,107.87
4732,O002013,P0087,2,185.26,0.15,314.94
4733,O002013,P0005,2,380.02,0.0,760.04
4734,O002013,P0048,5,94.02,0.0,470.1
4735,O002013,P0032,1,114.7,0.15,97.5
4736,O002014,P0054,4,58.64,0.2,187.65
4737,O002015,P0084,1,505.8,0.0,505.8
4738,O002015,P0028,1,2513.24,0.0,2513.24
4739,O002015,P0058,2,115.62,0.0,231.24
4740,O002016,P0008,2,2184.4,0.15,3713.48
4741,O002016,P0016,2,3515.16,0.05,6678.8
4742,O002017,P0005,1,415.63,0.05,394.85
4743,O002017,P0039,3,684.56,0.0,2053.68
4744,O002017,P0084,3,503.68,0.0,1511.04
4745,O002018,P0032,2,126.74,0.0,253.48
4746,O002019,P0039,1,674.35,0.1,606.92
4747,O002020,P0020,2,2398.38,0.0,4796.76
4748,O002020,P0025,3,314.47,0.0,943.41
4749,O002021,P0029,1,2271.97,0.0,2271.97
4750,O002021,P0008,2,2351.04,0.0,4702.08
4751,O002021,P0057,3,884.68,0.05,2521.34
4752,O002022,P0005,1,434.11,0.05,412.4
4753,O002023,P0073,3,68.65,0.05,195.65
4754,O002024,P0021,1,2519.41,0.0,2519.41
4755,O002024,P0005,2,398.5,0.0,797.0
4756,O002024,P0020,2,2375.06,0.0,4750.12
4757,O002024,P0080,2,119.8,0.15,203.66
4758,O002025,P0054,1,61.19,0.05,58.13
4759,O002025,P0084,1,487.4,0.0,487.4
4760,O002026,P0003,1,4654.17,0.1,4188.75
4761,O002026,P0020,1,2606.43,0.2,2085.14
4762,O002027,P0020,1,2434.58,0.1,2191.12
4763,O002027,P0054,1,60.6,0.0,60.6
4764,O002027,P0065,4,92.64,0.0,370.56
4765,O002028,P0003,2,4520.6,0.2,7232.96
4766,O002028,P0039,3,669.13,0.0,2007.39
4767,O002028,P0084,2,479.57,0.0,959.14
4768,O002029,P0003,2,4917.98,0.15,8360.57
4769,O002029,P0056,1,874.65,0.0,874.65
4770,O002029,P0020,1,2521.71,0.0,2521.71
4771,O002031,P0037,2,729.27,0.1,1312.69
4772,O002031,P0044,2,1012.14,0.0,2024.28
4773,O002031,P0039,2,712.49,0.0,1424.98
4774,O002031,P0009,1,2128.34,0.0,2128.34
4775,O002032,P0020,1,2282.54,0.0,2282.54
4776,O002032,P0053,3,69.04,0.0,207.12
4777,O002033,P0044,3,966.16,0.0,2898.48
4778,O002033,P0003,1,4846.93,0.0,4846.93
4779,O002033,P0077,1,301.15,0.0,301.15
4780,O002033,P0025,2,302.43,0.0,604.86
4781,O002034,P0080,4,131.6,0.2,421.12
4782,O002034,P0005,3,425.05,0.0,1275.15
4783,O002034,P0020,2,2553.29,0.0,5106.58
4784,O002034,P0054,2,61.63,0.05,117.1
4785,O002035,P0012,4,123.21,0.0,492.84
4786,O002035,P0071,5,50.74,0.15,215.64
4787,O002035,P0008,1,2392.84,0.05,2273.2
4788,O002036,P0080,3,128.15,0.05,365.23
4789,O002036,P0039,1,765.82,0.1,689.24
4790,O002036,P0086,5,206.72,0.0,1033.6
4791,O002037,P0039,2,748.28,0.0,1496.56
4792,O002037,P0059,3,98.95,0.1,267.17
4793,O002037,P0013,1,1407.09,0.0,1407.09
4794,O002037,P0020,2,2464.01,0.05,4681.62
4795,O002038,P0055,1,784.65,0.0,784.65
4796,O002038,P0084,3,461.83,0.0,1385.49
4797,O002039,P0067,5,258.26,0.0,1291.3
4798,O002039,P0080,3,114.2,0.05,325.47
4799,O002039,P0025,2,323.48,0.1,582.26
4800,O002039,P0048,5,108.54,0.0,542.7
4801,O002040,P0016,1,3396.72,0.2,2717.38
4802,O002040,P0054,4,58.1,0.0,232.4
4803,O002041,P0020,1,2379.66,0.0,2379.66
4804,O002042,P0053,5,65.71,0.15,279.27
4805,O002042,P0020,1,2594.58,0.0,2594.58
4806,O002043,P0054,1,61.28,0.0,61.28
4807,O002043,P0084,2,501.94,0.15,853.3
4808,O002045,P0054,4,56.05,0.05,212.99
4809,O002045,P0012,3,130.38,0.05,371.58
4810,O002045,P0084,2,491.8,0.1,885.24
4811,O002046,P0039,2,760.17,0.0,1520.34
4812,O002047,P0005,2,390.15,0.15,663.26
4813,O002048,P0077,1,306.01,0.05,290.71
4814,O002048,P0041,3,463.56,0.15,1182.08
4815,O002048,P0039,1,674.34,0.0,674.34
4816,O002049,P0032,1,122.39,0.0,122.39
4817,O002050,P0020,1,2444.94,0.0,2444.94
4818,O002051,P0079,3,149.13,0.2,357.91
4819,O002051,P0039,3,747.2,0.05,2129.52
4820,O002051,P0061,5,127.97,0.05,607.86
4821,O002051,P0084,2,487.08,0.0,974.16
4822,O002052,P0077,3,312.43,0.0,937.29
4823,O002052,P0020,2,2579.36,0.0,5158.72
4824,O002052,P0054,5,65.54,0.0,327.7
4825,O002052,P0087,2,179.09,0.0,358.18
4826,O002053,P0039,2,683.63,0.05,1298.9
4827,O002053,P0009,1,2090.93,0.0,2090.93
4828,O002053,P0053,4,64.97,0.0,259.88
4829,O002054,P0084,1,471.29,0.15,400.6
4830,O002055,P0084,1,487.58,0.0,487.58
4831,O002055,P0080,4,123.01,0.1,442.84
4832,O002055,P0064,4,97.75,0.0,391.0
4833,O002056,P0071,3,51.69,0.0,155.07
4834,O002056,P0055,2,722.17,0.0,1444.34
4835,O002057,P0009,1,2220.03,0.0,2220.03
4836,O002057,P0005,2,406.81,0.0,813.62
4837,O002057,P0020,2,2398.96,0.05,4558.02
4838,O002058,P0012,1,114.64,0.05,108.91
4839,O002058,P0071,3,54.2,0.0,162.6
4840,O002059,P0045,1,1031.07,0.0,1031.07
4841,O002059,P0077,3,306.17,0.0,918.51
4842,O002060,P0084,1,492.21,0.15,418.38
4843,O002061,P0039,2,694.53,0.0,1389.06
4844,O002061,P0032,4,115.21,0.0,460.84
4845,O002063,P0080,3,124.79,0.1,336.93
4846,O002063,P0087,1,200.21,0.15,170.18
4847,O002063,P0045,1,1098.74,0.05,1043.8
4848,O002063,P0015,2,1446.67,0.05,2748.67
4849,O002064,P0080,1,114.55,0.15,97.37
4850,O002064,P0020,2,2623.78,0.1,4722.8
4851,O002065,P0055,3,798.21,0.0,2394.63
4852,O002065,P0080,5,127.28,0.0,636.4
4853,O002066,P0005,2,426.62,0.05,810.58
4854,O002067,P0086,1,215.37,0.0,215.37
4855,O002068,P0080,1,115.35,0.0,115.35
4856,O002068,P0084,1,516.96,0.2,413.57
4857,O002069,P0058,1,114.64,0.05,108.91
4858,O002069,P0020,1,2383.36,0.0,2383.36
4859,O002069,P0039,2,751.81,0.15,1278.08
4860,O002069,P0071,4,56.82,0.0,227.28
4861,O002070,P0061,4,135.17,0.15,459.58
4862,O002070,P0020,2,2528.0,0.0,5056.0
4863,O002070,P0023,1,2962.92,0.0,2962.92
4864,O002071,P0005,3,416.09,0.0,1248.27
4865,O002071,P0067,3,260.32,0.0,780.96
4866,O002071,P0020,1,2388.95,0.0,2388.95
4867,O002071,P0025,3,323.04,0.0,969.12
4868,O002072,P0056,3,953.37,0.0,2860.11
4869,O002072,P0013,3,1420.18,0.0,4260.54
4870,O002072,P0002,1,4331.82,0.0,4331.82
4871,O002073,P0054,1,61.9,0.0,61.9
4872,O002073,P0008,2,2198.15,0.0,4396.3
4873,O002073,P0077,1,290.26,0.0,290.26
4874,O002075,P0013,3,1433.08,0.0,4299.24
4875,O002076,P0012,2,116.63,0.0,233.26
4876,O002076,P0067,5,235.99,0.0,1179.95
4877,O002077,P0032,1,116.75,0.0,116.75
4878,O002077,P0048,3,97.03,0.0,291.09
4879,O002077,P0045,1,1039.45,0.0,1039.45
4880,O002077,P0039,2,666.08,0.05,1265.55
4881,O002078,P0084,1,498.75,0.0,498.75
4882,O002079,P0020,1,2250.68,0.0,2250.68
4883,O002079,P0016,2,3601.82,0.0,7203.64
4884,O002080,P0005,2,405.54,0.1,729.97
4885,O002081,P0034,1,282.79,0.0,282.79
4886,O002081,P0039,2,726.67,0.0,1453.34
4887,O002081,P0080,1,123.2,0.0,123.2
4888,O002082,P0080,2,129.72,0.05,246.47
4889,O002082,P0054,2,64.85,0.0,129.7
4890,O002084,P0061,5,127.15,0.0,635.75
4891,O002084,P0012,3,119.5,0.05,340.58
4892,O002084,P0016,2,3171.84,0.2,5074.94
4893,O002085,P0058,1,106.03,0.0,106.03
4894,O002085,P0020,2,2345.09,0.0,4690.18
4895,O002085,P0008,1,2426.78,0.0,2426.78
4896,O002086,P0030,1,2536.59,0.05,2409.76
4897,O002086,P0084,1,469.03,0.15,398.68
4898,O002086,P0054,3,56.64,0.0,169.92
4899,O002086,P0062,2,134.45,0.0,268.9
4900,O002087,P0041,2,470.59,0.0,941.18
4901,O002087,P0084,2,518.86,0.0,1037.72
4902,O002087,P0005,2,380.38,0.0,760.76
4903,O002087,P0020,1,2379.0,0.1,2141.1
4904,O002088,P0003,1,4612.48,0.15,3920.61
4905,O002088,P0008,1,2230.45,0.05,2118.93
4906,O002088,P0080,2,121.76,0.0,243.52
4907,O002089,P0005,1,391.57,0.0,391.57
4908,O002089,P0052,2,64.73,0.05,122.99
4909,O002089,P0016,2,3163.49,0.0,6326.98
4910,O002090,P0020,2,2454.81,0.05,4664.14
4911,O002090,P0053,2,67.63,0.2,108.21
4912,O002090,P0057,1,929.43,0.0,929.43
4913,O002091,P0008,1,2300.94,0.0,2300.94
4914,O002092,P0080,5,126.73,0.05,601.97
4915,O002093,P0082,2,511.39,0.0,1022.78
4916,O002093,P0009,2,2104.54,0.0,4209.08
4917,O002093,P0005,3,415.15,0.2,996.36
4918,O002094,P0032,1,113.48,0.0,113.48
4919,O002094,P0012,3,125.69,0.0,377.07
4920,O002094,P0067,5,254.11,0.05,1207.02
4921,O002094,P0071,1,53.62,0.1,48.26
4922,O002096,P0045,2,1006.35,0.0,2012.7
4923,O002096,P0084,1,488.62,0.05,464.19
4924,O002096,P0020,2,2470.29,0.0,4940.58
4925,O002096,P0012,5,115.29,0.1,518.81
4926,O002097,P0054,4,58.36,0.1,210.1
4927,O002097,P0084,1,500.93,0.0,500.93
4928,O002097,P0020,1,2258.25,0.0,2258.25
4929,O002097,P0016,2,3298.07,0.15,5606.72
4930,O002098,P0022,1,2995.73,0.0,2995.73
4931,O002098,P0084,3,517.39,0.15,1319.34
4932,O002098,P0079,1,143.75,0.1,129.38
4933,O002098,P0065,2,93.08,0.05,176.85
4934,O002099,P0080,1,121.38,0.0,121.38
4935,O002099,P0020,2,2429.19,0.0,4858.38
4936,O002100,P0053,3,62.89,0.0,188.67
4937,O002100,P0084,3,492.85,0.0,1478.55
4938,O002100,P0086,2,184.47,0.0,368.94
4939,O002100,P0020,2,2558.51,0.1,4605.32
4940,O002101,P0003,1,4968.66,0.15,4223.36
4941,O002101,P0039,3,724.33,0.15,1847.04
4942,O002101,P0084,3,495.88,0.0,1487.64
4943,O002102,P0016,2,3228.35,0.2,5165.36
4944,O002102,P0058,1,99.8,0.1,89.82
4945,O002102,P0054,2,56.38,0.0,112.76
4946,O002102,P0039,2,744.54,0.05,1414.63
4947,O002103,P0086,5,207.75,0.0,1038.75
4948,O002103,P0079,5,142.83,0.0,714.15
4949,O002104,P0073,5,67.33,0.05,319.82
4950,O002104,P0039,2,696.6,0.2,1114.56
4951,O002104,P0058,5,116.26,0.0,581.3
4952,O002104,P0071,5,57.21,0.0,286.05
4953,O002105,P0087,4,178.16,0.1,641.38
4954,O002106,P0008,2,2479.74,0.2,3967.58
4955,O002106,P0020,2,2542.38,0.0,5084.76
4956,O002106,P0012,4,115.99,0.0,463.96
4957,O002106,P0067,5,262.57,0.0,1312.85
4958,O002107,P0074,3,71.42,0.0,214.26
4959,O002108,P0020,1,2317.95,0.0,2317.95
4960,O002108,P0067,3,246.36,0.05,702.13
4961,O002108,P0030,1,2467.4,0.0,2467.4
4962,O002108,P0054,3,60.97,0.1,164.62
4963,O002109,P0020,1,2446.45,0.2,1957.16
4964,O002109,P0052,2,59.02,0.0,118.04
4965,O002110,P0020,2,2249.2,0.0,4498.4
4966,O002110,P0038,2,635.76,0.0,1271.52
4967,O002110,P0008,1,2267.35,0.0,2267.35
4968,O002110,P0079,2,140.99,0.05,267.88
4969,O002111,P0054,3,62.06,0.0,186.18
4970,O002112,P0055,1,743.88,0.0,743.88
4971,O002113,P0030,1,2347.59,0.0,2347.59
4972,O002113,P0087,1,182.24,0.1,164.02
4973,O002114,P0087,5,181.27,0.0,906.35
4974,O002114,P0054,5,63.06,0.05,299.54
4975,O002114,P0012,3,126.56,0.15,322.73
4976,O002115,P0080,2,119.45,0.2,191.12
4977,O002116,P0039,2,654.7,0.0,1309.4
4978,O002116,P0080,1,118.01,0.15,100.31
4979,O002117,P0077,1,302.81,0.0,302.81
4980,O002118,P0053,3,70.02,0.0,210.06
4981,O002118,P0022,2,3289.83,0.0,6579.66
4982,O002119,P0003,2,4838.03,0.05,9192.26
4983,O002120,P0040,3,428.68,0.05,1221.74
4984,O002120,P0058,4,116.44,0.05,442.47
4985,O002120,P0039,3,667.73,0.0,2003.19
4986,O002121,P0004,1,359.24,0.2,287.39
4987,O002121,P0043,1,946.01,0.0,946.01
4988,O002121,P0020,1,2287.32,0.0,2287.32
4989,O002122,P0053,4,63.73,0.0,254.92
4990,O002122,P0063,1,107.41,0.0,107.41
4991,O002122,P0080,5,127.55,0.0,637.75
4992,O002122,P0055,3,777.62,0.2,1866.29
4993,O002123,P0062,3,126.34,0.1,341.12
4994,O002123,P0054,3,61.96,0.0,185.88
4995,O002125,P0080,5,118.01,0.1,531.05
4996,O002126,P0034,3,308.84,0.0,926.52
4997,O002126,P0071,2,53.39,0.15,90.76
4998,O002126,P0012,4,121.63,0.1,437.87
4999,O002128,P0012,4,122.56,0.15,416.7
5000,O002129,P0054,2,65.25,0.0,130.5
5001,O002130,P0008,2,2470.28,0.0,4940.56
5002,O002130,P0009,1,2111.18,0.0,2111.18
5003,O002130,P0059,3,107.63,0.1,290.6
5004,O002130,P0055,3,750.87,0.0,2252.61
5005,O002131,P0045,1,949.92,0.15,807.43
5006,O002132,P0029,1,2255.9,0.05,2143.1
5007,O002132,P0039,3,709.57,0.1,1915.84
5008,O002133,P0029,2,2445.24,0.05,4645.96
5009,O002133,P0039,2,662.64,0.0,1325.28
5010,O002133,P0084,2,482.19,0.0,964.38
5011,O002133,P0005,3,381.34,0.0,1144.02
5012,O002134,P0073,3,66.28,0.05,188.9
5013,O002136,P0020,2,2376.47,0.05,4515.29
5014,O002136,P0062,4,133.5,0.0,534.0
5015,O002136,P0008,2,2493.49,0.0,4986.98
5016,O002136,P0041,1,417.18,0.1,375.46
5017,O002137,P0082,3,464.03,0.0,1392.09
5018,O002137,P0054,1,60.93,0.0,60.93
5019,O002137,P0020,1,2430.75,0.0,2430.75
5020,O002138,P0054,5,58.37,0.0,291.85
5021,O002138,P0014,2,1400.38,0.0,2800.76
5022,O002138,P0037,3,739.5,0.05,2107.57
5023,O002138,P0039,1,669.2,0.0,669.2
5024,O002139,P0084,3,459.6,0.0,1378.8
5025,O002139,P0039,2,655.42,0.0,1310.84
5026,O002139,P0077,1,298.98,0.0,298.98
5027,O002141,P0020,2,2494.33,0.0,4988.66
5028,O002141,P0005,3,428.42,0.0,1285.26
5029,O002141,P0003,2,4856.29,0.05,9226.95
5030,O002142,P0020,1,2279.3,0.15,1937.41
5031,O002142,P0050,2,282.26,0.0,564.52
5032,O002142,P0084,3,454.62,0.05,1295.67
5033,O002143,P0034,1,294.63,0.0,294.63
5034,O002143,P0009,2,2111.72,0.0,4223.44
5035,O002143,P0086,2,206.87,0.0,413.74
5036,O002144,P0053,5,67.39,0.0,336.95
5037,O002144,P0084,3,451.2,0.05,1285.92
5038,O002144,P0008,2,2391.32,0.2,3826.11
5039,O002144,P0023,1,2958.42,0.0,2958.42
5040,O002145,P0049,3,318.35,0.0,955.05
5041,O002145,P0045,2,951.58,0.0,1903.16
5042,O002145,P0080,4,117.09,0.05,444.94
5043,O002145,P0009,1,2091.67,0.0,2091.67
5044,O002146,P0039,2,658.37,0.0,1316.74
5045,O002146,P0054,2,56.15,0.0,112.3
5046,O002146,P0020,2,2371.55,0.1,4268.79
5047,O002146,P0003,2,4770.06,0.05,9063.11
5048,O002147,P0053,2,68.2,0.2,109.12
5049,O002147,P0084,2,509.61,0.0,1019.22
5050,O002147,P0003,2,4905.72,0.0,9811.44
5051,O002147,P0044,1,1029.81,0.0,1029.81
5052,O002148,P0039,2,707.71,0.0,1415.42
5053,O002148,P0073,1,70.94,0.0,70.94
5054,O002148,P0054,5,57.3,0.0,286.5
5055,O002148,P0045,1,1079.71,0.0,1079.71
5056,O002149,P0020,2,2428.6,0.15,4128.62
5057,O002149,P0073,2,66.95,0.0,133.9
5058,O002149,P0084,2,495.39,0.05,941.24
5059,O002149,P0058,5,102.07,0.05,484.83
5060,O002150,P0030,2,2509.09,0.15,4265.45
5061,O002150,P0055,2,727.0,0.0,1454.0
5062,O002151,P0054,4,62.06,0.1,223.42
5063,O002152,P0058,2,105.9,0.0,211.8
5064,O002152,P0039,2,663.86,0.0,1327.72
5065,O002152,P0030,2,2425.89,0.0,4851.78
5066,O002152,P0054,1,64.61,0.0,64.61
5067,O002153,P0039,3,677.34,0.0,2032.02
5068,O002153,P0073,2,69.26,0.0,138.52
5069,O002154,P0028,1,2764.84,0.0,2764.84
5070,O002155,P0034,1,301.2,0.05,286.14
5071,O002155,P0025,3,283.56,0.0,850.68
5072,O002155,P0084,2,494.72,0.15,841.02
5073,O002155,P0054,4,62.76,0.0,251.04
5074,O002156,P0005,2,412.36,0.0,824.72
5075,O002157,P0005,2,414.25,0.0,828.5
5076,O002157,P0055,1,756.07,0.2,604.86
5077,O002158,P0080,3,128.63,0.0,385.89
5078,O002159,P0012,5,115.21,0.1,518.44
5079,O002159,P0063,5,106.21,0.0,531.05
5080,O002160,P0040,3,454.94,0.0,1364.82
5081,O002160,P0067,3,230.24,0.0,690.72
5082,O002160,P0020,1,2239.47,0.0,2239.47
5083,O002160,P0055,1,840.22,0.15,714.19
5084,O002161,P0048,1,103.24,0.0,103.24
5085,O002161,P0084,3,520.04,0.0,1560.12
5086,O002162,P0054,0,56.3,0.0,112.6
5087,O002163,P0012,3,129.99,0.15,331.47
5088,O002164,P0008,2,2286.62,0.0,4573.24
5089,O002165,P0032,1,120.95,0.15,102.81
5090,O002165,P0016,2,3161.29,0.0,6322.58
5091,O002166,P0063,4,113.03,0.0,452.12
5092,O002166,P0003,1,4457.29,0.0,4457.29
5093,O002166,P0044,2,1049.46,0.0,2098.92
5094,O002166,P0055,3,753.71,0.0,2261.13
5095,O002167,P0040,3,446.14,0.0,1338.42
5096,O002167,P0012,3,119.31,0.0,357.93
5097,O002169,P0054,5,62.81,0.1,282.65
5098,O002169,P0071,3,53.22,0.0,159.66
5099,O002169,P0061,2,132.89,0.0,265.78
5100,O002169,P0020,1,2598.95,0.0,2598.95
5101,O002170,P0002,1,3942.87,0.1,3548.58
5102,O002171,P0013,3,1461.81,0.0,4385.43
5103,O002171,P0084,2,520.57,0.05,989.08
5104,O002172,P0012,2,113.66,0.0,227.32
5105,O002173,P0016,2,3475.92,0.05,6604.25
5106,O002173,P0039,3,659.67,0.0,1979.01
5107,O002174,P0084,2,450.4,0.0,900.8
5108,O002174,P0054,2,62.19,0.0,124.38
5109,O002174,P0020,1,2250.39,0.0,2250.39
5110,O002175,P0020,1,2563.21,0.0,2563.21
5111,O002175,P0086,2,199.81,0.0,399.62
5112,O002175,P0077,3,284.86,0.0,854.58
5113,O002176,P0012,2,131.14,0.0,262.28
5114,O002176,P0020,2,2556.33,0.0,5112.66
5115,O002176,P0008,2,2347.18,0.0,4694.36
5116,O002176,P0039,3,760.53,0.05,2167.51
5117,O002177,P0080,2,117.55,0.1,211.59
5118,O002177,P0073,3,68.67,0.05,195.71
5119,O002177,P0059,4,97.11,0.15,330.17
5120,O002177,P0020,1,2397.54,0.0,2397.54
5121,O002178,P0012,3,128.78,0.1,347.71
5122,O002178,P0003,1,4633.07,0.0,4633.07
5123,O002178,P0005,2,402.12,0.0,804.24
5124,O002178,P0087,1,204.56,0.1,184.1
5125,O002179,P0084,1,486.9,0.0,486.9
5126,O002179,P0020,2,2413.52,0.0,4827.04
5127,O002179,P0039,3,687.16,0.0,2061.48
5128,O002179,P0008,1,2275.09,0.0,2275.09
5129,O002181,P0084,3,526.98,0.0,1580.94
5130,O002181,P0005,3,412.63,0.1,1114.1
5131,O002182,P0013,1,1430.07,0.05,1358.57
5132,O002182,P0012,4,132.3,0.0,529.2
5133,O002182,P0005,1,384.29,0.05,365.08
5134,O002182,P0020,1,2246.39,0.0,2246.39
5135,O002183,P0003,2,4850.21,0.0,9700.42
5136,O002183,P0084,3,451.96,0.1,1220.29
5137,O002183,P0086,3,184.58,0.05,526.05
5138,O002184,P0073,1,67.01,0.0,67.01
5139,O002184,P0045,2,1103.74,0.0,2207.48
5140,O002185,P0039,1,727.03,0.1,654.33
5141,O002187,P0084,1,472.11,0.05,448.5
5142,O002187,P0039,2,764.95,0.0,1529.9
5143,O002188,P0071,4,54.14,0.0,216.56
5144,O002188,P0077,3,277.31,0.0,831.93
5145,O002188,P0054,5,61.89,0.0,309.45
5146,O002188,P0039,3,715.3,0.05,2038.6
5147,O002189,P0041,1,422.2,0.15,358.87
5148,O002190,P0087,2,205.55,0.0,411.1
5149,O002190,P0054,4,60.88,0.0,243.52
5150,O002190,P0048,4,100.14,0.15,340.48
5151,O002191,P0012,3,125.71,0.0,377.13
5152,O002192,P0016,2,3349.0,0.0,6698.0
5153,O002193,P0044,3,1063.57,0.0,3190.71
5154,O002193,P0008,1,2289.02,0.05,2174.57
5155,O002193,P0020,2,2266.53,0.0,4533.06
5156,O002193,P0050,3,314.78,0.1,849.91
5157,O002194,P0087,1,197.15,0.0,197.15
5158,O002194,P0009,1,2046.65,0.05,1944.32
5159,O002194,P0077,2,288.35,0.15,490.2
5160,O002194,P0013,3,1314.64,0.0,3943.92
5161,O002195,P0086,1,204.14,0.2,163.31
5162,O002196,P0039,2,705.81,0.0,1411.62
5163,O002196,P0025,1,318.84,0.0,318.84
5164,O002196,P0003,2,4766.18,0.05,9055.74
5165,O002197,P0058,2,112.86,0.05,214.43
5166,O002197,P0065,5,104.3,0.0,521.5
5167,O002197,P0037,2,722.31,0.0,1444.62
5168,O002197,P0061,2,134.58,0.1,242.24
5169,O002198,P0055,1,721.33,0.0,721.33
5170,O002198,P0005,3,425.95,0.0,1277.85
5171,O002199,P0005,2,400.09,0.0,800.18
5172,O002200,P0058,3,100.59,0.0,301.77
5173,O002200,P0080,1,123.5,0.15,104.98
5174,O002200,P0053,3,71.57,0.0,214.71
5175,O002200,P0054,1,64.07,0.0,64.07
5176,O002202,P0058,3,103.97,0.1,280.72
5177,O002202,P0080,2,120.54,0.0,241.08
5178,O002203,P0050,3,293.58,0.15,748.63
5179,O002203,P0020,1,2277.42,0.0,2277.42
5180,O002203,P0008,2,2417.52,0.05,4593.29
5181,O002203,P0054,4,63.92,0.0,255.68
5182,O002204,P0029,1,2228.92,0.0,2228.92
5183,O002205,P0039,2,749.36,0.0,1498.72
5184,O002206,P0039,2,682.6,0.0,1365.2
5185,O002206,P0020,1,2506.94,0.0,2506.94
5186,O002206,P0041,2,430.29,0.0,860.58
5187,O002206,P0080,1,114.34,0.0,114.34
5188,O002207,P0009,2,1969.1,0.0,3938.2
5189,O002208,P0012,3,118.03,0.1,318.68
5190,O002210,P0012,5,132.23,0.05,628.09
5191,O002210,P0059,1,110.67,0.0,110.67
5192,O002211,P0003,2,4970.46,0.0,9940.92
5193,O002211,P0032,5,119.8,0.0,599.0
5194,O002213,P0005,1,409.96,0.0,409.96
5195,O002213,P0080,5,121.4,0.0,607.0
5196,O002213,P0055,3,742.15,0.0,2226.45
5197,O002214,P0084,2,457.97,0.1,824.35
5198,O002214,P0008,1,2189.42,0.1,1970.48
5199,O002214,P0067,4,236.2,0.0,944.8
5200,O002214,P0054,4,62.83,0.0,251.32
5201,O002215,P0084,3,522.43,0.0,1567.29
5202,O002215,P0067,1,234.23,0.1,210.81
5203,O002215,P0002,1,3938.6,0.0,3938.6
5204,O002215,P0032,4,128.43,0.05,488.03
5205,O002216,P0086,4,193.15,0.2,618.08
5206,O002216,P0020,1,2429.11,0.0,2429.11
5207,O002216,P0080,5,128.08,0.0,640.4
5208,O002217,P0080,4,126.75,0.0,507.0
5209,O002217,P0054,4,63.82,0.2,204.22
5210,O002217,P0084,2,482.19,0.05,916.16
5211,O002218,P0020,2,2260.53,0.05,4295.01
5212,O002218,P0012,5,118.93,0.0,594.65
5213,O002219,P0079,2,145.11,0.2,232.18
5214,O002219,P0005,3,404.46,0.0,1213.38
5215,O002219,P0020,2,2522.53,0.0,5045.06
5216,O002220,P0058,1,106.27,0.15,90.33
5217,O002220,P0084,1,455.12,0.0,455.12
5218,O002220,P0080,1,126.35,0.0,126.35
5219,O002221,P0005,2,431.23,0.0,862.46
5220,O002221,P0084,3,525.38,0.0,1576.14
5221,O002221,P0050,3,294.92,0.0,884.76
5222,O002222,P0020,1,2261.07,0.15,1921.91
5223,O002222,P0084,3,490.87,0.1,1325.35
5224,O002222,P0045,1,959.96,0.1,863.96
5225,O002222,P0054,2,61.31,0.0,122.62
5226,O002223,P0062,5,117.73,0.2,470.92
5227,O002223,P0084,1,494.2,0.0,494.2
5228,O002223,P0015,1,1347.07,0.05,1279.72
5229,O002224,P0013,2,1317.31,0.05,2502.89
5230,O002225,P0020,2,2422.28,0.0,4844.56
5231,O002225,P0087,1,195.08,0.0,195.08
5232,O002225,P0086,4,204.98,0.0,819.92
5233,O002226,P0045,1,1108.72,0.0,1108.72
5234,O002226,P0084,3,473.05,0.1,1277.24
5235,O002226,P0005,2,389.94,0.05,740.89
5236,O002226,P0020,2,2304.65,0.05,4378.84
5237,O002227,P0052,1,60.3,0.0,60.3
5238,O002227,P0043,1,996.29,0.0,996.29
5239,O002228,P0018,1,3887.65,0.1,3498.88
5240,O002228,P0020,1,2383.85,0.0,2383.85
5241,O002228,P0064,2,102.47,0.2,163.95
5242,O002228,P0016,1,3538.58,0.0,3538.58
5243,O002229,P0008,1,2241.17,0.0,2241.17
5244,O002229,P0043,2,992.77,0.0,1985.54
5245,O002229,P0087,2,197.47,0.0,394.94
5246,O002229,P0045,3,1005.12,0.0,3015.36
5247,O002230,P0005,1,399.52,0.0,399.52
5248,O002230,P0074,1,69.78,0.05,66.29
5249,O002230,P0044,1,984.06,0.0,984.06
5250,O002231,P0054,2,61.33,0.05,116.53
5251,O002231,P0077,2,278.21,0.1,500.78
5252,O002232,P0020,1,2480.15,0.0,2480.15
5253,O002232,P0087,3,190.03,0.0,570.09
5254,O002233,P0071,2,52.02,0.0,104.04
5255,O002233,P0039,3,698.05,0.05,1989.44
5256,O002233,P0009,2,2246.07,0.2,3593.71
5257,O002234,P0016,2,3512.69,0.0,7025.38
5258,O002234,P0084,2,507.1,0.0,1014.2
5259,O002234,P0039,2,707.39,0.0,1414.78
5260,O002235,P0054,5,65.8,0.0,329.0
5261,O002235,P0056,2,861.1,0.0,1722.2
5262,O002235,P0020,2,2323.37,0.0,4646.74
5263,O002236,P0005,2,427.43,0.0,854.86
5264,O002237,P0045,1,990.93,0.2,792.74
5265,O002237,P0052,5,63.52,0.0,317.6
5266,O002238,P0084,3,452.86,0.0,1358.58
5267,O002238,P0039,2,753.69,0.0,1507.38
5268,O002238,P0057,2,871.43,0.05,1655.72
5269,O002238,P0008,2,2410.77,0.0,4821.54
5270,O002239,P0020,2,2307.09,0.0,4614.18
5271,O002239,P0007,2,2179.14,0.15,3704.54
5272,O002240,P0020,2,2478.05,0.1,4460.49
5273,O002241,P0087,5,197.16,0.0,985.8
5274,O002242,P0012,4,118.48,0.05,450.22
5275,O002242,P0065,3,94.97,0.1,256.42
5276,O002243,P0080,2,129.29,0.0,258.58
5277,O002243,P0050,3,308.69,0.2,740.86
5278,O002244,P0054,1,59.8,0.0,59.8
5279,O002244,P0032,5,126.35,0.0,631.75
5280,O002245,P0022,1,3365.56,0.2,2692.45
5281,O002245,P0087,1,205.7,0.1,185.13
5282,O002246,P0020,2,2275.9,0.1,4096.62
5283,O002246,P0086,3,189.92,0.0,569.76
5284,O002246,P0047,1,86.53,0.0,86.53
5285,O002247,P0077,1,294.63,0.15,250.44
5286,O002247,P0080,1,116.95,0.0,116.95
5287,O002247,P0021,1,2464.0,0.0,2464.0
5288,O002248,P0005,3,375.85,0.0,1127.55
5289,O002248,P0032,4,111.94,0.05,425.37
5290,O002249,P0039,2,760.65,0.2,1217.04
5291,O002250,P0054,5,59.59,0.0,297.95
5292,O002250,P0020,2,2524.76,0.05,4797.04
5293,O002251,P0045,2,1060.0,0.0,2120.0
5294,O002251,P0087,3,183.37,0.0,550.11
5295,O002251,P0043,2,982.46,0.05,1866.67
5296,O002252,P0009,1,2181.96,0.1,1963.76
5297,O002252,P0005,3,409.75,0.0,1229.25
5298,O002252,P0034,1,290.63,0.05,276.1
5299,O002252,P0020,1,2564.14,0.0,2564.14
5300,O002253,P0013,2,1477.75,0.0,2955.5
5301,O002253,P0084,1,510.18,0.0,510.18
5302,O002253,P0020,2,2365.0,0.05,4493.5
5303,O002254,P0058,3,101.92,0.2,244.61
5304,O002254,P0084,2,495.22,0.15,841.87
5305,O002256,P0043,3,1022.72,0.05,2914.75
5306,O002256,P0008,1,2425.26,0.0,2425.26
5307,O002256,P0022,1,3078.29,0.0,3078.29
5308,O002257,P0015,1,1484.59,0.2,1187.67
5309,O002257,P0061,3,138.07,0.0,414.21
5310,O002258,P0050,2,279.81,0.0,559.62
5311,O002258,P0054,3,56.02,0.1,151.25
5312,O002259,P0020,2,2332.18,0.0,4664.36
5313,O002259,P0071,1,51.54,0.1,46.39
5314,O002259,P0084,2,526.02,0.0,1052.04
5315,O002259,P0054,3,57.95,0.0,173.85
5316,O002260,P0025,3,299.49,0.0,898.47
5317,O002261,P0067,4,232.81,0.0,931.24
5318,O002261,P0032,5,127.85,0.0,639.25
5319,O002261,P0055,3,742.7,0.0,2228.1
5320,O002262,P0063,2,121.23,0.0,242.46
5321,O002262,P0080,5,126.53,0.05,601.02
5322,O002262,P0084,2,476.64,0.0,953.28
5323,O002263,P0054,2,65.23,0.0,130.46
5324,O002264,P0053,2,64.42,0.0,128.84
5325,O002264,P0012,2,115.29,0.0,230.58
5326,O002264,P0080,4,113.28,0.0,453.12
5327,O002265,P0016,1,3248.75,0.1,2923.88
5328,O002265,P0048,1,109.74,0.0,109.74
5329,O002266,P0039,2,678.0,0.0,1356.0
5330,O002266,P0032,1,124.25,0.1,111.82
5331,O002266,P0020,1,2242.63,0.0,2242.63
5332,O002266,P0054,2,56.86,0.0,113.72
5333,O002267,P0008,1,2445.39,0.05,2323.12
5334,O002268,P0015,2,1428.74,0.2,2285.98
5335,O002268,P0080,4,120.54,0.0,482.16
5336,O002268,P0020,1,2312.39,0.1,2081.15
5337,O002268,P0084,1,472.83,0.0,472.83
5338,O002269,P0086,4,209.08,0.0,836.32
5339,O002270,P0073,1,72.83,0.0,72.83
5340,O002271,P0053,5,67.8,0.0,339.0
5341,O002272,P0053,2,61.6,0.15,104.72
5342,O002272,P0039,3,662.52,0.0,1987.56
5343,O002272,P0015,3,1441.75,0.05,4108.99
5344,O002273,P0028,1,2753.13,0.0,2753.13
5345,O002273,P0087,2,202.84,0.2,324.54
5346,O002273,P0012,1,129.46,0.05,122.99
5347,O002274,P0020,2,2410.24,0.05,4579.46
5348,O002274,P0080,1,130.5,0.0,130.5
5349,O002274,P0053,2,63.12,0.0,126.24
5350,O002275,P0023,2,2833.28,0.1,5099.9
5351,O002275,P0087,1,199.87,0.0,199.87
5352,O002275,P0005,2,414.45,0.0,828.9
5353,O002276,P0050,3,291.87,0.0,875.61
5354,O002276,P0038,3,660.73,0.0,1982.19
5355,O002276,P0058,5,114.16,0.0,570.8
5356,O002276,P0012,3,114.52,0.0,343.56
5357,O002277,P0016,2,3576.9,0.0,7153.8
5358,O002278,P0080,1,123.53,0.1,111.18
5359,O002278,P0020,2,2472.48,0.0,4944.96
5360,O002278,P0054,2,58.0,0.1,104.4
5361,O002279,P0008,2,2200.07,0.0,4400.14
5362,O002279,P0043,3,1017.73,0.0,3053.19
5363,O002279,P0053,4,62.45,0.05,237.31
5364,O002279,P0056,2,863.31,0.0,1726.62
5365,O002280,P0037,2,695.23,0.15,1181.89
5366,O002280,P0054,1,58.89,0.1,53.0
5367,O002280,P0020,1,2533.51,0.0,2533.51
5368,O002280,P0013,2,1486.77,0.0,2973.54
5369,O002281,P0054,2,65.4,0.1,117.72
5370,O002281,P0020,1,2477.8,0.0,2477.8
5371,O002281,P0045,3,1048.94,0.15,2674.8
5372,O002281,P0039,1,656.55,0.2,525.24
5373,O002282,P0034,2,314.48,0.2,503.17
5374,O002283,P0086,2,188.2,0.1,338.76
5375,O002284,P0043,3,1033.39,0.2,2480.14
5376,O002284,P0048,3,99.89,0.0,299.67
5377,O002284,P0087,1,188.02,0.2,150.42
5378,O002285,P0080,3,131.6,0.0,394.8
5379,O002285,P0003,1,4460.2,0.05,4237.19
5380,O002285,P0045,2,944.01,0.0,1888.02
5381,O002286,P0039,1,679.76,0.0,679.76
5382,O002286,P0044,1,940.85,0.05,893.81
5383,O002286,P0005,1,434.44,0.2,347.55
5384,O002286,P0054,4,61.7,0.15,209.78
5385,O002287,P0037,2,672.08,0.2,1075.33
5386,O002288,P0054,2,61.25,0.2,98.0
5387,O002288,P0053,2,72.03,0.0,144.06
5388,O002288,P0084,1,514.12,0.05,488.41
5389,O002288,P0020,1,2480.4,0.05,2356.38
5390,O002289,P0039,1,706.04,0.05,670.74
5391,O002291,P0071,3,53.72,0.05,153.1
5392,O002292,P0054,1,62.86,0.0,62.86
5393,O002292,P0045,3,1090.02,0.0,3270.06
5394,O002292,P0039,3,691.69,0.1,1867.56
5395,O002293,P0020,1,2367.59,0.0,2367.59
5396,O002293,P0077,2,272.63,0.0,545.26
5397,O002293,P0032,5,116.79,0.2,467.16
5398,O002294,P0084,1,481.97,0.0,481.97
5399,O002295,P0041,3,484.43,0.0,1453.29
5400,O002295,P0020,1,2298.05,0.1,2068.25
5401,O002295,P0080,1,118.24,0.0,118.24
5402,O002295,P0077,2,272.52,0.0,545.04
5403,O002296,P0055,3,791.78,0.0,2375.34
5404,O002296,P0052,1,61.13,0.0,61.13
5405,O002296,P0039,1,706.93,0.0,706.93
5406,O002296,P0032,1,119.25,0.0,119.25
5407,O002297,P0003,2,4767.69,0.15,8105.07
5408,O002297,P0012,1,113.37,0.0,113.37
5409,O002298,P0039,2,666.16,0.1,1199.09
5410,O002300,P0012,2,129.4,0.0,258.8
5411,O002301,P0067,4,265.03,0.15,901.1
5412,O002301,P0058,1,105.65,0.0,105.65
5413,O002301,P0047,3,93.66,0.15,238.83
5414,O002303,P0020,2,2235.1,0.0,4470.2
5415,O002303,P0050,1,294.83,0.05,280.09
5416,O002303,P0032,2,128.74,0.05,244.61
5417,O002304,P0013,2,1528.4,0.0,3056.8
5418,O002304,P0053,1,66.56,0.15,56.58
5419,O002304,P0015,1,1381.76,0.0,1381.76
5420,O002305,P0012,4,128.36,0.0,513.44
5421,O002305,P0080,5,116.45,0.15,494.91
5422,O002305,P0077,2,292.18,0.05,555.14
5423,O002306,P0080,5,119.84,0.0,599.2
5424,O002307,P0043,3,1029.79,0.05,2934.9
5425,O002307,P0080,1,127.3,0.0,127.3
5426,O002307,P0020,2,2301.34,0.0,4602.68
5427,O002307,P0045,3,1082.46,0.0,3247.38
5428,O002308,P0077,3,305.48,0.1,824.8
5429,O002308,P0045,1,965.37,0.0,965.37
5430,O002308,P0031,3,127.05,0.15,323.98
5431,O002309,P0071,4,50.8,0.0,203.2
5432,O002310,P0020,2,2530.94,0.0,5061.88
5433,O002310,P0054,1,59.29,0.15,50.4
5434,O002311,P0050,2,286.65,0.0,573.3
5435,O002312,P0055,2,726.51,0.0,1453.02
5436,O002312,P0020,1,2255.25,0.05,2142.49
5437,O002312,P0052,3,57.38,0.1,154.93
5438,O002312,P0032,2,127.26,0.0,254.52
5439,O002313,P0039,3,664.7,0.0,1994.1
5440,O002314,P0020,2,2541.78,0.0,5083.56
5441,O002315,P0039,3,696.24,0.0,2088.72
5442,O002315,P0087,3,196.15,0.15,500.18
5443,O002315,P0003,2,4703.49,0.0,9406.98
5444,O002315,P0032,5,122.6,0.05,582.35
5445,O002316,P0005,1,411.11,0.0,411.11
5446,O002316,P0020,2,2330.37,0.0,4660.74
5447,O002317,P0039,1,723.85,0.0,723.85
5448,O002317,P0054,5,60.23,0.05,286.09
5449,O002317,P0080,2,125.26,0.0,250.52
5450,O002320,P0079,5,150.64,0.15,640.22
5451,O002321,P0039,1,707.19,0.0,707.19
5452,O002321,P0005,3,378.18,0.0,1134.54
5453,O002321,P0071,3,50.09,0.0,150.27
5454,O002321,P0080,1,113.21,0.0,113.21
5455,O002322,P0020,1,2360.66,0.0,2360.66
5456,O002322,P0039,1,696.45,0.0,696.45
5457,O002322,P0084,2,519.35,0.05,986.76
5458,O002322,P0061,2,120.7,0.1,217.26
5459,O002323,P0063,3,117.58,0.15,299.83
5460,O002323,P0034,3,305.08,0.05,869.48
5461,O002323,P0071,5,52.31,0.05,248.47
5462,O002323,P0055,1,787.62,0.1,708.86
5463,O002324,P0044,2,1046.79,0.0,2093.58
5464,O002324,P0057,1,890.01,0.0,890.01
5465,O002326,P0012,1,114.46,0.05,108.74
5466,O002326,P0043,2,1010.41,0.0,2020.82
5467,O002327,P0020,1,2415.6,0.0,2415.6
5468,O002328,P0039,3,753.51,0.05,2147.5
5469,O002328,P0054,4,61.25,0.0,245.0
5470,O002329,P0087,3,179.81,0.2,431.54
5471,O002329,P0084,3,488.71,0.0,1466.13
5472,O002329,P0065,5,93.84,0.0,469.2
5473,O002329,P0005,2,378.02,0.0,756.04
5474,O002330,P0032,4,116.71,0.0,466.84
5475,O002330,P0080,5,129.1,0.0,645.5
5476,O002330,P0058,5,112.33,0.05,533.57
5477,O002331,P0077,1,294.97,0.1,265.47
5478,O002331,P0016,1,3541.32,0.0,3541.32
5479,O002331,P0008,1,2399.13,0.0,2399.13
5480,O002332,P0067,2,237.78,0.05,451.78
5481,O002332,P0054,1,58.13,0.0,58.13
5482,O002332,P0050,1,324.53,0.0,324.53
5483,O002332,P0077,3,274.78,0.1,741.91
5484,O002333,P0032,4,110.73,0.15,376.48
5485,O002333,P0071,3,50.49,0.0,151.47
5486,O002333,P0008,1,2220.23,0.0,2220.23
5487,O002333,P0039,3,670.76,0.1,1811.05
5488,O002334,P0045,2,1065.24,0.0,2130.48
5489,O002334,P0080,5,121.77,0.15,517.52
5490,O002335,P0047,4,86.07,0.1,309.85
5491,O002335,P0048,4,104.62,0.2,334.78
5492,O002336,P0073,5,70.83,0.0,354.15
5493,O002336,P0077,2,295.65,0.0,591.3
5494,O002336,P0044,1,994.78,0.0,994.78
5495,O002336,P0039,2,657.34,0.05,1248.95
5496,O002337,P0016,2,3219.93,0.0,6439.86
5497,O002337,P0080,1,129.71,0.1,116.74
5498,O002338,P0008,1,2261.91,0.1,2035.72
5499,O002338,P0003,1,4454.96,0.0,4454.96
5500,O002338,P0080,1,126.38,0.0,126.38
5501,O002339,P0044,2,1075.57,0.0,2151.14
5502,O002339,P0029,2,2140.64,0.15,3639.09
5503,O002339,P0080,3,117.7,0.0,353.1
5504,O002339,P0048,2,109.31,0.05,207.69
5505,O002340,P0012,4,117.74,0.0,470.96
5506,O002340,P0033,4,106.0,0.1,381.6
5507,O002341,P0054,4,59.07,0.05,224.47
5508,O002341,P0045,2,1043.59,0.0,2087.18
5509,O002341,P0039,1,694.77,0.05,660.03
5510,O002342,P0039,2,700.79,0.1,1261.42
5511,O002342,P0012,1,127.57,0.05,121.19
5512,O002342,P0084,3,475.16,0.1,1282.93
5513,O002342,P0074,5,77.99,0.0,389.95
5514,O002343,P0086,5,213.09,0.0,1065.45
5515,O002343,P0034,2,303.88,0.0,607.76
5516,O002344,P0084,1,468.57,0.0,468.57
5517,O002344,P0054,4,64.55,0.0,258.2
5518,O002344,P0013,2,1439.03,0.05,2734.16
5519,O002345,P0084,3,464.83,0.05,1324.77
5520,O002346,P0037,2,678.68,0.05,1289.49
5521,O002347,P0020,2,2320.25,0.05,4408.47
5522,O002347,P0039,1,678.55,0.0,678.55
5523,O002347,P0084,1,518.55,0.0,518.55
5524,O002348,P0084,1,461.22,0.1,415.1
5525,O002348,P0056,2,875.52,0.0,1751.04
5526,O002348,P0080,4,114.11,0.0,456.44
5527,O002349,P0084,3,453.04,0.15,1155.25
5528,O002349,P0054,3,65.69,0.0,197.07
5529,O002351,P0086,4,214.4,0.05,814.72
5530,O002352,P0008,2,2237.38,0.0,4474.76
5531,O002352,P0047,3,95.0,0.0,285.0
5532,O002352,P0080,5,115.63,0.0,578.15
5533,O002353,P0008,2,2344.14,0.0,4688.28
5534,O002353,P0005,3,410.91,0.0,1232.73
5535,O002353,P0084,2,451.36,0.0,902.72
5536,O002354,P0011,1,143.57,0.15,122.03
5537,O002354,P0015,2,1294.95,0.2,2071.92
5538,O002354,P0084,2,509.35,0.0,1018.7
5539,O002354,P0020,1,2583.18,0.1,2324.86
5540,O002355,P0020,2,2441.31,0.0,4882.62
5541,O002355,P0077,3,281.55,0.05,802.42
5542,O002356,P0005,1,432.04,0.0,432.04
5543,O002356,P0022,1,3214.06,0.15,2731.95
5544,O002356,P0054,5,57.75,0.0,288.75
5545,O002356,P0043,2,930.41,0.0,1860.82
5546,O002357,P0039,0,651.75,0.1,586.58
5547,O002357,P0050,2,293.59,0.05,557.82
5548,O002358,P0020,1,2240.63,0.0,2240.63
5549,O002358,P0054,1,60.51,0.1,54.46
5550,O002359,P0077,3,315.88,0.0,947.64
5551,O002359,P0003,2,4762.09,0.0,9524.18
5552,O002359,P0039,1,651.09,0.2,520.87
5553,O002359,P0054,2,62.08,0.05,117.95
5554,O002360,P0020,2,2511.54,0.0,5023.08
5555,O002361,P0073,3,68.3,0.15,174.16
5556,O002362,P0045,2,955.2,0.0,1910.4
5557,O002362,P0034,3,283.21,0.0,849.63
5558,O002363,P0079,5,129.7,0.0,648.5
5559,O002363,P0043,2,951.34,0.05,1807.55
5560,O002363,P0054,2,61.0,0.0,122.0
5561,O002364,P0061,2,121.86,0.0,243.72
5562,O002364,P0077,1,301.21,0.0,301.21
5563,O002365,P0034,3,301.48,0.0,904.44
5564,O002366,P0004,2,380.57,0.0,761.14
5565,O002366,P0039,1,762.22,0.0,762.22
5566,O002366,P0077,3,286.41,0.15,730.35
5567,O002367,P0063,2,108.38,0.0,216.76
5568,O002367,P0058,1,106.06,0.05,100.76
5569,O002367,P0054,3,58.71,0.05,167.32
5570,O002367,P0015,3,1377.6,0.0,4132.8
5571,O002368,P0045,3,999.26,0.05,2847.89
5572,O002369,P0084,3,472.99,0.2,1135.18
5573,O002369,P0025,3,280.03,0.15,714.08
5574,O002369,P0045,2,968.2,0.05,1839.58
5575,O002369,P0022,2,2985.94,0.0,5971.88
5576,O002370,P0053,3,68.36,0.05,194.83
5577,O002370,P0025,3,280.15,0.0,840.45
5578,O002370,P0080,3,128.99,0.15,328.92
5579,O002370,P0054,4,63.22,0.0,252.88
5580,O002371,P0020,2,2617.35,0.05,4972.96
5581,O002372,P0030,1,2214.54,0.0,2214.54
5582,O002373,P0005,2,380.8,0.0,761.6
5583,O002373,P0039,1,708.9,0.0,708.9
5584,O002373,P0020,2,2398.75,0.2,3838.0
5585,O002373,P0087,4,179.99,0.0,719.96
5586,O002374,P0039,3,720.52,0.0,2161.56
5587,O002374,P0032,5,127.63,0.0,638.15
5588,O002374,P0012,3,114.17,0.0,342.51
5589,O002375,P0054,4,60.18,0.0,240.72
5590,O002375,P0012,3,131.33,0.2,315.19
5591,O002377,P0071,2,52.04,0.0,104.08
5592,O002377,P0084,3,453.22,0.0,1359.66
5593,O002378,P0015,1,1354.1,0.05,1286.39
5594,O002378,P0013,2,1355.69,0.05,2575.81
5595,O002379,P0045,1,1072.93,0.0,1072.93
5596,O002379,P0054,2,65.48,0.05,124.41
5597,O002379,P0003,2,4545.7,0.0,9091.4
5598,O002379,P0080,5,121.61,0.0,608.05
5599,O002380,P0034,1,291.32,0.05,276.75
5600,O002380,P0030,1,2235.18,0.0,2235.18
5601,O002380,P0005,3,418.24,0.05,1191.98
5602,O002381,P0012,5,118.47,0.0,592.35
5603,O002381,P0084,1,526.36,0.0,526.36
5604,O002382,P0054,4,63.58,0.0,254.32
5605,O002382,P0080,5,128.93,0.1,580.19
5606,O002383,P0016,2,3487.9,0.0,6975.8
5607,O002383,P0044,3,965.54,0.05,2751.79
5608,O002383,P0034,1,312.34,0.0,312.34
5609,O002384,P0045,2,1026.46,0.0,2052.92
5610,O002384,P0025,2,287.24,0.0,574.48
5611,O002384,P0005,3,376.98,0.0,1130.94
5612,O002385,P0039,1,677.12,0.05,643.26
5613,O002385,P0055,1,750.47,0.05,712.95
5614,O002385,P0087,2,179.62,0.0,359.24
5615,O002385,P0045,1,967.96,0.05,919.56
5616,O002386,P0071,5,52.31,0.0,261.55
5617,O002386,P0022,1,3368.02,0.0,3368.02
5618,O002387,P0067,1,255.17,0.2,204.14
5619,O002387,P0032,2,116.11,0.0,232.22
5620,O002387,P0045,3,1032.08,0.0,3096.24
5621,O002388,P0039,1,673.61,0.0,673.61
5622,O002388,P0086,1,208.34,0.0,208.34
5623,O002388,P0047,1,94.85,0.0,94.85
5624,O002388,P0087,5,199.87,0.0,999.35
5625,O002389,P0086,5,200.89,0.05,954.23
5626,O002389,P0022,2,3255.83,0.05,6186.08
5627,O002389,P0005,3,374.08,0.0,1122.24
5628,O002390,P0005,1,394.97,0.05,375.22
5629,O002390,P0086,5,185.89,0.05,882.98
5630,O002391,P0044,2,977.6,0.0,1955.2
5631,O002391,P0009,1,2061.1,0.0,2061.1
5632,O002392,P0016,2,3356.31,0.0,6712.62
5633,O002393,P0084,1,498.18,0.0,498.18
5634,O002393,P0020,1,2481.66,0.0,2481.66
5635,O002394,P0020,1,2558.33,0.0,2558.33
5636,O002394,P0016,1,3419.72,0.0,3419.72
5637,O002395,P0039,1,724.39,0.1,651.95
5638,O002396,P0043,1,952.42,0.0,952.42
5639,O002397,P0080,2,131.01,0.0,262.02
5640,O002398,P0080,5,131.42,0.05,624.24
5641,O002398,P0073,2,73.66,0.0,147.32
5642,O002398,P0084,1,528.9,0.1,476.01
5643,O002399,P0080,4,122.44,0.0,489.76
5644,O002400,P0020,2,2359.64,0.0,4719.28
5645,O002400,P0012,1,113.3,0.0,113.3
5646,O002401,P0040,2,461.42,0.0,922.84
5647,O002401,P0053,2,70.66,0.05,134.25
5648,O002401,P0008,1,2456.57,0.1,2210.91
5649,O002402,P0005,3,430.61,0.0,1291.83
5650,O002402,P0087,1,198.46,0.15,168.69
5651,O002403,P0047,5,91.49,0.0,457.45
5652,O002403,P0045,1,959.88,0.15,815.9
5653,O002404,P0045,1,1108.8,0.0,1108.8
5654,O002404,P0080,5,121.82,0.0,609.1
5655,O002404,P0056,3,851.06,0.0,2553.18
5656,O002404,P0020,2,2582.74,0.0,5165.48
5657,O002405,P0054,4,58.39,0.0,233.56
5658,O002406,P0084,1,502.12,0.0,502.12
5659,O002407,P0012,3,120.35,0.15,306.89
5660,O002408,P0084,3,520.22,0.05,1482.63
5661,O002408,P0050,2,282.96,0.0,565.92
5662,O002408,P0021,2,2599.29,0.0,5198.58
5663,O002409,P0020,2,2457.15,0.1,4422.87
5664,O002410,P0039,1,700.31,0.15,595.26
5665,O002410,P0071,3,55.26,0.05,157.49
5666,O002410,P0008,1,2274.18,0.1,2046.76
5667,O002411,P0080,3,123.71,0.0,371.13
5668,O002411,P0087,1,182.11,0.15,154.79
5669,O002411,P0039,3,761.08,0.0,2283.24
5670,O002411,P0055,3,717.75,0.05,2045.59
5671,O002412,P0054,2,61.68,0.0,123.36
5672,O002412,P0045,1,986.98,0.15,838.93
5673,O002413,P0039,1,653.7,0.0,653.7
5674,O002414,P0020,1,2258.14,0.05,2145.23
5675,O002414,P0045,3,946.29,0.05,2696.93
5676,O002415,P0032,1,112.17,0.0,112.17
5677,O002416,P0050,3,280.27,0.0,840.81
5678,O002416,P0084,3,475.29,0.0,1425.87
5679,O002417,P0052,3,57.38,0.0,172.14
5680,O002417,P0020,1,2488.27,0.0,2488.27
5681,O002419,P0086,2,192.93,0.0,385.86
5682,O002419,P0054,2,60.79,0.0,121.58
5683,O002420,P0028,2,2801.41,0.0,5602.82
5684,O002422,P0080,1,125.17,0.1,112.65
5685,O002422,P0020,2,2236.73,0.0,4473.46
5686,O002422,P0067,4,244.82,0.0,979.28
5687,O002422,P0084,3,511.42,0.05,1457.55
5688,O002423,P0030,2,2488.35,0.0,4976.7
5689,O002423,P0009,1,2020.68,0.0,2020.68
5690,O002424,P0039,2,706.68,0.0,1413.36
5691,O002424,P0064,1,103.11,0.0,103.11
5692,O002424,P0020,2,2294.14,0.0,4588.28
5693,O002425,P0020,1,2306.27,0.0,2306.27
5694,O002425,P0012,5,120.95,0.0,604.75
5695,O002426,P0045,2,999.2,0.0,1998.4
5696,O002426,P0029,2,2268.76,0.2,3630.02
5697,O002427,P0008,2,2535.66,0.05,4817.75
5698,O002427,P0053,5,65.69,0.05,312.03
5699,O002428,P0047,5,86.04,0.0,430.2
5700,O002429,P0008,2,2418.32,0.0,4836.64
5701,O002429,P0025,1,305.54,0.0,305.54
5702,O002430,P0084,3,528.49,0.0,1585.47
5703,O002431,P0002,1,3824.0,0.0,3824.0
5704,O002431,P0009,1,2015.79,0.0,2015.79
5705,O002431,P0084,2,503.79,0.0,1007.58
5706,O002431,P0080,1,119.63,0.0,119.63
5707,O002432,P0054,3,58.98,0.0,176.94
5708,O002433,P0012,5,122.28,0.0,611.4
5709,O002433,P0080,2,122.35,0.0,244.7
5710,O002433,P0050,3,319.09,0.05,909.41
5711,O002434,P0020,2,2581.73,0.0,5163.46
5712,O002434,P0026,1,303.07,0.2,242.46
5713,O002434,P0029,1,2270.1,0.15,1929.58
5714,O002434,P0015,2,1350.41,0.0,2700.82
5715,O002435,P0054,3,58.18,0.0,174.54
5716,O002435,P0020,2,2574.59,0.1,4634.26
5717,O002435,P0087,4,194.82,0.05,740.32
5718,O002435,P0065,3,96.87,0.0,290.61
5719,O002436,P0087,3,181.7,0.0,545.1
5720,O002436,P0058,4,102.2,0.0,408.8
5721,O002436,P0012,5,125.74,0.1,565.83
5722,O002437,P0020,1,2265.55,0.0,2265.55
5723,O002437,P0009,2,1944.65,0.05,3694.84
5724,O002438,P0080,5,121.94,0.0,609.7
5725,O002438,P0045,2,1047.99,0.1,1886.38
5726,O002438,P0084,3,498.65,0.0,1495.95
5727,O002439,P0087,5,190.08,0.0,950.4
5728,O002440,P0039,2,683.46,0.0,1366.92
5729,O002441,P0015,1,1392.03,0.1,1252.83
5730,O002441,P0012,5,119.75,0.15,508.94
5731,O002442,P0086,5,207.46,0.0,1037.3
5732,O002442,P0071,1,51.75,0.0,51.75
5733,O002443,P0032,2,125.28,0.0,250.56
5734,O002443,P0071,3,56.31,0.2,135.14
5735,O002443,P0011,5,141.12,0.1,635.04
5736,O002443,P0084,3,485.69,0.0,1457.07
5737,O002444,P0020,2,2286.19,0.0,4572.38
5738,O002444,P0039,3,659.55,0.15,1681.85
5739,O002445,P0005,2,375.94,0.15,639.1
5740,O002445,P0020,2,2567.99,0.0,5135.98
5741,O002445,P0086,5,199.93,0.0,999.65
5742,O002446,P0020,1,2528.67,0.0,2528.67
5743,O002446,P0030,1,2386.14,0.05,2266.83
5744,O002446,P0031,3,125.1,0.05,356.54
5745,O002446,P0065,4,91.63,0.1,329.87
5746,O002447,P0087,4,188.25,0.05,715.35
5747,O002447,P0016,1,3478.26,0.0,3478.26
5748,O002447,P0012,5,115.42,0.0,577.1
5749,O002447,P0084,3,525.37,0.0,1576.11
5750,O002448,P0039,2,740.27,0.0,1480.54
5751,O002448,P0077,3,286.59,0.0,859.77
5752,O002448,P0080,4,120.38,0.0,481.52
5753,O002449,P0021,1,2648.83,0.0,2648.83
5754,O002450,P0084,1,504.26,0.0,504.26
5755,O002450,P0045,3,956.77,0.2,2296.25
5756,O002450,P0054,3,63.11,0.0,189.33
5757,O002450,P0007,2,2282.19,0.0,4564.38
5758,O002451,P0065,5,96.16,0.05,456.76
5759,O002451,P0008,2,2470.57,0.0,4941.14
5760,O002452,P0071,5,53.5,0.05,254.12
5761,O002452,P0063,4,121.55,0.05,461.89
5762,O002452,P0058,2,100.92,0.1,181.66
5763,O002452,P0084,1,490.05,0.2,392.04
5764,O002454,P0058,2,106.09,0.0,212.18
5765,O002454,P0039,2,750.71,0.2,1201.14
5766,O002454,P0005,2,405.55,0.15,689.44
5767,O002455,P0020,2,2244.59,0.1,4040.26
5768,O002456,P0071,3,54.61,0.0,163.83
5769,O002458,P0032,3,114.52,0.05,326.38
5770,O002458,P0058,1,111.97,0.1,100.77
5771,O002458,P0005,2,419.75,0.15,713.58
5772,O002458,P0039,1,660.47,0.0,660.47
5773,O002459,P0039,1,753.9,0.2,603.12
5774,O002460,P0030,1,2229.45,0.05,2117.98
5775,O002460,P0084,1,480.0,0.1,432.0
5776,O002461,P0050,3,305.66,0.2,733.58
5777,O002461,P0080,2,127.06,0.15,216.0
5778,O002461,P0025,2,314.79,0.05,598.1
5779,O002461,P0008,1,2307.39,0.0,2307.39
5780,O002462,P0080,1,125.48,0.0,125.48
5781,O002462,P0039,1,691.19,0.05,656.63
5782,O002462,P0077,3,301.24,0.0,903.72
5783,O002462,P0063,1,114.18,0.1,102.76
5784,O002463,P0034,2,292.85,0.0,585.7
5785,O002463,P0039,1,747.79,0.0,747.79
5786,O002464,P0016,1,3236.93,0.0,3236.93
5787,O002464,P0005,2,375.73,0.0,751.46
5788,O002464,P0039,2,681.69,0.0,1363.38
5789,O002464,P0079,2,133.29,0.0,266.58
5790,O002465,P0087,1,183.04,0.0,183.04
5791,O002465,P0054,3,58.37,0.1,157.6
5792,O002465,P0032,2,114.31,0.05,217.19
5793,O002466,P0044,1,1023.99,0.05,972.79
5794,O002467,P0039,3,694.36,0.05,1978.93
5795,O002468,P0043,1,991.12,0.0,991.12
5796,O002468,P0080,3,129.47,0.1,349.57
5797,O002468,P0020,2,2291.89,0.0,4583.78
5798,O002469,P0084,1,469.3,0.0,469.3
5799,O002469,P0063,4,109.53,0.0,438.12
5800,O002469,P0054,5,58.51,0.0,292.55
5801,O002470,P0020,1,2284.49,0.1,2056.04
5802,O002471,P0013,3,1447.07,0.0,4341.21
5803,O002472,P0071,3,55.55,0.0,166.65
5804,O002473,P0003,2,4734.02,0.0,9468.04
5805,O002473,P0039,1,689.8,0.0,689.8
5806,O002473,P0008,1,2430.32,0.05,2308.8
5807,O002474,P0073,3,72.72,0.0,218.16
5808,O002474,P0005,1,374.46,0.1,337.01
5809,O002474,P0054,5,59.07,0.0,295.35
5810,O002475,P0020,1,2465.18,0.05,2341.92
5811,O002476,P0020,1,2563.69,0.1,2307.32
5812,O002476,P0009,2,2225.77,0.0,4451.54
5813,O002477,P0045,3,1009.14,0.0,3027.42
5814,O002478,P0071,4,56.99,0.0,227.96
5815,O002478,P0073,1,68.21,0.0,68.21
5816,O002478,P0029,2,2329.03,0.0,4658.06
5817,O002479,P0034,1,285.2,0.1,256.68
5818,O002479,P0084,3,493.68,0.0,1481.04
5819,O002481,P0013,3,1369.95,0.0,4109.85
5820,O002482,P0058,4,108.56,0.0,434.24
5821,O002482,P0080,4,112.75,0.1,405.9
5822,O002483,P0079,4,133.76,0.0,535.04
5823,O002483,P0007,1,2423.95,0.05,2302.75
5824,O002483,P0084,1,461.6,0.1,415.44
5825,O002484,P0053,4,65.99,0.0,263.96
5826,O002484,P0032,1,112.01,0.2,89.61
5827,O002484,P0054,1,56.08,0.0,56.08
5828,O002485,P0032,3,119.9,0.0,359.7
5829,O002485,P0003,2,4900.08,0.0,9800.16
5830,O002486,P0009,1,2227.06,0.0,2227.06
5831,O002486,P0073,2,68.55,0.15,116.54
5832,O002486,P0031,3,127.01,0.0,381.03
5833,O002487,P0043,1,935.29,0.0,935.29
5834,O002489,P0045,1,1035.09,0.0,1035.09
5835,O002489,P0020,2,2509.65,0.05,4768.34
5836,O002489,P0039,2,730.9,0.0,1461.8
5837,O002489,P0005,1,422.48,0.15,359.11
5838,O002490,P0016,1,3361.36,0.0,3361.36
5839,O002490,P0053,5,71.93,0.0,359.65
5840,O002490,P0084,3,521.4,0.05,1485.99
5841,O002490,P0032,2,116.83,0.1,210.29
5842,O002491,P0053,1,67.39,0.0,67.39
5843,O002491,P0020,1,2484.47,0.05,2360.25
5844,O002492,P0058,1,112.94,0.0,112.94
5845,O002492,P0067,3,267.2,0.1,721.44
5846,O002492,P0087,4,202.91,0.0,811.64
5847,O002493,P0037,3,727.79,0.0,2183.37
5848,O002494,P0080,5,122.95,0.0,614.75
5849,O002495,P0008,1,2185.27,0.05,2076.01
5850,O002495,P0039,3,699.6,0.0,2098.8
5851,O002496,P0032,4,119.81,0.0,479.24
5852,O002496,P0087,2,186.73,0.2,298.77
5853,O002497,P0071,1,54.54,0.0,54.54
5854,O002497,P0048,5,104.12,0.15,442.51
5855,O002497,P0032,2,119.83,0.1,215.69
5856,O002497,P0008,1,2519.02,0.05,2393.07
5857,O002498,P0034,2,304.62,0.15,517.85
5858,O002498,P0020,2,2438.14,0.05,4632.47
5859,O002498,P0054,1,65.28,0.0,65.28
5860,O002498,P0059,5,104.25,0.05,495.19
5861,O002499,P0025,1,283.03,0.15,240.58
5862,O002500,P0020,2,2492.16,0.05,4735.1
5863,O002500,P0039,3,674.06,0.0,2022.18
5864,O002500,P0012,4,114.5,0.0,458.0
5865,O002501,P0039,1,701.8,0.2,561.44
5866,O002502,P0043,1,1040.87,0.2,832.7
5867,O002502,P0039,2,667.4,0.0,1334.8
5868,O002502,P0020,2,2398.18,0.05,4556.54
5869,O002504,P0084,2,485.43,0.2,776.69
5870,O002504,P0005,3,412.65,0.0,1237.95
5871,O002504,P0016,1,3592.9,0.2,2874.32
5872,O002504,P0074,1,70.14,0.0,70.14
5873,O002505,P0012,1,132.44,0.0,132.44
5874,O002505,P0020,2,2441.84,0.0,4883.68
5875,O002505,P0084,1,482.96,0.0,482.96
5876,O002505,P0008,2,2186.43,0.1,3935.57
5877,O002506,P0032,3,126.05,0.0,378.15
5878,O002506,P0087,1,177.79,0.0,177.79
5879,O002506,P0080,2,119.59,0.0,239.18
5880,O002508,P0077,2,289.32,0.0,578.64
5881,O002508,P0087,1,197.17,0.2,157.74
5882,O002508,P0084,2,502.71,0.1,904.88
5883,O002508,P0086,5,212.55,0.0,1062.75
5884,O002509,P0080,3,120.06,0.1,324.16
5885,O002509,P0034,1,318.37,0.0,318.37
5886,O002510,P0039,3,737.2,0.05,2101.02
5887,O002510,P0012,1,114.29,0.0,114.29
5888,O002510,P0027,1,326.4,0.1,293.76
5889,O002510,P0020,1,2249.33,0.0,2249.33
5890,O002511,P0032,5,128.41,0.15,545.74
5891,O002511,P0020,1,2274.88,0.0,2274.88
5892,O002511,P0053,3,64.78,0.1,174.91
5893,O002512,P0087,4,193.67,0.0,774.68
5894,O002513,P0045,1,1090.1,0.05,1035.59
5895,O002513,P0062,5,124.34,0.2,497.36
5896,O002513,P0005,1,389.1,0.0,389.1
5897,O002515,P0048,2,94.4,0.1,169.92
5898,O002515,P0039,2,763.37,0.05,1450.4
5899,O002515,P0043,3,958.91,0.15,2445.22
5900,O002515,P0008,2,2291.63,0.0,4583.26
5901,O002516,P0044,2,931.2,0.05,1769.28
5902,O002516,P0039,3,665.7,0.0,1997.1
5903,O002516,P0053,3,71.23,0.0,213.69
5904,O002516,P0084,2,497.71,0.05,945.65
5905,O002517,P0058,2,103.23,0.0,206.46
5906,O002517,P0045,3,1095.04,0.0,3285.12
5907,O002517,P0028,1,2780.27,0.0,2780.27
5908,O002517,P0039,2,684.78,0.0,1369.56
5909,O002518,P0058,1,100.37,0.0,100.37
5910,O002518,P0023,1,3164.22,0.0,3164.22
5911,O002519,P0020,2,2593.53,0.1,4668.35
5912,O002520,P0058,4,100.01,0.1,360.04
5913,O002521,P0022,1,3322.46,0.05,3156.34
5914,O002521,P0020,1,2358.92,0.0,2358.92
5915,O002521,P0039,3,724.86,0.0,2174.58
5916,O002521,P0080,1,113.82,0.0,113.82
5917,O002522,P0053,1,63.28,0.0,63.28
5918,O002522,P0012,3,117.32,0.0,351.96
5919,O002522,P0016,2,3552.05,0.0,7104.1
5920,O002523,P0028,2,2727.68,0.0,5455.36
5921,O002523,P0039,3,691.33,0.0,2073.99
5922,O002523,P0020,2,2367.3,0.15,4024.41
5923,O002523,P0048,4,105.25,0.0,421.0
5924,O002524,P0012,2,125.64,0.0,251.28
5925,O002524,P0039,2,721.34,0.15,1226.28
5926,O002524,P0084,2,481.38,0.05,914.62
5927,O002525,P0054,5,56.57,0.0,282.85
5928,O002525,P0058,3,115.27,0.1,311.23
5929,O002525,P0080,1,127.77,0.0,127.77
5930,O002525,P0039,1,717.37,0.0,717.37
5931,O002527,P0013,1,1523.11,0.15,1294.64
5932,O002527,P0077,1,303.57,0.1,273.21
5933,O002527,P0080,2,127.62,0.15,216.95
5934,O002527,P0054,1,62.68,0.15,53.28
5935,O002528,P0013,1,1373.58,0.15,1167.54
5936,O002528,P0087,4,192.0,0.0,768.0
5937,O002528,P0080,1,130.96,0.2,104.77
5938,O002530,P0080,1,130.9,0.1,117.81
5939,O002530,P0008,1,2281.87,0.0,2281.87
5940,O002530,P0084,1,485.51,0.0,485.51
5941,O002531,P0012,4,124.71,0.05,473.9
5942,O002531,P0054,4,59.04,0.1,212.54
5943,O002531,P0013,1,1447.42,0.0,1447.42
5944,O002531,P0020,2,2285.35,0.0,4570.7
5945,O002532,P0073,2,65.33,0.05,124.13
5946,O002532,P0080,4,129.48,0.15,440.23
5947,O002532,P0003,1,4244.96,0.0,4244.96
5948,O002533,P0020,2,2299.43,0.1,4138.97
5949,O002534,P0054,1,59.37,0.0,59.37
5950,O002534,P0034,3,303.09,0.0,909.27
5951,O002535,P0025,1,291.57,0.2,233.26
5952,O002535,P0039,1,695.43,0.05,660.66
5953,O002536,P0020,2,2517.48,0.2,4027.97
5954,O002537,P0047,4,87.69,0.1,315.68
5955,O002537,P0063,2,116.96,0.0,233.92
5956,O002537,P0077,1,289.12,0.05,274.66
5957,O002538,P0032,5,114.6,0.0,573.0
5958,O002538,P0045,2,1102.08,0.1,1983.74
5959,O002538,P0043,1,989.53,0.0,989.53
5960,O002538,P0008,2,2273.05,0.0,4546.1
5961,O002539,P0039,2,751.09,0.0,1502.18
5962,O002540,P0087,2,184.12,0.0,368.24
5963,O002540,P0054,5,65.66,0.0,328.3
5964,O002540,P0032,5,125.39,0.0,626.95
5965,O002541,P0080,4,131.73,0.05,500.57
5966,O002541,P0022,1,3009.81,0.0,3009.81
5967,O002541,P0058,3,104.43,0.0,313.29
5968,O002542,P0080,1,120.86,0.0,120.86
5969,O002542,P0020,1,2619.77,0.0,2619.77
5970,O002542,P0084,3,476.77,0.1,1287.28
5971,O002543,P0034,1,321.05,0.0,321.05
5972,O002543,P0012,3,124.37,0.15,317.14
5973,O002544,P0008,2,2548.34,0.0,5096.68
5974,O002544,P0041,2,448.79,0.1,807.82
5975,O002544,P0084,2,469.84,0.0,939.68
5976,O002545,P0080,3,120.29,0.15,306.74
5977,O002545,P0012,1,124.44,0.0,124.44
5978,O002546,P0020,2,2585.97,0.05,4913.34
5979,O002546,P0005,2,416.64,0.0,833.28
5980,O002546,P0032,3,126.99,0.0,380.97
5981,O002546,P0054,2,62.3,0.0,124.6
5982,O002547,P0054,4,57.42,0.0,229.68
5983,O002547,P0012,5,125.5,0.05,596.12
5984,O002547,P0044,2,968.23,0.0,1936.46
5985,O002548,P0074,4,73.55,0.2,235.36
5986,O002550,P0012,5,115.68,0.0,578.4
5987,O002550,P0054,1,61.61,0.0,61.61
5988,O002550,P0020,1,2549.19,0.0,2549.19
5989,O002550,P0032,5,110.31,0.15,468.82
5990,O002551,P0087,3,192.78,0.0,578.34
5991,O002551,P0005,2,415.17,0.0,830.34
5992,O002551,P0084,2,515.8,0.1,928.44
5993,O002551,P0055,2,780.29,0.15,1326.49
5994,O002553,P0032,5,127.73,0.0,638.65
5995,O002553,P0054,2,62.26,0.0,124.52
5996,O002553,P0039,3,738.22,0.0,2214.66
5997,O002554,P0039,2,669.3,0.0,1338.6
5998,O002554,P0043,2,1032.51,0.05,1961.77
5999,O002554,P0045,3,1008.12,0.0,3024.36
6000,O002555,P0073,3,72.48,0.05,206.57
6001,O002555,P0012,3,117.26,0.0,351.78
6002,O002555,P0041,3,460.34,0.0,1381.02
6003,O002556,P0016,1,3537.65,0.0,3537.65
6004,O002557,P0020,2,2572.63,0.0,5145.26
6005,O002557,P0055,1,820.54,0.1,738.49
6006,O002557,P0084,3,469.23,0.0,1407.69
6007,O002558,P0015,2,1396.13,0.0,2792.26
6008,O002558,P0026,3,285.42,0.15,727.82
6009,O002558,P0071,4,56.94,0.0,227.76
6010,O002559,P0005,2,375.34,0.05,713.15
6011,O002559,P0073,3,73.92,0.1,199.58
6012,O002559,P0087,5,208.5,0.0,1042.5
6013,O002560,P0065,2,101.79,0.0,203.58
6014,O002560,P0061,2,125.8,0.0,251.6
6015,O002560,P0034,2,291.77,0.05,554.36
6016,O002560,P0084,1,487.28,0.1,438.55
6017,O002561,P0013,3,1361.33,0.0,4083.99
6018,O002561,P0032,1,113.93,0.1,102.54
6019,O002562,P0005,3,376.64,0.0,1129.92
6020,O002562,P0054,2,60.57,0.05,115.08
6021,O002562,P0080,5,116.55,0.0,582.75
6022,O002562,P0084,2,527.0,0.0,1054.0
6023,O002563,P0005,2,385.77,0.1,694.39
6024,O002563,P0016,1,3267.14,0.05,3103.78
6025,O002563,P0043,3,936.14,0.0,2808.42
6026,O002563,P0039,2,667.98,0.0,1335.96
6027,O002564,P0020,2,2321.88,0.05,4411.57
6028,O002565,P0084,1,459.78,0.2,367.82
6029,O002565,P0020,1,2558.78,0.0,2558.78
6030,O002566,P0045,1,974.84,0.0,974.84
6031,O002567,P0055,2,747.99,0.0,1495.98
6032,O002567,P0073,5,76.59,0.15,325.51
6033,O002568,P0025,2,277.33,0.05,526.93
6034,O002568,P0039,2,704.19,0.1,1267.54
6035,O002568,P0084,1,479.38,0.0,479.38
6036,O002569,P0039,2,750.56,0.15,1275.95
6037,O002569,P0034,1,289.84,0.0,289.84
6038,O002569,P0041,1,483.27,0.0,483.27
6039,O002569,P0054,4,64.08,0.2,205.06
6040,O002570,P0048,5,107.56,0.05,510.91
6041,O002570,P0084,3,518.28,0.05,1477.1
6042,O002570,P0003,1,4831.28,0.0,4831.28
6043,O002571,P0032,3,112.27,0.0,336.81
6044,O002571,P0054,4,63.37,0.0,253.48
6045,O002571,P0065,3,94.98,0.0,284.94
6046,O002571,P0082,3,479.36,0.05,1366.18
6047,O002572,P0039,1,731.88,0.0,731.88
6048,O002572,P0020,1,2350.96,0.0,2350.96
6049,O002573,P0080,1,115.99,0.1,104.39
6050,O002573,P0008,2,2391.94,0.05,4544.69
6051,O002573,P0020,2,2566.54,0.0,5133.08
6052,O002574,P0003,2,4422.32,0.0,8844.64
6053,O002575,P0012,2,128.58,0.05,244.3
6054,O002575,P0008,2,2462.06,0.0,4924.12
6055,O002575,P0080,1,112.9,0.0,112.9
6056,O002575,P0071,2,55.85,0.05,106.12
6057,O002576,P0054,1,60.87,0.0,60.87
6058,O002577,P0039,2,664.44,0.0,1328.88
6059,O002577,P0025,1,305.16,0.0,305.16
6060,O002577,P0020,1,2441.56,0.0,2441.56
6061,O002577,P0008,1,2399.95,0.0,2399.95
6062,O002578,P0008,1,2271.06,0.1,2043.95
6063,O002579,P0054,3,62.88,0.0,188.64
6064,O002579,P0080,4,121.18,0.15,412.01
6065,O002579,P0077,2,287.99,0.1,518.38
6066,O002579,P0012,1,113.42,0.1,102.08
6067,O002580,P0058,3,103.38,0.15,263.62
6068,O002581,P0039,2,663.99,0.0,1327.98
6069,O002582,P0071,5,49.15,0.0,245.75
6070,O002582,P0025,1,295.92,0.2,236.74
6071,O002582,P0064,1,102.48,0.1,92.23
6072,O002583,P0032,2,125.08,0.0,250.16
6073,O002584,P0077,1,313.49,0.0,313.49
6074,O002584,P0087,1,181.98,0.0,181.98
6075,O002584,P0025,2,322.22,0.0,644.44
6076,O002585,P0073,4,75.1,0.0,300.4
6077,O002585,P0020,1,2520.6,0.0,2520.6
6078,O002585,P0058,2,110.75,0.0,221.5
6079,O002586,P0022,2,3485.72,0.0,6971.44
6080,O002586,P0020,1,2405.99,0.0,2405.99
6081,O002586,P0039,1,754.96,0.05,717.21
6082,O002587,P0044,1,947.54,0.0,947.54
6083,O002587,P0057,2,903.45,0.05,1716.56
6084,O002589,P0032,1,116.55,0.0,116.55
6085,O002589,P0012,3,123.89,0.0,371.67
6086,O002589,P0054,3,63.96,0.0,191.88
6087,O002589,P0020,2,2344.52,0.0,4689.04
6088,O002590,P0054,2,62.97,0.0,125.94
6089,O002590,P0040,2,429.71,0.2,687.54
6090,O002590,P0037,2,687.15,0.0,1374.3
6091,O002591,P0040,1,428.12,0.1,385.31
6092,O002591,P0012,3,113.03,0.05,322.14
6093,O002591,P0005,1,424.16,0.1,381.74
6094,O002592,P0087,4,203.84,0.1,733.82
6095,O002592,P0012,5,124.26,0.15,528.1
6096,O002592,P0030,1,2290.44,0.2,1832.35
6097,O002593,P0032,5,123.87,0.0,619.35
6098,O002593,P0084,2,497.03,0.15,844.95
6099,O002594,P0077,3,274.7,0.15,700.48
6100,O002594,P0039,2,683.76,0.15,1162.39
6101,O002595,P0050,3,288.92,0.0,866.76
6102,O002595,P0032,5,116.11,0.15,493.47
6103,O002595,P0005,3,398.23,0.1,1075.22
6104,O002595,P0077,3,283.82,0.0,851.46
6105,O002596,P0012,4,116.03,0.0,464.12
6106,O002597,P0034,3,281.95,0.15,718.97
6107,O002597,P0025,1,303.07,0.0,303.07
6108,O002597,P0032,3,110.34,0.1,297.92
6109,O002597,P0087,5,177.95,0.05,845.26
6110,O002598,P0039,2,725.42,0.2,1160.67
6111,O002598,P0034,3,286.05,0.15,729.43
6112,O002598,P0008,1,2199.56,0.1,1979.6
6113,O002599,P0039,1,761.63,0.05,723.55
6114,O002599,P0008,1,2545.28,0.1,2290.75
6115,O002600,P0012,4,117.72,0.0,470.88
6116,O002600,P0039,1,686.96,0.2,549.57
6117,O002601,P0005,3,405.77,0.1,1095.58
6118,O002601,P0054,1,57.21,0.0,57.21
6119,O002602,P0080,5,117.5,0.0,587.5
6120,O002603,P0080,1,116.42,0.1,104.78
6121,O002604,P0012,2,113.69,0.0,227.38
6122,O002604,P0020,2,2269.75,0.0,4539.5
6123,O002604,P0047,3,86.47,0.0,259.41
6124,O002604,P0080,2,117.49,0.0,234.98
6125,O002605,P0039,3,667.96,0.0,2003.88
6126,O002605,P0034,1,307.22,0.0,307.22
6127,O002605,P0059,2,109.29,0.2,174.86
6128,O002606,P0005,3,402.83,0.15,1027.22
6129,O002607,P0044,1,1049.98,0.1,944.98
6130,O002608,P0077,3,278.6,0.0,835.8
6131,O002608,P0020,2,2564.72,0.1,4616.5
6132,O002609,P0071,3,55.44,0.0,166.32
6133,O002609,P0008,1,2263.24,0.05,2150.08
6134,O002609,P0079,2,134.75,0.0,269.5
6135,O002609,P0074,4,71.46,0.0,285.84
6136,O002610,P0063,1,120.29,0.0,120.29
6137,O002610,P0020,0,2465.14,0.1,4437.25
6138,O002610,P0084,2,479.04,0.0,958.08
6139,O002611,P0077,1,312.9,0.15,265.96
6140,O002612,P0033,3,116.83,0.1,315.44
6141,O002612,P0045,1,1008.61,0.1,907.75
6142,O002612,P0034,3,312.37,0.0,937.11
6143,O002612,P0032,3,121.81,0.0,365.43
6144,O002613,P0002,2,4073.57,0.0,8147.14
6145,O002613,P0012,3,120.08,0.1,324.22
6146,O002613,P0077,1,295.11,0.0,295.11
6147,O002614,P0032,2,116.93,0.0,233.86
6148,O002614,P0011,4,127.09,0.0,508.36
6149,O002615,P0013,3,1435.72,0.15,3661.09
6150,O002615,P0074,1,78.42,0.0,78.42
6151,O002615,P0084,2,490.04,0.0,980.08
6152,O002616,P0077,3,276.73,0.05,788.68
6153,O002616,P0005,1,431.04,0.0,431.04
6154,O002616,P0080,2,124.8,0.0,249.6
6155,O002617,P0016,2,3260.28,0.0,6520.56
6156,O002617,P0013,3,1355.72,0.0,4067.16
6157,O002617,P0054,1,64.25,0.0,64.25
6158,O002617,P0008,1,2338.93,0.1,2105.04
6159,O002619,P0087,5,185.56,0.2,742.24
6160,O002619,P0005,2,407.16,0.05,773.6
6161,O002619,P0012,5,122.27,0.15,519.65
6162,O002620,P0077,1,296.95,0.0,296.95
6163,O002620,P0040,3,416.24,0.0,1248.72
6164,O002620,P0039,3,724.49,0.1,1956.12
6165,O002621,P0054,3,64.2,0.05,182.97
6166,O002621,P0041,2,457.96,0.05,870.12
6167,O002622,P0045,3,1103.51,0.15,2813.95
6168,O002622,P0047,2,86.99,0.0,173.98
6169,O002622,P0008,1,2561.05,0.0,2561.05
6170,O002622,P0039,2,754.49,0.0,1508.98
6171,O002623,P0080,3,116.06,0.2,278.54
6172,O002623,P0054,1,57.47,0.0,57.47
6173,O002624,P0054,1,58.97,0.0,58.97
6174,O002624,P0053,2,62.07,0.0,124.14
6175,O002624,P0032,2,118.19,0.0,236.38
6176,O002624,P0077,3,317.05,0.2,760.92
6177,O002626,P0053,4,64.08,0.0,256.32
6178,O002627,P0033,1,117.09,0.05,111.24
6179,O002627,P0020,1,2277.62,0.1,2049.86
6180,O002627,P0080,3,113.37,0.05,323.1
6181,O002627,P0084,3,511.89,0.05,1458.89
6182,O002628,P0020,2,2543.09,0.0,5086.18
6183,O002629,P0048,5,99.27,0.0,496.35
6184,O002629,P0011,1,137.54,0.0,137.54
6185,O002629,P0039,1,743.24,0.0,743.24
6186,O002629,P0055,3,805.23,0.0,2415.69
6187,O002630,P0052,3,58.78,0.1,158.71
6188,O002631,P0039,2,687.19,0.15,1168.22
6189,O002632,P0012,2,125.82,0.2,201.31
6190,O002632,P0008,2,2422.15,0.0,4844.3
6191,O002632,P0080,2,113.94,0.0,227.88
6192,O002632,P0025,3,288.6,0.1,779.22
6193,O002633,P0030,2,2497.14,0.15,4245.14
6194,O002635,P0047,2,92.76,0.0,185.52
6195,O002636,P0054,4,63.55,0.15,216.07
6196,O002636,P0013,3,1537.61,0.1,4151.55
6197,O002637,P0054,2,57.85,0.0,115.7
6198,O002637,P0084,3,499.85,0.0,1499.55
6199,O002638,P0008,2,2407.87,0.1,4334.17
6200,O002638,P0071,5,50.59,0.05,240.3
6201,O002638,P0030,2,2244.54,0.05,4264.63
6202,O002639,P0039,1,652.44,0.0,652.44
6203,O002639,P0009,2,1939.02,0.15,3296.33
6204,O002639,P0084,1,501.4,0.0,501.4
6205,O002639,P0022,2,3374.55,0.05,6411.64
6206,O002640,P0015,2,1468.08,0.05,2789.35
6207,O002641,P0039,1,723.87,0.15,615.29
6208,O002641,P0063,5,116.76,0.0,583.8
6209,O002642,P0020,2,2403.16,0.0,4806.32
6210,O002643,P0020,1,2477.88,0.2,1982.3
6211,O002643,P0067,4,240.95,0.15,819.23
6212,O002643,P0039,3,654.14,0.05,1864.3
6213,O002643,P0034,2,299.78,0.15,509.63
6214,O002644,P0012,3,126.39,0.0,379.17
6215,O002646,P0021,2,2503.66,0.0,5007.32
6216,O002647,P0087,3,194.71,0.05,554.92
6217,O002648,P0003,2,4940.01,0.0,9880.02
6218,O002649,P0053,5,70.63,0.15,300.18
6219,O002649,P0080,1,124.93,0.0,124.93
6220,O002649,P0034,1,313.38,0.15,266.37
6221,O002650,P0065,4,94.95,0.05,360.81
6222,O002650,P0080,2,126.97,0.0,253.94
6223,O002650,P0057,3,963.82,0.15,2457.74
6224,O002651,P0032,2,127.75,0.0,255.5
6225,O002651,P0012,4,118.35,0.0,473.4
6226,O002652,P0087,2,201.05,0.05,382.0
6227,O002652,P0039,3,668.59,0.0,2005.77
6228,O002653,P0015,3,1393.75,0.05,3972.19
6229,O002653,P0048,1,96.95,0.1,87.26
6230,O002654,P0073,2,66.54,0.0,133.08
6231,O002654,P0005,1,419.18,0.0,419.18
6232,O002654,P0047,4,84.17,0.0,336.68
6233,O002655,P0020,2,2316.71,0.0,4633.42
6234,O002655,P0025,1,315.01,0.0,315.01
6235,O002655,P0080,1,122.73,0.0,122.73
6236,O002656,P0039,2,714.92,0.0,1429.84
6237,O002657,P0025,2,292.88,0.0,585.76
6238,O002657,P0071,3,51.82,0.0,155.46
6239,O002657,P0012,3,118.03,0.15,300.98
6240,O002657,P0080,3,115.43,0.0,346.29
6241,O002658,P0071,4,57.24,0.0,228.96
6242,O002658,P0020,2,2365.72,0.0,4731.44
6243,O002658,P0084,2,512.74,0.0,1025.48
6244,O002659,P0039,3,735.32,0.0,2205.96
6245,O002659,P0058,2,108.6,0.0,217.2
6246,O002660,P0005,1,393.57,0.1,354.21
6247,O002660,P0080,2,128.61,0.0,257.22
6248,O002660,P0054,3,61.58,0.0,184.74
6249,O002660,P0020,2,2321.34,0.0,4642.68
6250,O002661,P0084,1,461.14,0.0,461.14
6251,O002661,P0020,1,2293.24,0.0,2293.24
6252,O002661,P0009,2,2031.22,0.2,3249.95
6253,O002661,P0080,1,113.74,0.1,102.37
6254,O002662,P0030,1,2163.03,0.2,1730.42
6255,O002663,P0054,2,60.3,0.1,108.54
6256,O002663,P0067,3,231.81,0.0,695.43
6257,O002663,P0030,2,2185.47,0.15,3715.3
6258,O002664,P0048,5,106.68,0.0,533.4
6259,O002664,P0012,3,113.93,0.0,341.79
6260,O002664,P0020,1,2313.43,0.0,2313.43
6261,O002664,P0021,1,2672.76,0.0,2672.76
6262,O002666,P0005,1,382.61,0.0,382.61
6263,O002666,P0087,4,200.89,0.2,642.85
6264,O002666,P0058,2,104.32,0.1,187.78
6265,O002667,P0056,3,910.71,0.0,2732.13
6266,O002667,P0045,3,1071.05,0.0,3213.15
6267,O002667,P0084,2,516.09,0.1,928.96
6268,O002668,P0008,1,2515.45,0.0,2515.45
6269,O002668,P0073,1,73.99,0.0,73.99
6270,O002669,P0012,1,130.36,0.0,130.36
6271,O002669,P0080,3,120.87,0.0,362.61
6272,O002669,P0020,1,2494.11,0.15,2119.99
6273,O002670,P0012,5,115.18,0.15,489.52
6274,O002671,P0080,4,118.47,0.0,473.88
6275,O002671,P0005,3,397.27,0.0,1191.81
6276,O002671,P0032,4,116.75,0.15,396.95
6277,O002671,P0020,2,2325.06,0.1,4185.11
6278,O002672,P0084,2,467.33,0.15,794.46
6279,O002672,P0080,3,113.17,0.1,305.56
6280,O002672,P0071,1,56.11,0.15,47.69
6281,O002672,P0030,2,2478.66,0.0,4957.32
6282,O002673,P0054,1,59.57,0.0,59.57
6283,O002673,P0084,3,456.24,0.0,1368.72
6284,O002673,P0080,5,123.78,0.0,618.9
6285,O002674,P0016,1,3460.55,0.1,3114.5
6286,O002675,P0039,2,719.46,0.0,1438.92
6287,O002675,P0032,3,122.3,0.0,366.9
6288,O002677,P0080,1,127.61,0.0,127.61
6289,O002677,P0020,1,2408.05,0.1,2167.25
6290,O002677,P0073,2,66.37,0.0,132.74
6291,O002677,P0053,5,61.56,0.0,307.8
6292,O002678,P0034,3,328.86,0.0,986.58
6293,O002678,P0008,1,2400.3,0.0,2400.3
6294,O002678,P0020,1,2399.34,0.0,2399.34
6295,O002678,P0050,1,325.5,0.15,276.68
6296,O002679,P0020,1,2514.67,0.05,2388.94
6297,O002679,P0052,3,58.47,0.0,175.41
6298,O002679,P0058,4,103.05,0.0,412.2
6299,O002679,P0039,3,661.24,0.05,1884.53
6300,O002681,P0012,5,124.63,0.05,591.99
6301,O002681,P0020,1,2355.84,0.1,2120.26
6302,O002682,P0077,2,297.64,0.0,595.28
6303,O002682,P0013,1,1362.62,0.0,1362.62
6304,O002682,P0032,2,111.58,0.0,223.16
6305,O002683,P0039,1,708.63,0.0,708.63
6306,O002683,P0086,1,195.01,0.0,195.01
6307,O002683,P0043,1,1022.37,0.05,971.25
6308,O002683,P0053,5,65.24,0.0,326.2
6309,O002684,P0067,2,260.48,0.0,520.96
6310,O002684,P0080,1,125.59,0.05,119.31
6311,O002684,P0054,1,61.01,0.0,61.01
6312,O002685,P0054,3,58.25,0.05,166.01
6313,O002685,P0043,2,982.47,0.0,1964.94
6314,O002686,P0047,4,90.08,0.0,360.32
6315,O002686,P0054,2,63.61,0.1,114.5
6316,O002686,P0050,1,281.2,0.05,267.14
6317,O002687,P0080,2,126.19,0.05,239.76
6318,O002687,P0034,2,327.81,0.0,655.62
6319,O002687,P0022,2,3287.77,0.0,6575.54
6320,O002687,P0021,2,2424.31,0.15,4121.33
6321,O002688,P0080,3,113.65,0.0,340.95
6322,O002688,P0084,3,452.8,0.15,1154.64
6323,O002688,P0065,5,91.89,0.0,459.45
6324,O002689,P0054,1,63.1,0.0,63.1
6325,O002689,P0087,4,188.28,0.1,677.81
6326,O002689,P0074,5,69.16,0.0,345.8
6327,O002690,P0080,3,115.83,0.15,295.37
6328,O002690,P0020,2,2318.99,0.1,4174.18
6329,O002690,P0045,1,981.66,0.0,981.66
6330,O002690,P0087,1,195.27,0.05,185.51
6331,O002692,P0021,2,2758.91,0.0,5517.82
6332,O002693,P0005,1,431.34,0.0,431.34
6333,O002693,P0032,3,115.46,0.1,311.74
6334,O002694,P0053,4,68.79,0.2,220.13
6335,O002694,P0039,2,702.67,0.0,1405.34
6336,O002695,P0016,1,3119.73,0.0,3119.73
6337,O002695,P0055,1,719.73,0.0,719.73
6338,O002696,P0071,4,56.81,0.0,227.24
6339,O002697,P0015,3,1340.87,0.1,3620.35
6340,O002697,P0008,2,2432.54,0.0,4865.08
6341,O002697,P0020,2,2415.66,0.0,4831.32
6342,O002698,P0065,3,99.16,0.0,297.48
6343,O002698,P0055,1,838.03,0.0,838.03
6344,O002698,P0045,3,1037.61,0.1,2801.55
6345,O002699,P0039,1,691.08,0.0,691.08
6346,O002699,P0053,1,62.36,0.1,56.12
6347,O002699,P0041,2,428.91,0.15,729.15
6348,O002699,P0084,3,498.71,0.0,1496.13
6349,O002700,P0050,2,314.87,0.2,503.79
6350,O002700,P0020,2,2468.9,0.0,4937.8
6351,O002700,P0005,1,394.08,0.0,394.08
6352,O002701,P0087,1,195.91,0.0,195.91
6353,O002701,P0052,4,65.11,0.0,260.44
6354,O002701,P0050,2,298.28,0.0,596.56
6355,O002702,P0077,1,285.52,0.15,242.69
6356,O002702,P0054,3,63.5,0.0,190.5
6357,O002703,P0084,1,475.29,0.0,475.29
6358,O002704,P0080,3,127.05,0.15,323.98
6359,O002704,P0078,2,344.9,0.15,586.33
6360,O002704,P0014,2,1396.63,0.0,2793.26
6361,O002704,P0045,1,984.84,0.0,984.84
6362,O002705,P0044,1,915.27,0.0,915.27
6363,O002705,P0026,3,321.3,0.0,963.9
6364,O002705,P0053,3,69.42,0.15,177.02
6365,O002705,P0039,3,663.75,0.0,1991.25
6366,O002706,P0037,1,699.32,0.0,699.32
6367,O002706,P0020,2,2548.51,0.0,5097.02
6368,O002706,P0030,1,2191.23,0.1,1972.11
6369,O002707,P0008,2,2226.96,0.0,4453.92
6370,O002707,P0052,4,65.75,0.0,263.0
6371,O002708,P0080,3,129.34,0.0,388.02
6372,O002708,P0084,2,513.1,0.0,1026.2
6373,O002708,P0031,5,130.58,0.0,652.9
6374,O002709,P0039,1,664.77,0.0,664.77
6375,O002710,P0020,1,2481.15,0.0,2481.15
6376,O002710,P0032,5,122.83,0.05,583.44
6377,O002711,P0058,4,113.61,0.15,386.27
6378,O002711,P0039,3,759.35,0.0,2278.05
6379,O002711,P0020,1,2383.37,0.1,2145.03
6380,O002712,P0020,2,2335.99,0.0,4671.98
6381,O002712,P0054,2,63.22,0.1,113.8
6382,O002712,P0050,2,323.35,0.0,646.7
6383,O002713,P0011,3,142.11,0.0,426.33
6384,O002714,P0016,2,3153.85,0.0,6307.7
6385,O002714,P0021,2,2512.17,0.15,4270.69
6386,O002714,P0007,1,2200.77,0.0,2200.77
6387,O002714,P0039,3,750.81,0.0,2252.43
6388,O002715,P0058,4,102.26,0.0,409.04
6389,O002715,P0073,3,70.79,0.0,212.37
6390,O002715,P0054,3,61.23,0.1,165.32
6391,O002715,P0037,3,671.5,0.0,2014.5
6392,O002716,P0025,1,290.4,0.0,290.4
6393,O002717,P0032,1,127.73,0.0,127.73
6394,O002718,P0080,3,130.31,0.1,351.84
6395,O002718,P0054,3,56.24,0.0,168.72
6396,O002719,P0071,5,55.7,0.0,278.5
6397,O002719,P0039,1,721.89,0.0,721.89
6398,O002719,P0053,1,64.01,0.0,64.01
6399,O002720,P0020,2,2332.5,0.0,4665.0
6400,O002720,P0018,1,3703.5,0.0,3703.5
6401,O002720,P0039,3,759.69,0.0,2279.07
6402,O002720,P0012,3,125.26,0.2,300.62
6403,O002721,P0080,1,118.66,0.0,118.66
6404,O002721,P0033,3,107.46,0.0,322.38
6405,O002721,P0044,1,936.42,0.0,936.42
6406,O002722,P0054,2,63.69,0.0,127.38
6407,O002723,P0005,2,425.0,0.0,850.0
6408,O002723,P0077,3,292.48,0.1,789.7
6409,O002723,P0080,3,119.77,0.05,341.34
6410,O002723,P0084,3,464.15,0.0,1392.45
6411,O002724,P0084,2,453.71,0.0,907.42
6412,O002724,P0054,5,62.61,0.2,250.44
6413,O002724,P0025,2,291.96,0.1,525.53
6414,O002725,P0020,2,2610.21,0.1,4698.38
6415,O002725,P0073,4,71.91,0.05,273.26
6416,O002727,P0077,2,310.91,0.0,621.82
6417,O002727,P0058,5,117.22,0.05,556.79
6418,O002728,P0044,3,1047.26,0.1,2827.6
6419,O002728,P0084,3,460.68,0.1,1243.84
6420,O002728,P0087,2,199.95,0.05,379.9
6421,O002729,P0008,1,2213.24,0.0,2213.24
6422,O002729,P0050,2,301.54,0.0,603.08
6423,O002729,P0045,2,1039.88,0.0,2079.76
6424,O002729,P0061,4,133.25,0.1,479.7
6425,O002730,P0043,2,1059.03,0.15,1800.35
6426,O002730,P0032,5,124.63,0.0,623.15
6427,O002730,P0020,2,2366.17,0.0,4732.34
6428,O002730,P0034,3,303.55,0.0,910.65
6429,O002731,P0009,1,2220.24,0.0,2220.24
6430,O002731,P0039,1,736.37,0.1,662.73
6431,O002731,P0053,1,61.76,0.1,55.58
6432,O002732,P0025,2,291.78,0.0,583.56
6433,O002732,P0054,1,58.88,0.0,58.88
6434,O002733,P0082,2,486.55,0.0,973.1
6435,O002733,P0039,1,715.82,0.1,644.24
6436,O002734,P0003,1,4797.44,0.2,3837.95
6437,O002734,P0084,2,518.27,0.15,881.06
6438,O002735,P0020,1,2354.87,0.0,2354.87
6439,O002735,P0087,2,187.05,0.15,317.98
6440,O002735,P0073,2,76.22,0.0,152.44
6441,O002735,P0064,3,92.67,0.0,278.01
6442,O002736,P0039,2,727.93,0.0,1455.86
6443,O002737,P0087,3,183.91,0.0,551.73
6444,O002737,P0032,4,111.87,0.1,402.73
6445,O002737,P0044,1,1029.85,0.0,1029.85
6446,O002737,P0045,2,1106.04,0.15,1880.27
6447,O002738,P0032,4,115.35,0.0,461.4
6448,O002739,P0047,1,83.86,0.0,83.86
6449,O002739,P0020,2,2610.7,0.05,4960.33
6450,O002739,P0008,2,2288.69,0.0,4577.38
6451,O002740,P0080,4,123.49,0.0,493.96
6452,O002741,P0065,2,96.15,0.15,163.46
6453,O002741,P0080,4,129.1,0.0,516.4
6454,O002741,P0045,2,1100.18,0.2,1760.29
6455,O002741,P0020,1,2425.41,0.0,2425.41
6456,O002743,P0020,2,2529.37,0.0,5058.74
6457,O002744,P0084,2,491.19,0.15,835.02
6458,O002745,P0054,4,56.6,0.0,226.4
6459,O002745,P0080,5,131.68,0.15,559.64
6460,O002745,P0084,1,514.31,0.1,462.88
6461,O002745,P0077,1,274.61,0.05,260.88
6462,O002747,P0045,1,969.38,0.0,969.38
6463,O002747,P0038,2,692.37,0.0,1384.74
6464,O002748,P0054,3,59.75,0.0,179.25
6465,O002749,P0039,1,757.1,0.0,757.1
6466,O002749,P0044,2,1022.45,0.1,1840.41
6467,O002749,P0005,1,399.47,0.0,399.47
6468,O002750,P0080,4,125.78,0.0,503.12
6469,O002750,P0025,3,316.04,0.0,948.12
6470,O002750,P0054,1,58.27,0.0,58.27
6471,O002750,P0084,1,490.79,0.05,466.25
6472,O002751,P0039,1,651.29,0.0,651.29
6473,O002752,P0016,1,3412.92,0.0,3412.92
6474,O002752,P0037,1,753.22,0.0,753.22
6475,O002753,P0080,4,116.08,0.05,441.1
6476,O002753,P0084,1,465.38,0.05,442.11
6477,O002754,P0080,3,128.43,0.05,366.03
6478,O002755,P0032,4,126.09,0.0,504.36
6479,O002755,P0020,2,2419.62,0.0,4839.24
6480,O002756,P0016,1,3553.21,0.05,3375.55
6481,O002757,P0030,2,2492.06,0.0,4984.12
6482,O002757,P0084,1,513.74,0.15,436.68
6483,O002757,P0008,1,2406.22,0.1,2165.6
6484,O002758,P0080,1,128.11,0.05,121.7
6485,O002758,P0020,1,2318.89,0.0,2318.89
6486,O002758,P0084,1,467.69,0.1,420.92
6487,O002758,P0039,3,653.4,0.05,1862.19
6488,O002759,P0087,1,184.26,0.0,184.26
6489,O002759,P0045,3,1024.97,0.15,2613.67
6490,O002759,P0080,4,130.94,0.05,497.57
6491,O002759,P0012,4,127.93,0.1,460.55
6492,O002760,P0073,2,73.05,0.0,146.1
6493,O002760,P0080,5,118.25,0.0,591.25
6494,O002760,P0065,5,92.03,0.0,460.15
6495,O002761,P0054,1,57.91,0.0,57.91
6496,O002761,P0021,2,2462.46,0.1,4432.43
6497,O002761,P0080,1,129.6,0.0,129.6
6498,O002761,P0005,3,414.17,0.05,1180.38
6499,O002763,P0084,1,470.49,0.15,399.92
6500,O002764,P0045,3,981.63,0.0,2944.89
6501,O002764,P0084,2,471.45,0.0,942.9
6502,O002764,P0056,2,879.97,0.1,1583.95
6503,O002764,P0039,1,716.11,0.0,716.11
6504,O002765,P0055,3,747.36,0.0,2242.08
6505,O002765,P0008,1,2497.24,0.0,2497.24
6506,O002765,P0025,2,282.56,0.0,565.12
6507,O002766,P0028,1,2556.51,0.15,2173.03
6508,O002766,P0080,3,127.15,0.0,381.45
6509,O002766,P0045,2,1003.83,0.0,2007.66
6510,O002767,P0077,2,313.55,0.0,627.1
6511,O002767,P0053,2,69.89,0.0,139.78
6512,O002767,P0084,3,472.44,0.15,1204.72
6513,O002768,P0017,2,3336.21,0.1,6005.18
6514,O002768,P0053,3,62.46,0.1,168.64
6515,O002768,P0020,1,2495.97,0.05,2371.17
6516,O002768,P0039,1,656.06,0.0,656.06
6517,O002769,P0071,2,50.14,0.05,95.27
6518,O002769,P0022,2,3413.68,0.0,6827.36
6519,O002770,P0043,1,928.99,0.0,928.99
6520,O002770,P0053,5,70.56,0.0,352.8
6521,O002771,P0050,3,291.15,0.1,786.1
6522,O002772,P0015,3,1403.48,0.0,4210.44
6523,O002772,P0087,3,192.06,0.0,576.18
6524,O002772,P0039,3,759.12,0.0,2277.36
6525,O002773,P0080,2,117.86,0.05,223.93
6526,O002773,P0054,3,58.55,0.1,158.08
6527,O002773,P0022,2,3223.94,0.0,6447.88
6528,O002773,P0020,2,2375.72,0.15,4038.72
6529,O002774,P0054,5,65.19,0.15,277.06
6530,O002774,P0012,2,113.18,0.0,226.36
6531,O002774,P0045,3,1097.78,0.0,3293.34
6532,O002774,P0058,5,114.28,0.0,571.4
6533,O002775,P0020,1,2595.6,0.0,2595.6
6534,O002775,P0084,2,467.32,0.0,934.64
6535,O002775,P0080,5,123.48,0.0,617.4
6536,O002776,P0045,2,1032.65,0.05,1962.04
6537,O002776,P0003,2,4544.52,0.0,9089.04
6538,O002776,P0015,2,1440.86,0.0,2881.72
6539,O002776,P0054,4,61.97,0.0,247.88
6540,O002778,P0047,2,82.59,0.1,148.66
6541,O002778,P0020,1,2530.17,0.0,2530.17
6542,O002778,P0073,3,70.66,0.05,201.38
6543,O002778,P0054,4,62.31,0.0,249.24
6544,O002779,P0059,4,111.68,0.15,379.71
6545,O002779,P0073,4,66.45,0.05,252.51
6546,O002780,P0005,2,394.7,0.0,789.4
6547,O002781,P0071,3,57.03,0.15,145.43
6548,O002781,P0020,1,2622.88,0.0,2622.88
6549,O002782,P0032,2,119.68,0.15,203.46
6550,O002782,P0020,2,2390.14,0.2,3824.22
6551,O002782,P0012,5,120.25,0.05,571.19
6552,O002784,P0080,4,125.01,0.0,500.04
6553,O002784,P0005,1,403.14,0.0,403.14
6554,O002784,P0039,1,736.16,0.0,736.16
6555,O002785,P0005,3,398.87,0.0,1196.61
6556,O002786,P0045,1,1026.64,0.0,1026.64
6557,O002786,P0032,2,110.2,0.15,187.34
6558,O002787,P0032,4,126.55,0.2,404.96
6559,O002787,P0034,3,315.29,0.0,945.87
6560,O002788,P0065,2,91.93,0.1,165.47
6561,O002788,P0084,1,485.88,0.0,485.88
6562,O002789,P0005,2,395.89,0.0,791.78
6563,O002790,P0016,1,3244.95,0.0,3244.95
6564,O002790,P0080,1,132.27,0.05,125.66
6565,O002791,P0023,1,3246.46,0.0,3246.46
6566,O002791,P0044,3,1071.66,0.05,3054.23
6567,O002791,P0045,3,1074.13,0.05,3061.27
6568,O002791,P0080,5,114.05,0.0,570.25
6569,O002792,P0043,1,1017.19,0.05,966.33
6570,O002792,P0071,4,53.47,0.0,213.88
6571,O002792,P0020,2,2402.59,0.0,4805.18
6572,O002792,P0087,4,180.04,0.0,720.16
6573,O002793,P0067,4,262.88,0.2,841.22
6574,O002793,P0058,3,101.93,0.0,305.79
6575,O002793,P0080,5,127.93,0.0,639.65
6576,O002793,P0086,3,212.07,0.0,636.21
6577,O002794,P0059,2,99.16,0.05,188.4
6578,O002794,P0030,1,2190.45,0.0,2190.45
6579,O002794,P0080,3,113.31,0.0,339.93
6580,O002794,P0005,3,423.52,0.1,1143.5
6581,O002795,P0077,1,305.49,0.05,290.22
6582,O002796,P0058,4,103.28,0.0,413.12
6583,O002797,P0015,3,1353.56,0.0,4060.68
6584,O002798,P0061,5,133.38,0.05,633.55
6585,O002798,P0048,5,96.32,0.05,457.52
6586,O002798,P0039,1,759.33,0.05,721.36
6587,O002800,P0080,3,131.85,0.0,395.55
6588,O002800,P0054,4,57.66,0.0,230.64
6589,O002800,P0028,1,2440.83,0.15,2074.71
6590,O002801,P0059,2,105.68,0.0,211.36
6591,O002801,P0054,1,61.27,0.0,61.27
6592,O002801,P0016,2,3413.77,0.2,5462.03
6593,O002801,P0047,3,95.2,0.05,271.32
6594,O002802,P0005,1,430.99,0.0,430.99
6595,O002802,P0087,3,187.26,0.0,561.78
6596,O002802,P0054,3,59.23,0.0,177.69
6597,O002802,P0008,2,2210.6,0.0,4421.2
6598,O002803,P0038,3,620.63,0.0,1861.89
6599,O002803,P0008,1,2421.44,0.0,2421.44
6600,O002804,P0087,3,193.2,0.0,579.6
6601,O002804,P0039,1,740.49,0.0,740.49
6602,O002804,P0050,1,302.85,0.05,287.71
6603,O002804,P0005,1,411.49,0.15,349.77
6604,O002805,P0020,2,2517.46,0.0,5034.92
6605,O002805,P0008,1,2405.45,0.15,2044.63
6606,O002805,P0043,3,962.75,0.1,2599.43
6607,O002805,P0050,1,303.09,0.15,257.63
6608,O002806,P0039,1,739.32,0.05,702.35
6609,O002807,P0058,1,110.8,0.0,110.8
6610,O002807,P0048,3,95.55,0.05,272.32
6611,O002807,P0087,3,204.71,0.0,614.13
6612,O002809,P0012,3,128.38,0.15,327.37
6613,O002809,P0016,1,3595.75,0.0,3595.75
6614,O002809,P0086,1,209.24,0.0,209.24
6615,O002809,P0037,3,708.6,0.0,2125.8
6616,O002810,P0053,3,65.57,0.0,196.71
6617,O002810,P0080,5,116.09,0.0,580.45
6618,O002810,P0022,2,3460.43,0.0,6920.86
6619,O002810,P0087,5,179.08,0.05,850.63
6620,O002811,P0053,2,68.23,0.0,136.46
6621,O002811,P0037,1,675.37,0.15,574.06
6622,O002812,P0080,1,124.77,0.0,124.77
6623,O002813,P0020,1,2478.64,0.2,1982.91
6624,O002813,P0054,1,60.65,0.0,60.65
6625,O002813,P0025,1,301.44,0.05,286.37
6626,O002813,P0038,3,687.93,0.0,2063.79
6627,O002814,P0039,1,696.38,0.0,696.38
6628,O002814,P0008,2,2536.58,0.15,4312.19
6629,O002814,P0009,2,2057.61,0.05,3909.46
6630,O002814,P0045,2,1066.39,0.0,2132.78
6631,O002815,P0012,3,118.34,0.1,319.52
6632,O002815,P0048,5,98.07,0.05,465.83
6633,O002816,P0059,3,97.19,0.15,247.83
6634,O002816,P0080,2,118.39,0.05,224.94
6635,O002816,P0004,2,384.94,0.0,769.88
6636,O002816,P0054,3,65.49,0.0,196.47
6637,O002817,P0059,3,96.63,0.05,275.4
6638,O002817,P0003,1,4516.11,0.15,3838.69
6639,O002817,P0022,2,3147.42,0.2,5035.87
6640,O002817,P0080,5,126.41,0.0,632.05
6641,O002818,P0084,2,482.41,0.05,916.58
6642,O002818,P0009,1,2118.03,0.15,1800.33
6643,O002818,P0032,1,119.05,0.0,119.05
6644,O002818,P0034,2,317.13,0.05,602.55
6645,O002819,P0054,1,59.84,0.0,59.84
6646,O002820,P0084,2,457.76,0.0,915.52
6647,O002820,P0063,2,117.42,0.0,234.84
6648,O002820,P0054,4,56.24,0.05,213.71
6649,O002820,P0055,3,737.43,0.0,2212.29
6650,O002821,P0034,3,281.03,0.1,758.78
6651,O002821,P0045,3,1083.35,0.1,2925.04
6652,O002821,P0071,3,55.55,0.2,133.32
6653,O002821,P0004,1,353.24,0.0,353.24
6654,O002822,P0080,3,126.58,0.05,360.75
6655,O002822,P0055,0,814.73,0.1,733.26
6656,O002822,P0054,5,57.14,0.0,285.7
6657,O002823,P0020,1,2282.3,0.2,1825.84
6658,O002823,P0084,2,508.8,0.0,1017.6
6659,O002824,P0002,1,4081.44,0.1,3673.3
6660,O002825,P0005,2,379.96,0.05,721.92
6661,O002826,P0059,3,107.17,0.1,289.36
6662,O002826,P0084,3,501.31,0.1,1353.54
6663,O002826,P0064,3,106.48,0.0,319.44
6664,O002827,P0020,1,2575.69,0.0,2575.69
6665,O002828,P0020,2,2617.58,0.05,4973.4
6666,O002828,P0032,4,121.68,0.05,462.38
6667,O002828,P0008,2,2528.57,0.15,4298.57
6668,O002828,P0025,1,289.88,0.0,289.88
6669,O002829,P0084,2,523.7,0.0,1047.4
6670,O002830,P0054,4,61.25,0.0,245.0
6671,O002830,P0005,2,388.06,0.0,776.12
6672,O002830,P0016,2,3176.56,0.0,6353.12
6673,O002830,P0077,2,301.84,0.05,573.5
6674,O002831,P0032,2,115.99,0.0,231.98
6675,O002831,P0077,3,284.94,0.0,854.82
6676,O002831,P0020,1,2350.63,0.05,2233.1
6677,O002831,P0008,1,2203.34,0.0,2203.34
6678,O002832,P0039,2,724.79,0.0,1449.58
6679,O002832,P0005,1,394.49,0.0,394.49
6680,O002832,P0086,4,188.27,0.05,715.43
6681,O002833,P0005,2,381.74,0.05,725.31
6682,O002834,P0005,2,376.95,0.05,716.2
6683,O002834,P0054,3,58.06,0.0,174.18
6684,O002835,P0087,1,204.64,0.1,184.18
6685,O002835,P0020,1,2425.45,0.0,2425.45
6686,O002835,P0080,2,119.77,0.2,191.63
6687,O002835,P0045,1,962.91,0.0,962.91
6688,O002836,P0059,2,109.87,0.0,219.74
6689,O002836,P0030,1,2490.19,0.1,2241.17
6690,O002837,P0080,4,121.35,0.1,436.86
6691,O002837,P0054,5,59.02,0.0,295.1
6692,O002838,P0032,5,118.03,0.0,590.15
6693,O002838,P0071,4,54.59,0.2,174.69
6694,O002838,P0020,2,2484.66,0.0,4969.32
6695,O002839,P0005,2,379.02,0.0,758.04
6696,O002840,P0054,2,56.72,0.0,113.44
6697,O002841,P0005,1,401.78,0.1,361.6
6698,O002841,P0044,1,1031.36,0.05,979.79
6699,O002841,P0032,2,126.0,0.0,252.0
6700,O002841,P0084,3,488.04,0.0,1464.12
6701,O002842,P0084,3,495.63,0.0,1486.89
6702,O002842,P0055,2,807.37,0.05,1534.0
6703,O002842,P0045,3,943.66,0.0,2830.98
6704,O002843,P0058,1,108.73,0.0,108.73
6705,O002843,P0039,3,688.37,0.0,2065.11
6706,O002843,P0077,2,273.15,0.0,546.3
6707,O002843,P0086,3,208.46,0.15,531.57
6708,O002844,P0025,3,324.48,0.0,973.44
6709,O002844,P0020,2,2261.81,0.0,4523.62
6710,O002844,P0008,1,2414.8,0.0,2414.8
6711,O002844,P0050,2,307.18,0.2,491.49
6712,O002845,P0043,3,941.5,0.1,2542.05
6713,O002846,P0032,1,122.12,0.0,122.12
6714,O002846,P0029,1,2408.36,0.0,2408.36
6715,O002846,P0005,3,420.45,0.15,1072.15
6716,O002846,P0020,2,2393.84,0.15,4069.53
6717,O002847,P0013,3,1342.48,0.0,4027.44
6718,O002848,P0055,2,716.12,0.0,1432.24
6719,O002848,P0005,3,396.88,0.05,1131.11
6720,O002848,P0073,4,66.46,0.0,265.84
6721,O002848,P0056,2,866.06,0.0,1732.12
6722,O002849,P0021,1,2690.27,0.0,2690.27
6723,O002849,P0053,2,69.22,0.1,124.6
6724,O002850,P0020,2,2489.14,0.0,4978.28
6725,O002850,P0080,3,127.41,0.05,363.12
6726,O002851,P0084,2,459.47,0.0,918.94
6727,O002851,P0025,3,308.73,0.0,926.19
6728,O002852,P0050,3,293.83,0.0,881.49
6729,O002852,P0067,2,233.05,0.0,466.1
6730,O002853,P0020,1,2468.02,0.0,2468.02
6731,O002853,P0029,2,2148.22,0.05,4081.62
6732,O002853,P0012,1,117.18,0.0,117.18
6733,O002853,P0063,5,111.72,0.0,558.6
6734,O002855,P0045,2,994.85,0.0,1989.7
6735,O002855,P0084,2,500.07,0.0,1000.14
6736,O002855,P0012,3,116.32,0.0,348.96
6737,O002857,P0087,2,197.62,0.0,395.24
6738,O002857,P0080,1,126.09,0.15,107.18
6739,O002858,P0048,1,99.48,0.0,99.48
6740,O002858,P0008,2,2272.45,0.0,4544.9
6741,O002859,P0020,2,2496.75,0.0,4993.5
6742,O002860,P0050,3,323.3,0.0,969.9
6743,O002860,P0028,1,2490.67,0.0,2490.67
6744,O002860,P0048,5,100.81,0.0,504.05
6745,O002861,P0021,2,2656.66,0.1,4781.99
6746,O002861,P0020,2,2274.09,0.0,4548.18
6747,O002861,P0054,1,64.6,0.1,58.14
6748,O002861,P0058,4,109.9,0.0,439.6
6749,O002862,P0084,1,509.06,0.0,509.06
6750,O002863,P0020,2,2594.9,0.0,5189.8
6751,O002864,P0054,5,64.93,0.0,324.65
6752,O002864,P0045,2,1052.82,0.15,1789.79
6753,O002867,P0012,4,120.89,0.15,411.03
6754,O002868,P0080,3,127.97,0.0,383.91
6755,O002869,P0005,2,421.34,0.0,842.68
6756,O002869,P0054,2,63.22,0.0,126.44
6757,O002869,P0084,1,495.2,0.0,495.2
6758,O002869,P0039,2,688.74,0.05,1308.61
6759,O002870,P0023,2,2836.6,0.15,4822.22
6760,O002872,P0008,1,2466.1,0.0,2466.1
6761,O002872,P0012,4,115.68,0.0,462.72
6762,O002873,P0043,1,959.63,0.1,863.67
6763,O002873,P0025,2,322.05,0.0,644.1
6764,O002874,P0028,1,2492.69,0.0,2492.69
6765,O002874,P0077,2,296.12,0.0,592.24
6766,O002875,P0084,2,506.64,0.0,1013.28
6767,O002875,P0045,3,1072.39,0.0,3217.17
6768,O002875,P0043,1,1055.73,0.0,1055.73
6769,O002875,P0022,1,3222.99,0.0,3222.99
6770,O002878,P0020,2,2475.61,0.0,4951.22
6771,O002878,P0005,2,384.56,0.05,730.66
6772,O002878,P0077,2,306.42,0.2,490.27
6773,O002878,P0012,4,131.78,0.15,448.05
6774,O002879,P0020,1,2525.46,0.0,2525.46
6775,O002879,P0037,2,762.18,0.0,1524.36
6776,O002879,P0039,3,747.94,0.05,2131.63
6777,O002881,P0025,3,281.96,0.1,761.29
6778,O002881,P0084,2,505.96,0.0,1011.92
6779,O002882,P0084,1,493.62,0.0,493.62
6780,O002882,P0005,1,379.95,0.0,379.95
6781,O002883,P0087,1,196.22,0.2,156.98
6782,O002883,P0055,3,723.11,0.1,1952.4
6783,O002883,P0037,3,695.04,0.05,1980.86
6784,O002883,P0032,1,125.42,0.0,125.42
6785,O002884,P0002,1,4223.51,0.1,3801.16
6786,O002884,P0080,3,114.61,0.1,309.45
6787,O002884,P0020,2,2585.97,0.1,4654.75
6788,O002885,P0020,2,2340.73,0.05,4447.39
6789,O002885,P0054,1,59.74,0.0,59.74
6790,O002885,P0058,5,112.26,0.05,533.24
6791,O002888,P0045,2,1013.89,0.05,1926.39
6792,O002888,P0058,3,114.79,0.1,309.93
6793,O002888,P0080,3,127.57,0.0,382.71
6794,O002888,P0084,1,513.54,0.0,513.54
6795,O002890,P0050,1,310.07,0.0,310.07
6796,O002890,P0020,1,2599.21,0.0,2599.21
6797,O002890,P0054,5,63.84,0.05,303.24
6798,O002891,P0039,1,656.83,0.0,656.83
6799,O002891,P0020,1,2436.03,0.1,2192.43
6800,O002892,P0020,2,2282.06,0.1,4107.71
6801,O002892,P0086,2,201.22,0.0,402.44
6802,O002892,P0054,3,63.67,0.1,171.91
6803,O002892,P0032,3,111.19,0.0,333.57
6804,O002893,P0012,2,118.56,0.1,213.41
6805,O002893,P0022,2,3316.21,0.0,6632.42
6806,O002893,P0016,1,3467.44,0.1,3120.7
6807,O002893,P0063,1,109.27,0.0,109.27
6808,O002894,P0058,2,114.24,0.1,205.63
6809,O002894,P0086,3,205.73,0.15,524.61
6810,O002894,P0034,3,326.13,0.0,978.39
6811,O002895,P0029,2,2474.17,0.0,4948.34
6812,O002895,P0080,1,113.15,0.0,113.15
6813,O002895,P0039,2,726.56,0.0,1453.12
6814,O002895,P0084,3,525.7,0.0,1577.1
6815,O002897,P0050,2,306.11,0.05,581.61
6816,O002898,P0023,1,2890.87,0.1,2601.78
6817,O002898,P0034,2,290.29,0.05,551.55
6818,O002898,P0020,2,2596.02,0.0,5192.04
6819,O002898,P0054,1,56.61,0.0,56.61
6820,O002899,P0048,3,95.85,0.1,258.79
6821,O002900,P0084,1,493.07,0.1,443.76
6822,O002900,P0039,2,742.52,0.0,1485.04
6823,O002901,P0067,4,260.33,0.15,885.12
6824,O002901,P0008,1,2227.78,0.0,2227.78
6825,O002901,P0054,3,65.85,0.0,197.55
6826,O002901,P0032,1,123.25,0.0,123.25
6827,O002902,P0087,4,199.43,0.05,757.83
6828,O002902,P0016,2,3592.25,0.05,6825.28
6829,O002903,P0020,1,2247.72,0.1,2022.95
6830,O002903,P0012,5,114.78,0.15,487.81
6831,O002904,P0077,1,310.18,0.1,279.16
6832,O002904,P0087,1,188.05,0.1,169.24
6833,O002904,P0020,2,2606.84,0.0,5213.68
6834,O002905,P0008,2,2258.3,0.0,4516.6
6835,O002906,P0063,5,112.35,0.05,533.66
6836,O002906,P0087,3,177.94,0.0,533.82
6837,O002907,P0003,1,4421.52,0.1,3979.37
6838,O002907,P0039,1,664.99,0.05,631.74
6839,O002907,P0053,5,62.26,0.05,295.74
6840,O002909,P0080,4,113.7,0.2,363.84
6841,O002909,P0045,2,1088.62,0.2,1741.79
6842,O002910,P0054,4,65.23,0.15,221.78
6843,O002910,P0080,4,127.96,0.0,511.84
6844,O002911,P0077,1,294.75,0.2,235.8
6845,O002912,P0054,1,65.45,0.0,65.45
6846,O002913,P0084,1,488.86,0.0,488.86
6847,O002914,P0080,1,114.78,0.1,103.3
6848,O002915,P0087,5,206.81,0.2,827.24
6849,O002915,P0084,3,524.83,0.15,1338.32
6850,O002915,P0005,2,383.67,0.2,613.87
6851,O002916,P0071,3,50.12,0.0,150.36
6852,O002916,P0022,2,3345.2,0.1,6021.36
6853,O002916,P0039,1,721.27,0.05,685.21
6854,O002916,P0025,2,299.93,0.05,569.87
6855,O002917,P0084,1,485.74,0.15,412.88
6856,O002917,P0020,2,2317.38,0.1,4171.28
6857,O002918,P0012,2,113.47,0.0,226.94
6858,O002918,P0077,1,285.44,0.0,285.44
6859,O002919,P0080,5,115.93,0.0,579.65
6860,O002919,P0032,3,128.38,0.0,385.14
6861,O002920,P0005,2,399.28,0.0,798.56
6862,O002920,P0080,1,124.62,0.05,118.39
6863,O002920,P0030,2,2531.38,0.2,4050.21
6864,O002920,P0054,3,58.03,0.0,174.09
6865,O002921,P0039,2,652.25,0.05,1239.27
6866,O002921,P0005,1,371.82,0.1,334.64
6867,O002921,P0054,5,62.02,0.0,310.1
6868,O002921,P0020,1,2435.03,0.05,2313.28
6869,O002922,P0045,1,996.16,0.0,996.16
6870,O002922,P0039,2,683.9,0.2,1094.24
6871,O002922,P0005,3,376.06,0.1,1015.36
6872,O002923,P0045,3,948.67,0.0,2846.01
6873,O002924,P0023,2,3272.06,0.0,6544.12
6874,O002924,P0032,1,120.01,0.0,120.01
6875,O002924,P0067,4,231.59,0.0,926.36
6876,O002924,P0043,2,1046.24,0.0,2092.48
6877,O002925,P0004,1,392.67,0.0,392.67
6878,O002925,P0077,2,295.01,0.1,531.02
6879,O002925,P0050,2,295.5,0.0,591.0
6880,O002926,P0050,1,322.3,0.0,322.3
6881,O002926,P0020,2,2460.66,0.05,4675.25
6882,O002926,P0015,1,1316.63,0.0,1316.63
6883,O002927,P0020,1,2379.99,0.2,1903.99
6884,O002927,P0074,2,73.48,0.1,132.26
6885,O002927,P0016,2,3365.57,0.05,6394.58
6886,O002927,P0008,1,2285.33,0.0,2285.33
6887,O002928,P0030,1,2347.62,0.0,2347.62
6888,O002929,P0039,1,664.45,0.0,664.45
6889,O002930,P0032,2,118.37,0.15,201.23
6890,O002930,P0022,2,2994.07,0.05,5688.73
6891,O002930,P0034,2,303.77,0.0,607.54
6892,O002930,P0012,1,117.25,0.2,93.8
6893,O002931,P0084,2,471.7,0.15,801.89
6894,O002931,P0049,1,293.92,0.0,293.92
6895,O002931,P0086,2,211.3,0.0,422.6
6896,O002931,P0008,1,2366.83,0.05,2248.49
6897,O002932,P0054,5,63.81,0.0,319.05
6898,O002932,P0018,1,3682.07,0.0,3682.07
6899,O002932,P0020,2,2447.15,0.0,4894.3
6900,O002933,P0080,5,125.57,0.0,627.85
6901,O002934,P0054,3,61.91,0.0,185.73
6902,O002934,P0039,1,692.64,0.05,658.01
6903,O002934,P0084,3,485.89,0.2,1166.14
6904,O002934,P0045,2,1031.23,0.0,2062.46
6905,O002935,P0067,5,254.36,0.0,1271.8
6906,O002935,P0012,5,122.64,0.0,613.2
6907,O002935,P0045,0,1101.71,0.15,1872.91
6908,O002935,P0028,2,2678.9,0.05,5089.91
6909,O002936,P0018,1,3571.05,0.0,3571.05
6910,O002936,P0008,1,2413.55,0.15,2051.52
6911,O002936,P0020,1,2487.95,0.15,2114.76
6912,O002936,P0032,5,114.09,0.0,570.45
6913,O002937,P0084,3,528.97,0.1,1428.22
6914,O002938,P0073,1,67.08,0.05,63.73
6915,O002938,P0012,2,115.66,0.0,231.32
6916,O002938,P0077,3,306.19,0.0,918.57
6917,O002939,P0034,2,289.15,0.0,578.3
6918,O002939,P0008,1,2301.2,0.15,1956.02
6919,O002939,P0071,4,51.61,0.2,165.15
6920,O002939,P0084,3,454.39,0.0,1363.17
6921,O002940,P0005,3,417.07,0.0,1251.21
6922,O002941,P0008,2,2299.48,0.05,4369.01
6923,O002941,P0039,2,685.9,0.05,1303.21
6924,O002941,P0087,1,203.66,0.0,203.66
6925,O002941,P0077,1,287.18,0.05,272.82
6926,O002943,P0087,2,195.48,0.1,351.86
6927,O002943,P0032,5,127.31,0.15,541.07
6928,O002944,P0063,1,116.89,0.0,116.89
6929,O002944,P0009,2,2009.23,0.05,3817.54
6930,O002944,P0020,1,2484.29,0.0,2484.29
6931,O002944,P0056,2,893.05,0.0,1786.1
6932,O002945,P0022,1,3177.48,0.0,3177.48
6933,O002945,P0003,1,4306.32,0.0,4306.32
6934,O002946,P0015,3,1427.46,0.0,4282.38
6935,O002946,P0039,1,654.86,0.2,523.89
6936,O002947,P0071,4,53.62,0.15,182.31
6937,O002947,P0005,1,383.06,0.0,383.06
6938,O002947,P0055,3,743.98,0.05,2120.34
6939,O002949,P0086,3,208.6,0.0,625.8
6940,O002951,P0071,5,56.84,0.05,269.99
6941,O002951,P0005,1,373.27,0.1,335.94
6942,O002952,P0020,2,2533.58,0.0,5067.16
6943,O002952,P0039,3,694.33,0.05,1978.84
6944,O002953,P0020,2,2317.35,0.0,4634.7
6945,O002953,P0077,1,271.6,0.2,217.28
6946,O002953,P0012,4,125.37,0.15,426.26
6947,O002954,P0020,1,2531.14,0.1,2278.03
6948,O002955,P0061,2,128.53,0.1,231.35
6949,O002955,P0080,1,114.72,0.0,114.72
6950,O002955,P0022,1,2994.84,0.0,2994.84
6951,O002955,P0032,1,123.13,0.0,123.13
6952,O002956,P0067,1,240.54,0.0,240.54
6953,O002956,P0084,3,516.55,0.1,1394.68
6954,O002958,P0008,1,2355.38,0.0,2355.38
6955,O002958,P0012,3,130.81,0.0,392.43
6956,O002960,P0067,4,268.72,0.0,1074.88
6957,O002960,P0005,2,403.03,0.2,644.85
6958,O002960,P0008,1,2318.9,0.0,2318.9
6959,O002961,P0020,1,2453.23,0.0,2453.23
6960,O002961,P0008,2,2333.78,0.0,4667.56
6961,O002961,P0009,2,2132.56,0.0,4265.12
6962,O002962,P0061,3,137.81,0.05,392.76
6963,O002962,P0005,1,375.1,0.0,375.1
6964,O002963,P0008,2,2502.29,0.0,5004.58
6965,O002963,P0067,3,233.98,0.15,596.65
6966,O002963,P0054,3,59.54,0.0,178.62
6967,O002964,P0039,1,721.91,0.05,685.81
6968,O002964,P0002,1,4086.79,0.0,4086.79
6969,O002965,P0012,2,126.04,0.05,239.48
6970,O002967,P0012,2,116.87,0.0,233.74
6971,O002967,P0063,1,118.73,0.0,118.73
6972,O002967,P0055,3,799.94,0.05,2279.83
6973,O002968,P0008,2,2457.63,0.15,4177.97
6974,O002968,P0039,2,733.63,0.0,1467.26
6975,O002968,P0016,1,3154.04,0.1,2838.64
6976,O002968,P0025,3,278.62,0.0,835.86
6977,O002969,P0032,5,122.54,0.0,612.7
6978,O002969,P0039,1,673.71,0.0,673.71
6979,O002970,P0084,1,478.0,0.15,406.3
6980,O002970,P0039,3,681.45,0.05,1942.13
6981,O002970,P0077,3,272.94,0.1,736.94
6982,O002970,P0055,2,726.89,0.1,1308.4
6983,O002971,P0058,3,110.87,0.0,332.61
6984,O002971,P0034,2,327.51,0.15,556.77
6985,O002971,P0055,3,817.27,0.0,2451.81
6986,O002972,P0052,5,58.11,0.0,290.55
6987,O002973,P0039,2,727.38,0.0,1454.76
6988,O002973,P0012,2,128.66,0.05,244.45
6989,O002975,P0013,1,1480.74,0.0,1480.74
6990,O002975,P0050,1,288.49,0.0,288.49
6991,O002976,P0005,3,430.52,0.0,1291.56
6992,O002976,P0064,5,107.7,0.0,538.5
6993,O002977,P0020,1,2437.91,0.0,2437.91
6994,O002979,P0045,2,1092.7,0.1,1966.86
6995,O002979,P0034,2,310.19,0.0,620.38
6996,O002980,P0032,5,121.42,0.05,576.74
6997,O002980,P0080,4,121.03,0.0,484.12
6998,O002980,P0016,2,3144.77,0.05,5975.06
6999,O002980,P0020,2,2237.9,0.05,4252.01
7000,O002981,P0022,1,3480.21,0.05,3306.2
7001,O002981,P0067,5,231.84,0.0,1159.2
7002,O002981,P0008,1,2366.82,0.0,2366.82
7003,O002981,P0043,2,913.8,0.05,1736.22
7004,O002982,P0048,4,98.86,0.0,395.44
7005,O002982,P0059,2,102.4,0.0,204.8
7006,O002982,P0039,2,724.32,0.0,1448.64
7007,O002983,P0080,3,119.36,0.05,340.18
7008,O002983,P0032,3,116.84,0.0,350.52
7009,O002983,P0020,1,2544.56,0.0,2544.56
7010,O002984,P0044,1,1064.13,0.05,1010.92
7011,O002984,P0032,1,128.55,0.05,122.12
7012,O002985,P0020,2,2594.68,0.0,5189.36
7013,O002985,P0039,2,729.81,0.0,1459.62
7014,O002986,P0016,1,3576.35,0.0,3576.35
7015,O002986,P0039,1,760.43,0.0,760.43
7016,O002986,P0080,3,115.74,0.0,347.22
7017,O002987,P0087,3,184.83,0.1,499.04
7018,O002987,P0080,5,124.54,0.15,529.3
7019,O002988,P0032,1,122.43,0.15,104.07
7020,O002989,P0047,3,86.05,0.1,232.33
7021,O002989,P0084,2,514.71,0.05,977.95
7022,O002990,P0002,1,3810.89,0.0,3810.89
7023,O002991,P0054,2,56.23,0.1,101.21
7024,O002991,P0039,1,696.02,0.0,696.02
7025,O002992,P0011,4,122.53,0.05,465.61
7026,O002992,P0045,2,943.78,0.15,1604.43
7027,O002992,P0087,1,199.45,0.15,169.53
7028,O002993,P0073,3,65.47,0.0,196.41
7029,O002993,P0048,5,101.58,0.15,431.72
7030,O002993,P0038,2,668.83,0.05,1270.78
7031,O002994,P0086,2,199.91,0.0,399.82
7032,O002995,P0080,1,112.65,0.0,112.65
7033,O002995,P0020,1,2341.6,0.0,2341.6
7034,O002995,P0071,3,56.55,0.0,169.65
7035,O002995,P0050,1,284.44,0.0,284.44
7036,O002997,P0055,2,797.86,0.05,1515.93
7037,O002997,P0059,5,97.38,0.05,462.55
7038,O002998,P0016,1,3390.88,0.05,3221.34
7039,O002998,P0020,1,2607.77,0.05,2477.38
7040,O002998,P0071,1,51.5,0.0,51.5
7041,O002998,P0087,4,205.96,0.0,823.84
7042,O002999,P0012,3,113.79,0.0,341.37
7043,O003000,P0054,3,61.28,0.0,183.84
7044,O003000,P0015,3,1286.89,0.0,3860.67
7045,O003000,P0045,1,1088.44,0.1,979.6
7046,O003000,P0087,2,202.17,0.0,404.34
7047,O003001,P0080,4,120.68,0.2,386.18
7048,O003002,P0032,5,127.3,0.0,636.5
7049,O003002,P0020,2,2319.01,0.1,4174.22
7050,O003003,P0025,1,288.09,0.0,288.09
7051,O003003,P0032,4,119.64,0.0,478.56
7052,O003003,P0030,1,2175.09,0.0,2175.09
7053,O003004,P0015,1,1292.87,0.1,1163.58
7054,O003005,P0044,1,999.16,0.0,999.16
7055,O003006,P0087,5,208.8,0.0,1044.0
7056,O003006,P0039,3,710.91,0.0,2132.73
7057,O003007,P0084,1,496.95,0.1,447.26
7058,O003007,P0002,1,4434.84,0.0,4434.84
7059,O003007,P0020,2,2533.78,0.05,4814.18
7060,O003007,P0032,2,112.11,0.05,213.01
7061,O003008,P0008,2,2287.4,0.0,4574.8
7062,O003008,P0048,5,103.3,0.2,413.2
7063,O003008,P0003,2,4896.41,0.0,9792.82
7064,O003009,P0059,3,97.09,0.1,262.14
7065,O003009,P0020,1,2600.26,0.05,2470.25
7066,O003010,P0020,2,2335.98,0.1,4204.76
7067,O003010,P0030,1,2456.47,0.0,2456.47
7068,O003010,P0015,2,1479.98,0.0,2959.96
7069,O003011,P0073,4,74.57,0.0,298.28
7070,O003011,P0020,2,2599.08,0.0,5198.16
7071,O003011,P0032,4,113.94,0.0,455.76
7072,O003012,P0025,1,292.61,0.0,292.61
7073,O003012,P0077,2,299.67,0.0,599.34
7074,O003013,P0013,3,1449.56,0.0,4348.68
7075,O003014,P0087,1,199.7,0.0,199.7
7076,O003015,P0003,1,4292.34,0.0,4292.34
7077,O003015,P0020,1,2597.73,0.05,2467.84
7078,O003015,P0043,1,999.25,0.0,999.25
7079,O003016,P0034,1,322.41,0.2,257.93
7080,O003016,P0054,3,63.41,0.0,190.23
7081,O003017,P0020,2,2585.5,0.0,5171.0
7082,O003017,P0058,2,111.7,0.0,223.4
7083,O003017,P0063,1,118.77,0.0,118.77
7084,O003018,P0073,3,75.93,0.0,227.79
7085,O003018,P0031,4,125.93,0.0,503.72
7086,O003018,P0050,2,314.46,0.0,628.92
7087,O003019,P0054,4,64.24,0.0,256.96
7088,O003019,P0065,3,102.44,0.1,276.59
7089,O003020,P0039,3,725.13,0.0,2175.39
7090,O003020,P0025,1,314.44,0.1,283.0
7091,O003020,P0016,1,3241.37,0.05,3079.3
7092,O003020,P0021,1,2511.93,0.0,2511.93
7093,O003021,P0020,2,2409.52,0.2,3855.23
7094,O003021,P0038,1,691.95,0.0,691.95
7095,O003021,P0050,3,309.18,0.05,881.16
7096,O003021,P0071,4,54.5,0.0,218.0
7097,O003022,P0054,5,64.16,0.0,320.8
7098,O003022,P0061,1,122.07,0.05,115.97
7099,O003023,P0044,3,921.84,0.0,2765.52
7100,O003024,P0071,1,49.34,0.05,46.87
7101,O003024,P0087,5,183.22,0.0,916.1
7102,O003024,P0080,1,116.14,0.0,116.14
7103,O003024,P0039,2,699.89,0.0,1399.78
7104,O003025,P0008,1,2488.74,0.1,2239.87
7105,O003026,P0054,4,64.55,0.1,232.38
7106,O003026,P0040,3,413.6,0.0,1240.8
7107,O003026,P0066,2,93.73,0.0,187.46
7108,O003027,P0065,5,98.95,0.0,494.75
7109,O003028,P0087,2,201.8,0.0,403.6
7110,O003028,P0021,2,2700.6,0.0,5401.2
7111,O003028,P0080,3,112.78,0.0,338.34
7112,O003028,P0012,2,131.47,0.0,262.94
7113,O003029,P0073,4,65.22,0.0,260.88
7114,O003030,P0077,1,301.86,0.0,301.86
7115,O003030,P0054,1,65.14,0.0,65.14
7116,O003030,P0071,1,50.53,0.05,48.0
7117,O003030,P0079,2,146.98,0.0,293.96
7118,O003031,P0008,2,2239.57,0.0,4479.14
7119,O003031,P0073,1,72.83,0.2,58.26
7120,O003031,P0020,2,2321.67,0.0,4643.34
7121,O003032,P0080,1,119.5,0.0,119.5
7122,O003032,P0030,1,2204.38,0.15,1873.72
7123,O003032,P0054,4,59.02,0.0,236.08
7124,O003034,P0087,4,183.67,0.0,734.68
7125,O003034,P0030,1,2523.61,0.15,2145.07
7126,O003034,P0039,1,742.62,0.15,631.23
7127,O003035,P0034,2,304.89,0.05,579.29
7128,O003035,P0020,2,2408.03,0.0,4816.06
7129,O003035,P0071,4,50.92,0.0,203.68
7130,O003035,P0058,1,106.63,0.0,106.63
7131,O003036,P0005,1,378.17,0.05,359.26
7132,O003037,P0044,1,918.19,0.0,918.19
7133,O003037,P0005,1,380.3,0.0,380.3
7134,O003038,P0058,2,100.03,0.0,200.06
7135,O003039,P0025,2,325.02,0.0,650.04
7136,O003039,P0039,1,651.78,0.0,651.78
7137,O003040,P0020,1,2235.99,0.1,2012.39
7138,O003040,P0054,4,56.97,0.15,193.7
7139,O003040,P0087,4,189.4,0.0,757.6
7140,O003040,P0045,3,986.57,0.1,2663.74
7141,O003041,P0039,2,702.11,0.2,1123.38
7142,O003041,P0055,2,779.71,0.0,1559.42
7143,O003041,P0020,2,2242.26,0.0,4484.52
7144,O003041,P0054,2,63.55,0.0,127.1
7145,O003042,P0084,2,468.66,0.05,890.45
7146,O003042,P0015,2,1471.78,0.2,2354.85
7147,O003042,P0080,3,131.69,0.0,395.07
7148,O003043,P0084,1,457.48,0.0,457.48
7149,O003043,P0039,1,714.91,0.0,714.91
7150,O003043,P0012,3,124.84,0.05,355.79
7151,O003043,P0086,3,215.68,0.05,614.69
7152,O003044,P0005,1,410.26,0.0,410.26
7153,O003045,P0030,1,2320.93,0.0,2320.93
7154,O003046,P0071,4,56.87,0.2,181.98
7155,O003046,P0039,1,731.72,0.0,731.72
7156,O003046,P0008,2,2307.62,0.1,4153.72
7157,O003046,P0084,1,508.46,0.0,508.46
7158,O003047,P0053,2,67.5,0.1,121.5
7159,O003048,P0041,1,472.31,0.15,401.46
7160,O003048,P0077,1,314.09,0.0,314.09
7161,O003049,P0033,3,107.35,0.15,273.74
7162,O003050,P0013,1,1490.7,0.1,1341.63
7163,O003050,P0071,4,49.9,0.0,199.6
7164,O003050,P0012,2,115.59,0.0,231.18
7165,O003051,P0045,3,981.48,0.0,2944.44
7166,O003053,P0022,1,3412.1,0.1,3070.89
7167,O003053,P0084,3,508.21,0.05,1448.4
7168,O003054,P0050,1,305.62,0.0,305.62
7169,O003054,P0005,1,400.08,0.0,400.08
7170,O003054,P0009,2,2110.34,0.05,4009.65
7171,O003055,P0039,1,671.69,0.05,638.11
7172,O003055,P0084,2,485.39,0.0,970.78
7173,O003055,P0071,2,52.38,0.1,94.28
7174,O003057,P0020,1,2401.62,0.0,2401.62
7175,O003057,P0039,3,750.0,0.15,1912.5
7176,O003057,P0032,2,126.8,0.0,253.6
7177,O003058,P0064,2,100.87,0.0,201.74
7178,O003058,P0020,1,2234.08,0.0,2234.08
7179,O003059,P0032,4,110.42,0.0,441.68
7180,O003060,P0013,1,1389.28,0.2,1111.42
7181,O003060,P0071,4,52.97,0.05,201.29
7182,O003060,P0008,1,2541.55,0.0,2541.55
7183,O003060,P0039,3,680.32,0.05,1938.91
7184,O003061,P0008,1,2254.02,0.0,2254.02
7185,O003061,P0020,1,2606.56,0.0,2606.56
7186,O003061,P0039,1,744.97,0.0,744.97
7187,O003062,P0009,2,2073.71,0.0,4147.42
7188,O003062,P0015,3,1476.92,0.0,4430.76
7189,O003062,P0058,1,104.19,0.1,93.77
7190,O003063,P0080,5,132.16,0.0,660.8
7191,O003064,P0043,2,1053.15,0.0,2106.3
7192,O003064,P0055,2,727.53,0.0,1455.06
7193,O003064,P0087,4,207.34,0.05,787.89
7194,O003064,P0084,3,505.52,0.0,1516.56
7195,O003065,P0020,2,2332.21,0.0,4664.42
7196,O003067,P0045,1,1101.47,0.0,1101.47
7197,O003068,P0084,2,495.35,0.0,990.7
7198,O003069,P0054,4,62.06,0.1,223.42
7199,O003069,P0025,2,315.02,0.0,630.04
7200,O003070,P0071,5,53.14,0.0,265.7
7201,O003070,P0005,1,433.47,0.0,433.47
7202,O003070,P0063,4,120.68,0.1,434.45
7203,O003070,P0020,2,2407.55,0.0,4815.1
7204,O003071,P0084,2,473.87,0.0,947.74
7205,O003072,P0040,3,402.49,0.1,1086.72
7206,O003072,P0020,1,2238.82,0.2,1791.06
7207,O003074,P0080,5,116.77,0.0,583.85
7208,O003074,P0054,3,62.12,0.0,186.36
7209,O003075,P0054,4,56.38,0.0,225.52
7210,O003075,P0084,3,498.09,0.1,1344.84
7211,O003075,P0008,2,2427.76,0.0,4855.52
7212,O003076,P0055,3,830.23,0.0,2490.69
7213,O003077,P0034,2,289.33,0.1,520.79
7214,O003078,P0039,2,703.79,0.15,1196.44
7215,O003079,P0020,2,2273.84,0.0,4547.68
7216,O003079,P0039,1,667.27,0.15,567.18
7217,O003080,P0054,5,65.61,0.0,328.05
7218,O003080,P0003,1,4750.34,0.1,4275.31
7219,O003081,P0080,5,113.77,0.05,540.41
7220,O003081,P0055,3,777.72,0.05,2216.5
7221,O003081,P0039,2,722.6,0.1,1300.68
7222,O003082,P0080,4,132.12,0.0,528.48
7223,O003083,P0005,2,393.89,0.0,787.78
7224,O003083,P0020,2,2559.82,0.0,5119.64
7225,O003083,P0045,2,1046.5,0.0,2093.0
7226,O003084,P0071,2,56.58,0.0,113.16
7227,O003084,P0087,3,205.83,0.05,586.62
7228,O003084,P0055,3,755.1,0.0,2265.3
7229,O003084,P0020,2,2263.15,0.0,4526.3
7230,O003086,P0020,1,2442.52,0.0,2442.52
7231,O003086,P0054,4,57.55,0.0,230.2
7232,O003086,P0012,1,117.61,0.0,117.61
7233,O003086,P0080,1,119.18,0.0,119.18
7234,O003087,P0077,3,287.96,0.05,820.69
7235,O003087,P0032,4,125.0,0.0,500.0
7236,O003087,P0084,3,494.07,0.0,1482.21
7237,O003087,P0087,2,197.57,0.0,395.14
7238,O003088,P0015,2,1313.01,0.1,2363.42
7239,O003088,P0009,2,2213.7,0.0,4427.4
7240,O003090,P0071,1,51.92,0.2,41.54
7241,O003090,P0053,2,69.07,0.0,138.14
7242,O003090,P0054,4,56.56,0.0,226.24
7243,O003090,P0050,2,299.16,0.0,598.32
7244,O003092,P0080,5,127.46,0.0,637.3
7245,O003092,P0077,2,277.25,0.05,526.78
7246,O003093,P0056,3,876.07,0.15,2233.98
7247,O003093,P0084,1,468.81,0.0,468.81
7248,O003093,P0039,2,680.7,0.0,1361.4
7249,O003094,P0013,3,1352.13,0.0,4056.39
7250,O003094,P0015,3,1389.21,0.0,4167.63
7251,O003094,P0061,2,120.79,0.0,241.58
7252,O003094,P0084,3,501.67,0.15,1279.26
7253,O003095,P0071,2,53.48,0.1,96.26
7254,O003095,P0084,3,526.44,0.05,1500.35
7255,O003095,P0037,3,748.11,0.0,2244.33
7256,O003095,P0077,1,314.85,0.15,267.62
7257,O003096,P0054,2,59.21,0.1,106.58
7258,O003096,P0087,4,193.78,0.15,658.85
7259,O003097,P0039,2,687.9,0.1,1238.22
7260,O003097,P0004,2,392.38,0.1,706.28
7261,O003098,P0087,4,199.54,0.05,758.25
7262,O003098,P0020,2,2241.56,0.0,4483.12
7263,O003098,P0008,1,2243.35,0.0,2243.35
7264,O003099,P0044,3,997.5,0.0,2992.5
7265,O003100,P0032,5,111.38,0.0,556.9
7266,O003100,P0053,1,61.89,0.0,61.89
7267,O003100,P0008,2,2276.36,0.0,4552.72
7268,O003100,P0045,3,1095.86,0.0,3287.58
7269,O003101,P0054,4,59.35,0.0,237.4
7270,O003101,P0080,1,114.47,0.0,114.47
7271,O003102,P0039,2,706.83,0.0,1413.66
7272,O003102,P0018,1,3349.65,0.0,3349.65
7273,O003102,P0005,1,379.74,0.0,379.74
7274,O003103,P0084,1,514.61,0.1,463.15
7275,O003103,P0054,1,61.0,0.0,61.0
7276,O003103,P0039,3,743.86,0.0,2231.58
7277,O003104,P0084,2,515.61,0.0,1031.22
7278,O003106,P0013,3,1435.87,0.05,4092.23
7279,O003106,P0084,2,463.09,0.0,926.18
7280,O003106,P0045,2,1106.6,0.0,2213.2
7281,O003106,P0074,5,68.38,0.05,324.8
7282,O003107,P0029,1,2307.84,0.2,1846.27
7283,O003107,P0087,1,184.01,0.0,184.01
7284,O003108,P0008,2,2366.4,0.0,4732.8
7285,O003108,P0037,2,664.73,0.15,1130.04
7286,O003108,P0020,2,2548.89,0.1,4588.0
7287,O003109,P0087,4,202.91,0.0,811.64
7288,O003110,P0084,3,500.11,0.15,1275.28
7289,O003110,P0080,5,116.86,0.0,584.3
7290,O003111,P0058,2,101.89,0.1,183.4
7291,O003111,P0032,1,110.65,0.1,99.58
7292,O003111,P0008,2,2208.2,0.15,3753.94
7293,O003112,P0077,3,280.61,0.0,841.83
7294,O003113,P0034,2,314.25,0.15,534.22
7295,O003113,P0073,5,73.96,0.0,369.8
7296,O003113,P0047,4,85.37,0.0,341.48
7297,O003114,P0012,2,118.87,0.0,237.74
7298,O003115,P0084,1,525.28,0.2,420.22
7299,O003115,P0021,2,2461.66,0.15,4184.82
7300,O003115,P0054,5,60.99,0.0,304.95
7301,O003115,P0045,3,944.25,0.15,2407.84
7302,O003116,P0045,1,1076.33,0.1,968.7
7303,O003116,P0056,2,860.71,0.1,1549.28
7304,O003117,P0021,1,2521.95,0.05,2395.85
7305,O003117,P0080,3,125.56,0.0,376.68
7306,O003117,P0020,1,2524.54,0.0,2524.54
7307,O003118,P0084,1,510.89,0.0,510.89
7308,O003118,P0080,1,118.71,0.0,118.71
7309,O003119,P0012,4,118.82,0.05,451.52
7310,O003120,P0020,1,2491.8,0.0,2491.8
7311,O003120,P0087,2,190.79,0.0,381.58
7312,O003120,P0080,4,122.61,0.05,465.92
7313,O003122,P0045,2,1007.91,0.0,2015.82
7314,O003122,P0087,5,188.88,0.0,944.4
7315,O003122,P0002,1,3871.14,0.1,3484.03
7316,O003123,P0084,2,529.0,0.15,899.3
7317,O003124,P0050,2,280.76,0.1,505.37
7318,O003124,P0065,2,105.65,0.05,200.74
7319,O003124,P0003,1,4980.78,0.05,4731.74
7320,O003124,P0012,3,122.64,0.0,367.92
7321,O003125,P0008,2,2316.44,0.0,4632.88
7322,O003126,P0039,3,691.43,0.0,2074.29
7323,O003126,P0012,5,120.31,0.05,571.47
7324,O003126,P0003,1,4450.57,0.0,4450.57
7325,O003127,P0054,1,64.2,0.0,64.2
7326,O003127,P0034,2,300.17,0.0,600.34
7327,O003127,P0020,2,2393.22,0.0,4786.44
7328,O003128,P0054,2,63.65,0.05,120.93
7329,O003128,P0053,4,67.98,0.0,271.92
7330,O003128,P0020,2,2572.43,0.1,4630.37
7331,O003129,P0080,4,119.54,0.2,382.53
7332,O003129,P0073,3,73.97,0.0,221.91
7333,O003130,P0058,1,109.57,0.0,109.57
7334,O003130,P0071,2,49.47,0.0,98.94
7335,O003130,P0012,3,116.36,0.05,331.63
7336,O003130,P0050,2,278.86,0.2,446.18
7337,O003131,P0037,3,765.32,0.15,1951.57
7338,O003131,P0020,2,2518.29,0.1,4532.92
7339,O003131,P0044,2,966.59,0.0,1933.18
7340,O003132,P0034,1,298.2,0.1,268.38
7341,O003132,P0054,3,65.66,0.0,196.98
7342,O003133,P0071,2,50.66,0.0,101.32
7343,O003134,P0018,1,3627.08,0.0,3627.08
7344,O003135,P0080,3,114.05,0.0,342.15
7345,O003135,P0065,4,103.53,0.0,414.12
7346,O003135,P0054,5,60.71,0.2,242.84
7347,O003136,P0039,3,724.89,0.0,2174.67
7348,O003136,P0041,3,414.72,0.05,1181.95
7349,O003136,P0005,1,408.41,0.1,367.57
7350,O003137,P0008,1,2225.18,0.15,1891.4
7351,O003137,P0080,3,121.73,0.15,310.41
7352,O003137,P0012,1,118.11,0.0,118.11
7353,O003139,P0021,2,2664.0,0.0,5328.0
7354,O003139,P0071,2,54.01,0.15,91.82
7355,O003139,P0054,4,58.77,0.0,235.08
7356,O003140,P0067,2,234.56,0.0,469.12
7357,O003140,P0045,3,1099.54,0.0,3298.62
7358,O003140,P0013,2,1337.03,0.0,2674.06
7359,O003140,P0014,1,1442.2,0.15,1225.87
7360,O003141,P0039,3,653.54,0.0,1960.62
7361,O003141,P0005,2,399.34,0.15,678.88
7362,O003141,P0084,1,519.31,0.0,519.31
7363,O003143,P0054,2,59.34,0.1,106.81
7364,O003144,P0054,2,58.47,0.0,116.94
7365,O003145,P0020,1,2275.78,0.0,2275.78
7366,O003145,P0080,2,115.64,0.0,231.28
7367,O003145,P0048,3,105.08,0.0,315.24
7368,O003145,P0045,3,1078.76,0.15,2750.84
7369,O003146,P0020,2,2497.57,0.0,4995.14
7370,O003146,P0071,2,49.09,0.2,78.54
7371,O003146,P0057,2,867.04,0.2,1387.26
7372,O003147,P0020,2,2402.81,0.0,4805.62
7373,O003148,P0049,1,303.94,0.0,303.94
7374,O003148,P0032,5,127.25,0.0,636.25
7375,O003148,P0008,2,2431.22,0.0,4862.44
7376,O003149,P0013,2,1371.24,0.1,2468.23
7377,O003150,P0034,1,323.04,0.0,323.04
7378,O003151,P0016,2,3237.58,0.0,6475.16
7379,O003151,P0020,1,2464.6,0.0,2464.6
7380,O003152,P0004,3,389.06,0.1,1050.46
7381,O003153,P0087,1,193.27,0.0,193.27
7382,O003154,P0050,3,304.98,0.0,914.94
7383,O003155,P0039,2,751.58,0.0,1503.16
7384,O003155,P0084,2,482.82,0.0,965.64
7385,O003155,P0020,2,2389.15,0.1,4300.47
7386,O003156,P0054,2,58.31,0.0,116.62
7387,O003156,P0053,1,70.08,0.0,70.08
7388,O003156,P0058,2,111.92,0.05,212.65
7389,O003157,P0077,2,291.93,0.0,583.86
7390,O003157,P0039,1,691.71,0.0,691.71
7391,O003158,P0012,2,113.68,0.0,227.36
7392,O003159,P0071,2,54.22,0.2,86.75
7393,O003159,P0054,3,65.34,0.0,196.02
7394,O003159,P0077,1,277.1,0.05,263.24
7395,O003159,P0025,3,316.47,0.0,949.41
7396,O003160,P0016,2,3343.91,0.0,6687.82
7397,O003160,P0058,4,114.5,0.1,412.2
7398,O003160,P0080,5,116.73,0.0,583.65
7399,O003160,P0039,2,731.17,0.0,1462.34
7400,O003161,P0054,4,60.35,0.05,229.33
7401,O003161,P0053,1,71.17,0.0,71.17
7402,O003161,P0043,2,1055.15,0.15,1793.76
7403,O003162,P0077,3,281.45,0.0,844.35
7404,O003162,P0039,3,718.38,0.1,1939.63
7405,O003163,P0073,1,68.22,0.0,68.22
7406,O003163,P0018,2,3507.09,0.15,5962.05
7407,O003163,P0077,1,283.59,0.0,283.59
7408,O003163,P0003,2,4858.08,0.0,9716.16
7409,O003164,P0067,4,253.31,0.1,911.92
7410,O003164,P0032,3,128.19,0.0,384.57
7411,O003165,P0054,4,58.02,0.0,232.08
7412,O003166,P0071,5,55.74,0.1,250.83
7413,O003166,P0039,1,701.67,0.0,701.67
7414,O003166,P0055,1,750.87,0.0,750.87
7415,O003167,P0020,1,2279.66,0.05,2165.68
7416,O003168,P0020,1,2312.92,0.0,2312.92
7417,O003169,P0034,3,298.01,0.2,715.22
7418,O003169,P0054,4,58.53,0.0,234.12
7419,O003169,P0080,2,128.41,0.2,205.46
7420,O003169,P0067,3,244.01,0.0,732.03
7421,O003170,P0084,3,495.89,0.0,1487.67
7422,O003171,P0034,2,289.72,0.05,550.47
7423,O003171,P0039,2,726.91,0.0,1453.82
7424,O003172,P0039,2,757.94,0.15,1288.5
7425,O003172,P0054,3,63.26,0.15,161.31
7426,O003172,P0071,3,49.03,0.0,147.09
7427,O003172,P0080,3,122.41,0.0,367.23
7428,O003173,P0034,1,329.23,0.0,329.23
7429,O003173,P0055,3,791.14,0.2,1898.74
7430,O003173,P0045,2,1001.88,0.0,2003.76
7431,O003173,P0004,1,356.82,0.0,356.82
7432,O003174,P0045,2,957.05,0.0,1914.1
7433,O003174,P0086,2,200.43,0.0,400.86
7434,O003174,P0041,1,430.48,0.1,387.43
7435,O003175,P0073,1,69.35,0.0,69.35
7436,O003175,P0008,2,2386.85,0.2,3818.96
7437,O003175,P0087,5,186.04,0.0,930.2
7438,O003175,P0020,2,2581.8,0.05,4905.42
7439,O003176,P0052,4,65.36,0.0,261.44
7440,O003177,P0016,2,3455.21,0.0,6910.42
7441,O003177,P0020,2,2590.44,0.0,5180.88
7442,O003177,P0084,3,513.85,0.0,1541.55
7443,O003178,P0005,1,421.21,0.0,421.21
7444,O003178,P0020,2,2278.75,0.0,4557.5
7445,O003178,P0073,2,75.28,0.0,150.56
7446,O003178,P0054,1,64.95,0.05,61.7
7447,O003179,P0053,4,70.75,0.0,283.0
7448,O003179,P0084,3,481.18,0.0,1443.54
7449,O003179,P0025,3,295.24,0.0,885.72
7450,O003180,P0043,3,960.84,0.0,2882.52
7451,O003180,P0087,2,178.76,0.0,357.52
7452,O003181,P0080,2,115.96,0.2,185.54
7453,O003181,P0071,1,54.71,0.15,46.5
7454,O003181,P0063,5,119.6,0.0,598.0
7455,O003182,P0022,2,3348.36,0.05,6361.88
7456,O003182,P0025,2,325.34,0.0,650.68
7457,O003183,P0080,2,115.64,0.0,231.28
7458,O003183,P0058,3,111.83,0.15,285.17
7459,O003183,P0005,3,391.88,0.0,1175.64
7460,O003184,P0039,3,754.51,0.0,2263.53
7461,O003184,P0020,1,2258.5,0.0,2258.5
7462,O003184,P0077,1,292.42,0.05,277.8
7463,O003185,P0009,1,1943.41,0.0,1943.41
7464,O003185,P0011,1,131.45,0.0,131.45
7465,O003185,P0020,2,2342.57,0.0,4685.14
7466,O003185,P0012,4,132.6,0.05,503.88
7467,O003186,P0080,5,120.58,0.15,512.46
7468,O003186,P0020,2,2402.86,0.0,4805.72
7469,O003186,P0016,2,3583.6,0.0,7167.2
7470,O003187,P0005,2,382.19,0.0,764.38
7471,O003187,P0039,2,718.37,0.0,1436.74
7472,O003188,P0080,2,113.97,0.0,227.94
7473,O003189,P0053,3,64.01,0.0,192.03
7474,O003189,P0080,3,116.81,0.0,350.43
7475,O003189,P0086,4,205.11,0.05,779.42
7476,O003190,P0032,3,121.49,0.0,364.47
7477,O003192,P0012,4,119.46,0.0,477.84
7478,O003193,P0071,3,54.08,0.0,162.24
7479,O003193,P0080,5,119.77,0.0,598.85
7480,O003195,P0013,2,1542.51,0.0,3085.02
7481,O003195,P0022,1,3109.08,0.0,3109.08
7482,O003195,P0080,4,115.46,0.1,415.66
7483,O003196,P0054,3,56.65,0.0,169.95
7484,O003196,P0080,5,129.25,0.0,646.25
7485,O003196,P0002,2,4167.51,0.1,7501.52
7486,O003196,P0047,2,89.37,0.0,178.74
7487,O003197,P0020,2,2532.98,0.0,5065.96
7488,O003197,P0045,1,1076.82,0.0,1076.82
7489,O003198,P0084,3,458.58,0.1,1238.17
7490,O003198,P0020,2,2348.33,0.0,4696.66
7491,O003198,P0045,2,1104.44,0.0,2208.88
7492,O003198,P0087,2,188.04,0.05,357.28
7493,O003199,P0080,2,124.38,0.0,248.76
7494,O003199,P0077,3,283.48,0.0,850.44
7495,O003199,P0084,2,455.74,0.0,911.48
7496,O003200,P0045,1,1008.8,0.15,857.48
7497,O003200,P0030,2,2381.7,0.0,4763.4
7498,O003200,P0084,1,528.1,0.05,501.7
7499,O003201,P0058,2,114.78,0.0,229.56
7500,O003201,P0071,5,52.85,0.05,251.04
7501,O003201,P0039,3,688.79,0.0,2066.37
7502,O003201,P0045,1,1052.75,0.0,1052.75
7503,O003202,P0039,3,721.45,0.0,2164.35
7504,O003202,P0003,2,4844.22,0.1,8719.6
7505,O003202,P0084,3,496.51,0.0,1489.53
7506,O003203,P0054,5,55.99,0.05,265.95
7507,O003204,P0045,3,1020.59,0.0,3061.77
7508,O003204,P0013,2,1471.31,0.0,2942.62
7509,O003204,P0087,5,189.45,0.15,805.16
7510,O003205,P0039,1,731.06,0.0,731.06
7511,O003205,P0038,3,606.37,0.15,1546.24
7512,O003205,P0087,3,208.43,0.05,594.03
7513,O003205,P0080,5,120.37,0.1,541.67
7514,O003206,P0080,5,131.35,0.05,623.91
7515,O003206,P0022,2,3180.25,0.0,6360.5
7516,O003207,P0005,3,372.96,0.2,895.1
7517,O003207,P0080,4,121.85,0.0,487.4
7518,O003207,P0013,1,1367.32,0.0,1367.32
7519,O003207,P0087,5,204.32,0.2,817.28
7520,O003208,P0022,2,3046.01,0.15,5178.22
7521,O003209,P0058,1,114.91,0.05,109.16
7522,O003209,P0020,1,2344.24,0.0,2344.24
7523,O003209,P0049,1,273.88,0.0,273.88
7524,O003210,P0054,5,59.79,0.05,284.0
7525,O003210,P0012,2,117.98,0.1,212.36
7526,O003210,P0020,2,2625.18,0.05,4987.84
7527,O003210,P0047,3,83.41,0.05,237.72
7528,O003211,P0012,4,114.29,0.1,411.44
7529,O003212,P0058,3,108.45,0.1,292.82
7530,O003213,P0012,1,117.63,0.1,105.87
7531,O003213,P0034,3,305.01,0.0,915.03
7532,O003213,P0045,3,1061.95,0.2,2548.68
7533,O003213,P0054,2,58.68,0.0,117.36
7534,O003214,P0020,2,2372.81,0.0,4745.62
7535,O003214,P0007,2,2103.86,0.05,3997.33
7536,O003215,P0016,1,3167.0,0.0,3167.0
7537,O003215,P0020,2,2522.64,0.15,4288.49
7538,O003215,P0054,5,57.53,0.05,273.27
7539,O003215,P0080,1,118.61,0.0,118.61
7540,O003216,P0034,1,299.7,0.1,269.73
7541,O003217,P0020,2,2558.41,0.0,5116.82
7542,O003217,P0008,2,2349.64,0.0,4699.28
7543,O003217,P0073,2,65.6,0.05,124.64
7544,O003218,P0058,1,102.77,0.1,92.49
7545,O003218,P0077,2,287.75,0.05,546.72
7546,O003219,P0039,1,651.41,0.0,651.41
7547,O003219,P0054,4,61.22,0.0,244.88
7548,O003219,P0022,2,3212.91,0.0,6425.82
7549,O003219,P0053,2,70.37,0.15,119.63
7550,O003220,P0016,2,3623.73,0.0,7247.46
7551,O003220,P0058,3,103.5,0.0,310.5
7552,O003221,P0061,4,121.16,0.2,387.71
7553,O003221,P0084,3,494.5,0.0,1483.5
7554,O003222,P0005,2,391.77,0.1,705.19
7555,O003223,P0045,1,1078.54,0.05,1024.61
7556,O003223,P0008,2,2526.22,0.05,4799.82
7557,O003223,P0050,2,297.23,0.0,594.46
7558,O003224,P0043,2,1024.8,0.0,2049.6
7559,O003225,P0008,1,2314.74,0.0,2314.74
7560,O003225,P0084,3,472.6,0.0,1417.8
7561,O003226,P0039,3,753.26,0.0,2259.78
7562,O003226,P0050,3,325.6,0.0,976.8
7563,O003227,P0012,4,116.75,0.05,443.65
7564,O003228,P0030,1,2338.17,0.15,1987.44
7565,O003228,P0084,2,484.3,0.0,968.6
7566,O003228,P0052,2,57.86,0.0,115.72
7567,O003228,P0020,1,2305.07,0.0,2305.07
7568,O003229,P0067,2,244.12,0.0,488.24
7569,O003229,P0054,3,61.66,0.0,184.98
7570,O003229,P0020,2,2434.21,0.15,4138.16
7571,O003229,P0030,2,2199.98,0.0,4399.96
7572,O003230,P0086,4,193.54,0.0,774.16
7573,O003230,P0048,5,109.34,0.0,546.7
7574,O003230,P0012,3,132.08,0.15,336.8
7575,O003231,P0003,1,4671.76,0.05,4438.17
7576,O003231,P0071,1,53.31,0.2,42.65
7577,O003232,P0012,3,113.65,0.05,323.9
7578,O003233,P0056,2,885.6,0.0,1771.2
7579,O003233,P0054,1,56.12,0.1,50.51
7580,O003233,P0034,1,322.11,0.05,306.0
7581,O003233,P0033,2,115.45,0.0,230.9
7582,O003234,P0084,3,485.55,0.0,1456.65
7583,O003234,P0025,3,310.57,0.0,931.71
7584,O003235,P0080,4,129.73,0.0,518.92
7585,O003235,P0032,5,127.2,0.05,604.2
7586,O003236,P0054,3,63.03,0.0,189.09
7587,O003236,P0012,1,114.28,0.0,114.28
7588,O003237,P0045,1,1055.71,0.2,844.57
7589,O003237,P0073,5,70.09,0.05,332.93
7590,O003237,P0067,5,235.05,0.1,1057.73
7591,O003237,P0020,2,2383.04,0.0,4766.08
7592,O003238,P0050,1,317.23,0.0,317.23
7593,O003239,P0080,3,127.67,0.0,383.01
7594,O003239,P0005,3,398.87,0.0,1196.61
7595,O003239,P0013,2,1541.2,0.05,2928.28
7596,O003240,P0054,3,58.91,0.0,176.73
7597,O003240,P0079,4,145.05,0.0,580.2
7598,O003240,P0052,1,58.06,0.0,58.06
7599,O003241,P0084,3,508.34,0.0,1525.02
7600,O003241,P0012,4,116.35,0.0,465.4
7601,O003242,P0018,2,3478.46,0.0,6956.92
7602,O003243,P0005,1,406.86,0.0,406.86
7603,O003243,P0003,1,4892.26,0.1,4403.03
7604,O003243,P0080,3,124.34,0.0,373.02
7605,O003243,P0084,3,528.49,0.1,1426.92
7606,O003244,P0061,3,128.94,0.0,386.82
7607,O003244,P0025,1,293.17,0.1,263.85
7608,O003245,P0020,1,2415.04,0.15,2052.78
7609,O003245,P0084,1,502.24,0.05,477.13
7610,O003245,P0008,2,2448.08,0.0,4896.16
7611,O003246,P0003,1,4592.98,0.0,4592.98
7612,O003246,P0043,1,973.86,0.1,876.47
7613,O003246,P0058,4,116.09,0.0,464.36
7614,O003247,P0037,2,701.76,0.0,1403.52
7615,O003247,P0039,2,735.18,0.0,1470.36
7616,O003247,P0054,1,63.0,0.0,63.0
7617,O003247,P0065,1,97.84,0.15,83.16
7618,O003248,P0040,1,449.6,0.0,449.6
7619,O003248,P0055,3,735.18,0.0,2205.54
7620,O003248,P0050,1,315.67,0.0,315.67
7621,O003249,P0034,2,313.81,0.0,627.62
7622,O003249,P0005,3,390.88,0.1,1055.38
7623,O003249,P0022,2,3015.46,0.0,6030.92
7624,O003249,P0054,5,59.16,0.15,251.43
7625,O003250,P0016,2,3506.12,0.0,7012.24
7626,O003250,P0053,4,70.36,0.05,267.37
7627,O003251,P0034,3,286.83,0.0,860.49
7628,O003251,P0003,2,4750.22,0.0,9500.44
7629,O003251,P0008,1,2297.98,0.0,2297.98
7630,O003251,P0077,2,279.39,0.0,558.78
7631,O003252,P0045,1,1105.28,0.0,1105.28
7632,O003254,P0011,4,126.29,0.0,505.16
7633,O003254,P0048,2,97.06,0.0,194.12
7634,O003255,P0016,2,3270.98,0.15,5560.67
7635,O003256,P0071,1,52.58,0.0,52.58
7636,O003256,P0016,2,3290.24,0.05,6251.46
7637,O003257,P0033,1,108.33,0.0,108.33
7638,O003257,P0071,2,53.76,0.0,107.52
7639,O003257,P0087,2,203.8,0.05,387.22
7640,O003258,P0059,5,107.74,0.0,538.7
7641,O003258,P0084,2,524.28,0.2,838.85
7642,O003258,P0065,1,92.64,0.0,92.64
7643,O003258,P0009,1,1946.07,0.15,1654.16
7644,O003259,P0087,4,180.95,0.0,723.8
7645,O003259,P0080,5,126.34,0.0,631.7
7646,O003259,P0077,1,299.28,0.05,284.32
7647,O003259,P0050,2,287.18,0.15,488.21
7648,O003260,P0020,2,2390.56,0.1,4303.01
7649,O003260,P0054,3,58.83,0.1,158.84
7650,O003261,P0037,2,721.55,0.0,1443.1
7651,O003261,P0087,2,194.57,0.2,311.31
7652,O003262,P0077,1,312.18,0.05,296.57
7653,O003263,P0047,3,94.77,0.0,284.31
7654,O003263,P0058,5,104.57,0.0,522.85
7655,O003264,P0039,1,759.74,0.0,759.74
7656,O003264,P0016,2,3265.67,0.0,6531.34
7657,O003264,P0018,0,3317.9,0.05,6304.01
7658,O003264,P0080,4,117.86,0.05,447.87
7659,O003265,P0084,1,452.83,0.0,452.83
7660,O003265,P0012,4,126.48,0.0,505.92
7661,O003266,P0039,1,728.65,0.05,692.22
7662,O003267,P0039,1,670.63,0.0,670.63
7663,O003267,P0012,2,132.69,0.0,265.38
7664,O003267,P0008,1,2427.1,0.0,2427.1
7665,O003268,P0071,1,56.17,0.05,53.36
7666,O003268,P0059,1,105.93,0.1,95.34
7667,O003268,P0058,1,110.07,0.2,88.06
7668,O003268,P0012,3,115.82,0.0,347.46
7669,O003269,P0020,1,2458.76,0.0,2458.76
7670,O003269,P0080,3,123.7,0.0,371.1
7671,O003269,P0061,3,121.45,0.0,364.35
7672,O003270,P0050,3,290.38,0.1,784.03
7673,O003270,P0054,2,58.62,0.05,111.38
7674,O003270,P0011,1,136.33,0.15,115.88
7675,O003270,P0025,1,317.8,0.1,286.02
7676,O003271,P0013,1,1431.86,0.0,1431.86
7677,O003271,P0047,4,95.43,0.0,381.72
7678,O003271,P0012,3,123.08,0.0,369.24
7679,O003271,P0044,1,969.7,0.0,969.7
7680,O003273,P0032,5,119.53,0.0,597.65
7681,O003273,P0048,4,102.06,0.0,408.24
7682,O003273,P0008,1,2263.98,0.15,1924.38
7683,O003273,P0039,3,699.25,0.0,2097.75
7684,O003275,P0080,4,127.41,0.0,509.64
7685,O003275,P0020,2,2531.29,0.05,4809.45
7686,O003276,P0037,2,698.64,0.0,1397.28
7687,O003276,P0074,3,73.08,0.0,219.24
7688,O003276,P0080,5,114.53,0.05,544.02
7689,O003276,P0008,2,2559.7,0.05,4863.43
7690,O003277,P0054,3,59.5,0.05,169.58
7691,O003277,P0050,1,319.27,0.05,303.31
7692,O003277,P0071,5,49.04,0.2,196.16
7693,O003277,P0044,3,944.55,0.0,2833.65
7694,O003278,P0020,1,2607.67,0.0,2607.67
7695,O003278,P0016,1,3352.75,0.0,3352.75
7696,O003278,P0005,1,418.64,0.0,418.64
7697,O003279,P0020,2,2571.81,0.0,5143.62
7698,O003279,P0080,4,129.15,0.0,516.6
7699,O003280,P0009,2,1996.07,0.05,3792.53
7700,O003280,P0005,1,370.58,0.0,370.58
7701,O003281,P0084,3,497.74,0.0,1493.22
7702,O003282,P0045,1,972.86,0.0,972.86
7703,O003282,P0080,2,131.1,0.0,262.2
7704,O003282,P0020,1,2497.08,0.1,2247.37
7705,O003282,P0016,1,3208.51,0.05,3048.08
7706,O003283,P0054,5,56.18,0.05,266.85
7707,O003283,P0039,1,704.12,0.1,633.71
7708,O003283,P0079,5,142.66,0.0,713.3
7709,O003283,P0032,5,113.32,0.0,566.6
7710,O003284,P0054,3,63.42,0.15,161.72
7711,O003284,P0043,3,1048.42,0.0,3145.26
7712,O003284,P0052,3,59.48,0.0,178.44
7713,O003285,P0041,3,416.92,0.0,1250.76
7714,O003285,P0073,5,73.37,0.1,330.16
7715,O003285,P0052,3,57.16,0.05,162.91
7716,O003287,P0080,4,121.12,0.05,460.26
7717,O003287,P0044,2,974.98,0.05,1852.46
7718,O003287,P0005,3,416.46,0.0,1249.38
7719,O003287,P0008,2,2209.04,0.0,4418.08
7720,O003289,P0080,4,118.58,0.0,474.32
7721,O003289,P0077,3,283.39,0.0,850.17
7722,O003289,P0058,3,111.55,0.0,334.65
7723,O003290,P0080,2,125.63,0.05,238.7
7724,O003290,P0020,1,2502.71,0.0,2502.71
7725,O003290,P0034,3,292.82,0.15,746.69
7726,O003291,P0016,2,3555.1,0.0,7110.2
7727,O003292,P0086,3,197.38,0.1,532.93
7728,O003292,P0087,5,199.49,0.15,847.83
7729,O003293,P0009,1,2078.31,0.0,2078.31
7730,O003293,P0048,2,107.13,0.0,214.26
7731,O003294,P0013,2,1381.34,0.0,2762.68
7732,O003294,P0058,1,101.68,0.2,81.34
7733,O003294,P0047,5,83.65,0.05,397.34
7734,O003294,P0016,2,3532.99,0.0,7065.98
7735,O003295,P0020,2,2393.83,0.1,4308.89
7736,O003295,P0058,3,109.76,0.0,329.28
7737,O003295,P0003,2,4681.55,0.0,9363.1
7738,O003295,P0045,2,1021.53,0.0,2043.06
7739,O003296,P0052,4,62.21,0.1,223.96
7740,O003296,P0032,4,115.79,0.0,463.16
7741,O003296,P0044,3,934.03,0.0,2802.09
7742,O003297,P0080,5,114.1,0.0,570.5
7743,O003297,P0084,1,513.6,0.05,487.92
7744,O003298,P0087,5,193.97,0.1,872.86
7745,O003298,P0025,2,287.23,0.0,574.46
7746,O003298,P0020,2,2547.52,0.0,5095.04
7747,O003298,P0012,1,128.39,0.0,128.39
7748,O003299,P0003,2,4842.76,0.0,9685.52
7749,O003299,P0080,5,128.18,0.05,608.86
7750,O003300,P0032,3,128.23,0.0,384.69
7751,O003301,P0012,1,115.54,0.0,115.54
7752,O003301,P0034,3,325.82,0.05,928.59
7753,O003301,P0039,1,699.32,0.05,664.35
7754,O003302,P0005,3,408.37,0.0,1225.11
7755,O003302,P0058,3,102.81,0.1,277.59
7756,O003302,P0032,4,113.68,0.0,454.72
7757,O003302,P0054,5,58.41,0.05,277.45
7758,O003303,P0004,3,394.5,0.0,1183.5
7759,O003303,P0008,1,2281.89,0.0,2281.89
7760,O003303,P0084,3,475.51,0.0,1426.53
7761,O003303,P0005,1,399.97,0.0,399.97
7762,O003304,P0080,4,119.71,0.0,478.84
7763,O003304,P0045,3,1108.57,0.0,3325.71
7764,O003304,P0005,2,376.7,0.0,753.4
7765,O003304,P0053,5,67.57,0.0,337.85
7766,O003305,P0071,4,53.79,0.0,215.16
7767,O003305,P0084,3,516.13,0.1,1393.55
7768,O003306,P0053,2,68.82,0.1,123.88
7769,O003306,P0023,1,2818.95,0.0,2818.95
7770,O003307,P0020,2,2247.08,0.0,4494.16
7771,O003307,P0039,3,708.23,0.0,2124.69
7772,O003308,P0071,2,56.44,0.1,101.59
7773,O003308,P0021,1,2456.46,0.15,2087.99
7774,O003308,P0015,2,1341.18,0.0,2682.36
7775,O003309,P0071,5,52.95,0.0,264.75
7776,O003309,P0041,3,482.86,0.1,1303.72
7777,O003310,P0039,1,761.12,0.2,608.9
7778,O003310,P0086,4,200.73,0.2,642.34
7779,O003310,P0003,2,4788.38,0.0,9576.76
7780,O003310,P0025,2,291.01,0.0,582.02
7781,O003311,P0080,4,124.09,0.0,496.36
7782,O003311,P0054,3,65.13,0.0,195.39
7783,O003312,P0050,3,296.06,0.0,888.18
7784,O003312,P0012,3,114.09,0.1,308.04
7785,O003313,P0087,1,208.51,0.0,208.51
7786,O003313,P0028,2,2478.48,0.0,4956.96
7787,O003315,P0054,2,63.48,0.0,126.96
7788,O003315,P0084,3,475.97,0.0,1427.91
7789,O003315,P0071,4,49.16,0.15,167.14
7790,O003315,P0067,5,265.85,0.0,1329.25
7791,O003316,P0054,1,58.88,0.0,58.88
7792,O003316,P0008,2,2539.96,0.0,5079.92
7793,O003316,P0064,5,94.49,0.05,448.83
7794,O003316,P0032,5,127.74,0.15,542.9
7795,O003317,P0034,3,312.62,0.1,844.07
7796,O003317,P0003,2,4911.26,0.0,9822.52
7797,O003317,P0045,1,946.78,0.1,852.1
7798,O003317,P0021,1,2375.72,0.0,2375.72
7799,O003319,P0044,2,943.64,0.0,1887.28
7800,O003319,P0087,1,191.23,0.0,191.23
7801,O003319,P0009,2,2120.99,0.2,3393.58
7802,O003319,P0054,3,58.93,0.05,167.95
7803,O003320,P0079,4,136.64,0.0,546.56
7804,O003321,P0015,2,1406.51,0.1,2531.72
7805,O003321,P0084,2,460.35,0.05,874.66
7806,O003321,P0003,2,4857.33,0.2,7771.73
7807,O003323,P0057,1,942.7,0.2,754.16
7808,O003323,P0054,3,58.0,0.0,174.0
7809,O003323,P0016,2,3193.3,0.05,6067.27
7810,O003324,P0020,1,2467.06,0.0,2467.06
7811,O003324,P0084,1,456.45,0.05,433.63
7812,O003324,P0077,3,273.87,0.0,821.61
7813,O003324,P0053,1,72.05,0.1,64.84
7814,O003325,P0015,2,1405.39,0.15,2389.16
7815,O003325,P0020,1,2601.72,0.05,2471.63
7816,O003325,P0077,2,303.25,0.0,606.5
7817,O003325,P0008,2,2270.02,0.0,4540.04
7818,O003326,P0062,3,130.0,0.0,390.0
7819,O003327,P0020,1,2518.21,0.0,2518.21
7820,O003327,P0071,3,51.27,0.05,146.12
7821,O003327,P0009,1,1922.0,0.05,1825.9
7822,O003328,P0020,2,2405.03,0.0,4810.06
7823,O003328,P0048,5,100.64,0.0,503.2
7824,O003329,P0013,1,1518.53,0.1,1366.68
7825,O003329,P0054,2,61.73,0.0,123.46
7826,O003329,P0087,2,191.33,0.05,363.53
7827,O003330,P0080,2,127.21,0.05,241.7
7828,O003331,P0020,2,2391.74,0.1,4305.13
7829,O003331,P0084,3,506.83,0.0,1520.49
7830,O003331,P0034,3,324.83,0.1,877.04
7831,O003333,P0034,2,324.4,0.1,583.92
7832,O003333,P0045,1,1056.56,0.0,1056.56
7833,O003334,P0012,2,121.36,0.0,242.72
7834,O003335,P0020,1,2430.93,0.0,2430.93
7835,O003336,P0084,1,527.01,0.0,527.01
7836,O003336,P0044,1,1034.01,0.2,827.21
7837,O003336,P0012,5,113.52,0.0,567.6
7838,O003337,P0005,1,426.09,0.0,426.09
7839,O003337,P0034,1,324.04,0.0,324.04
7840,O003340,P0005,2,412.77,0.0,825.54
7841,O003340,P0061,3,137.35,0.0,412.05
7842,O003340,P0058,3,112.98,0.1,305.05
7843,O003341,P0050,3,281.93,0.1,761.21
7844,O003341,P0026,2,294.92,0.1,530.86
7845,O003342,P0058,1,104.13,0.0,104.13
7846,O003342,P0008,2,2543.95,0.05,4833.5
7847,O003342,P0054,1,59.52,0.15,50.59
7848,O003343,P0053,4,72.01,0.0,288.04
7849,O003343,P0050,2,324.9,0.0,649.8
7850,O003343,P0020,1,2345.79,0.0,2345.79
7851,O003343,P0005,1,405.91,0.1,365.32
7852,O003344,P0012,3,127.18,0.0,381.54
7853,O003344,P0005,3,427.22,0.0,1281.66
7854,O003344,P0058,1,107.81,0.0,107.81
7855,O003345,P0061,2,135.32,0.0,270.64
7856,O003345,P0050,2,308.3,0.0,616.6
7857,O003345,P0047,5,88.45,0.0,442.25
7858,O003345,P0074,1,78.26,0.0,78.26
7859,O003346,P0062,4,137.75,0.0,551.0
7860,O003346,P0046,4,98.72,0.05,375.14
7861,O003346,P0084,3,493.9,0.0,1481.7
7862,O003346,P0008,1,2223.03,0.15,1889.58
7863,O003347,P0080,3,123.58,0.0,370.74
7864,O003347,P0020,2,2256.36,0.1,4061.45
7865,O003347,P0025,3,284.16,0.0,852.48
7866,O003347,P0087,2,184.11,0.15,312.99
7867,O003348,P0044,3,963.96,0.0,2891.88
7868,O003348,P0015,1,1428.2,0.0,1428.2
7869,O003348,P0045,2,1016.37,0.0,2032.74
7870,O003348,P0020,1,2560.15,0.0,2560.15
7871,O003349,P0045,1,1039.99,0.0,1039.99
7872,O003350,P0080,2,116.77,0.05,221.86
7873,O003351,P0053,4,70.3,0.0,281.2
7874,O003351,P0037,2,656.54,0.15,1116.12
7875,O003352,P0079,2,134.17,0.0,268.34
7876,O003353,P0053,4,65.59,0.0,262.36
7877,O003353,P0084,3,462.17,0.0,1386.51
7878,O003353,P0080,1,123.75,0.0,123.75
7879,O003353,P0028,1,2500.91,0.15,2125.77
7880,O003354,P0058,5,104.25,0.0,521.25
7881,O003354,P0008,2,2241.04,0.05,4257.98
7882,O003354,P0084,2,475.76,0.0,951.52
7883,O003355,P0039,3,715.8,0.0,2147.4
7884,O003355,P0025,1,319.04,0.0,319.04
7885,O003355,P0053,1,61.81,0.0,61.81
7886,O003355,P0054,1,65.44,0.05,62.17
7887,O003356,P0087,5,187.79,0.05,892.0
7888,O003357,P0039,1,756.96,0.0,756.96
7889,O003357,P0020,1,2267.52,0.2,1814.02
7890,O003357,P0048,3,109.31,0.05,311.53
7891,O003357,P0084,1,517.85,0.05,491.96
7892,O003358,P0071,1,49.8,0.0,49.8
7893,O003358,P0064,4,92.45,0.1,332.82
7894,O003358,P0016,1,3556.02,0.0,3556.02
7895,O003359,P0033,3,112.0,0.0,336.0
7896,O003359,P0013,2,1439.24,0.2,2302.78
7897,O003359,P0054,1,65.06,0.0,65.06
7898,O003360,P0039,2,693.17,0.0,1386.34
7899,O003361,P0034,3,319.52,0.0,958.56
7900,O003362,P0071,5,51.38,0.0,256.9
7901,O003362,P0030,1,2350.81,0.0,2350.81
7902,O003362,P0062,3,135.31,0.15,345.04
7903,O003362,P0053,2,67.96,0.05,129.12
7904,O003363,P0020,1,2283.83,0.0,2283.83
7905,O003363,P0005,1,389.0,0.1,350.1
7906,O003363,P0008,1,2279.65,0.0,2279.65
7907,O003364,P0020,1,2533.11,0.15,2153.14
7908,O003364,P0008,1,2185.57,0.0,2185.57
7909,O003364,P0045,2,1043.89,0.0,2087.78
7910,O003364,P0080,2,112.82,0.0,225.64
7911,O003365,P0032,4,114.43,0.0,457.72
7912,O003365,P0080,1,130.27,0.1,117.24
7913,O003366,P0005,3,421.3,0.0,1263.9
7914,O003368,P0012,1,126.9,0.0,126.9
7915,O003368,P0055,3,736.5,0.0,2209.5
7916,O003368,P0020,2,2349.15,0.0,4698.3
7917,O003368,P0005,3,400.5,0.0,1201.5
7918,O003369,P0005,2,371.42,0.0,742.84
7919,O003369,P0053,1,63.76,0.0,63.76
7920,O003369,P0013,3,1436.53,0.0,4309.59
7921,O003370,P0054,3,57.44,0.0,172.32
7922,O003370,P0053,2,66.78,0.0,133.56
7923,O003371,P0050,2,323.04,0.1,581.47
7924,O003372,P0016,2,3510.69,0.0,7021.38
7925,O003372,P0039,2,697.76,0.1,1255.97
7926,O003372,P0003,1,4657.07,0.0,4657.07
7927,O003372,P0034,2,306.07,0.0,612.14
7928,O003373,P0053,1,72.19,0.0,72.19
7929,O003373,P0080,4,126.6,0.0,506.4
7930,O003374,P0080,4,124.05,0.15,421.77
7931,O003375,P0055,2,733.84,0.0,1467.68
7932,O003375,P0020,2,2367.84,0.0,4735.68
7933,O003376,P0073,4,76.69,0.0,306.76
7934,O003376,P0054,1,61.46,0.0,61.46
7935,O003376,P0067,5,235.33,0.2,941.32
7936,O003377,P0054,4,57.09,0.0,228.36
7937,O003377,P0013,3,1316.71,0.15,3357.61
7938,O003377,P0077,3,275.85,0.05,786.17
7939,O003377,P0043,2,996.73,0.0,1993.46
7940,O003378,P0080,2,128.09,0.15,217.75
7941,O003379,P0039,2,674.02,0.0,1348.04
7942,O003379,P0086,4,193.54,0.05,735.45
7943,O003380,P0012,5,117.12,0.0,585.6
7944,O003381,P0054,4,62.86,0.1,226.3
7945,O003381,P0020,2,2490.72,0.0,4981.44
7946,O003381,P0039,1,697.02,0.0,697.02
7947,O003382,P0005,3,416.14,0.0,1248.42
7948,O003382,P0055,1,798.61,0.1,718.75
7949,O003382,P0080,1,118.78,0.0,118.78
7950,O003382,P0084,3,464.25,0.1,1253.48
7951,O003383,P0020,1,2366.97,0.0,2366.97
7952,O003384,P0054,5,59.9,0.05,284.52
7953,O003384,P0073,1,66.96,0.0,66.96
7954,O003384,P0025,1,325.09,0.0,325.09
7955,O003385,P0063,2,112.96,0.0,225.92
7956,O003386,P0047,1,86.73,0.0,86.73
7957,O003386,P0084,2,494.44,0.0,988.88
7958,O003386,P0020,2,2582.63,0.0,5165.26
7959,O003386,P0067,4,247.09,0.0,988.36
7960,O003387,P0077,3,272.92,0.0,818.76
7961,O003387,P0032,4,110.64,0.1,398.3
7962,O003387,P0058,3,107.32,0.1,289.76
7963,O003388,P0028,1,2466.91,0.0,2466.91
7964,O003388,P0039,3,652.7,0.0,1958.1
7965,O003388,P0025,1,310.11,0.15,263.59
7966,O003389,P0048,2,94.87,0.0,189.74
7967,O003389,P0084,1,499.57,0.2,399.66
7968,O003390,P0054,2,62.9,0.05,119.51
7969,O003391,P0030,1,2505.23,0.05,2379.97
7970,O003391,P0059,4,99.84,0.1,359.42
7971,O003391,P0011,1,125.83,0.05,119.54
7972,O003391,P0005,2,377.51,0.0,755.02
7973,O003392,P0086,4,202.54,0.0,810.16
7974,O003392,P0032,3,121.43,0.05,346.08
7975,O003392,P0020,2,2375.4,0.0,4750.8
7976,O003392,P0013,3,1506.85,0.0,4520.55
7977,O003393,P0016,1,3265.01,0.0,3265.01
7978,O003393,P0086,2,197.47,0.15,335.7
7979,O003393,P0025,2,280.56,0.1,505.01
7980,O003393,P0080,5,120.4,0.05,571.9
7981,O003395,P0012,1,122.35,0.05,116.23
7982,O003396,P0087,5,181.62,0.0,908.1
7983,O003396,P0078,3,339.31,0.0,1017.93
7984,O003396,P0077,3,279.63,0.0,838.89
7985,O003397,P0020,2,2341.98,0.15,3981.37
7986,O003398,P0008,1,2334.26,0.05,2217.55
7987,O003399,P0032,5,114.17,0.05,542.31
7988,O003399,P0003,2,4961.74,0.0,9923.48
7989,O003399,P0052,1,63.16,0.05,60.0
7990,O003400,P0020,2,2395.22,0.1,4311.4
7991,O003401,P0039,2,712.06,0.05,1352.91
7992,O003402,P0084,3,525.0,0.0,1575.0
7993,O003402,P0005,3,376.88,0.0,1130.64
7994,O003402,P0073,5,70.07,0.0,350.35
7995,O003402,P0056,1,860.27,0.1,774.24
7996,O003404,P0047,1,85.12,0.0,85.12
7997,O003404,P0008,1,2359.22,0.0,2359.22
7998,O003406,P0039,2,672.72,0.05,1278.17
7999,O003406,P0020,2,2322.07,0.0,4644.14
8000,O003408,P0071,5,50.24,0.1,226.08
8001,O003408,P0073,3,69.43,0.0,208.29
8002,O003408,P0047,3,83.19,0.0,249.57
8003,O003409,P0039,2,707.79,0.05,1344.8
8004,O003409,P0020,1,2419.41,0.2,1935.53
8005,O003410,P0045,1,1009.5,0.0,1009.5
8006,O003411,P0003,1,4680.46,0.05,4446.44
8007,O003411,P0058,5,110.1,0.0,550.5
8008,O003412,P0084,1,527.75,0.2,422.2
8009,O003412,P0005,3,425.68,0.0,1277.04
8010,O003413,P0020,2,2327.9,0.0,4655.8
8011,O003413,P0032,1,125.27,0.0,125.27
8012,O003413,P0087,4,203.57,0.0,814.28
8013,O003414,P0080,4,121.0,0.0,484.0
8014,O003415,P0052,5,65.3,0.05,310.18
8015,O003416,P0025,1,321.64,0.0,321.64
8016,O003416,P0073,4,67.99,0.0,271.96
8017,O003416,P0021,2,2679.64,0.0,5359.28
8018,O003416,P0080,1,118.87,0.2,95.1
8019,O003417,P0043,3,971.18,0.0,2913.54
8020,O003417,P0025,1,291.49,0.0,291.49
8021,O003418,P0020,2,2527.15,0.0,5054.3
8022,O003418,P0053,2,68.18,0.0,136.36
8023,O003419,P0053,4,68.96,0.1,248.26
8024,O003419,P0087,5,180.56,0.15,767.38
8025,O003419,P0045,1,994.47,0.05,944.75
8026,O003420,P0030,2,2307.53,0.15,3922.8
8027,O003421,P0025,2,280.74,0.15,477.26
8028,O003421,P0016,1,3514.68,0.05,3338.95
8029,O003422,P0053,4,68.27,0.1,245.77
8030,O003422,P0080,1,115.61,0.1,104.05
8031,O003422,P0020,1,2245.33,0.1,2020.8
8032,O003423,P0053,3,69.81,0.05,198.96
8033,O003423,P0050,2,317.04,0.05,602.38
8034,O003424,P0080,4,119.16,0.0,476.64
8035,O003425,P0071,2,54.62,0.0,109.24
8036,O003425,P0032,5,124.44,0.0,622.2
8037,O003425,P0087,1,185.5,0.0,185.5
8038,O003425,P0054,4,62.88,0.0,251.52
8039,O003426,P0084,1,480.05,0.0,480.05
8040,O003426,P0050,1,282.82,0.0,282.82
8041,O003426,P0054,1,62.5,0.0,62.5
8042,O003427,P0063,5,106.35,0.0,531.75
8043,O003427,P0080,1,130.71,0.0,130.71
8044,O003427,P0005,2,426.32,0.0,852.64
8045,O003428,P0005,3,403.3,0.0,1209.9
8046,O003428,P0029,1,2302.71,0.0,2302.71
8047,O003429,P0034,3,307.79,0.2,738.7
8048,O003429,P0032,1,120.16,0.0,120.16
8049,O003430,P0073,1,76.61,0.05,72.78
8050,O003430,P0054,4,61.59,0.1,221.72
8051,O003430,P0080,5,123.48,0.0,617.4
8052,O003430,P0012,1,122.61,0.0,122.61
8053,O003431,P0080,4,119.84,0.1,431.42
8054,O003431,P0039,2,735.98,0.0,1471.96
8055,O003431,P0025,1,297.74,0.0,297.74
8056,O003431,P0071,1,50.91,0.2,40.73
8057,O003432,P0012,2,115.26,0.0,230.52
8058,O003433,P0015,1,1464.98,0.1,1318.48
8059,O003433,P0055,2,760.15,0.0,1520.3
8060,O003433,P0054,3,60.35,0.0,181.05
8061,O003433,P0012,2,115.97,0.0,231.94
8062,O003434,P0080,4,125.22,0.05,475.84
8063,O003434,P0013,3,1400.91,0.0,4202.73
8064,O003435,P0054,3,57.15,0.05,162.88
8065,O003435,P0044,2,1011.23,0.0,2022.46
8066,O003435,P0080,3,125.52,0.0,376.56
8067,O003436,P0054,5,57.93,0.0,289.65
8068,O003436,P0045,1,1058.96,0.0,1058.96
8069,O003437,P0084,2,512.47,0.15,871.2
8070,O003437,P0080,1,124.86,0.05,118.62
8071,O003438,P0045,1,993.59,0.0,993.59
8072,O003438,P0039,3,678.75,0.0,2036.25
8073,O003439,P0016,2,3406.29,0.15,5790.69
8074,O003440,P0045,1,1000.0,0.2,800.0
8075,O003441,P0032,2,128.33,0.1,230.99
8076,O003441,P0084,3,523.87,0.0,1571.61
8077,O003441,P0080,1,125.69,0.0,125.69
8078,O003442,P0008,2,2178.94,0.0,4357.88
8079,O003443,P0005,3,371.11,0.0,1113.33
8080,O003443,P0034,3,287.68,0.1,776.74
8081,O003443,P0009,1,2088.34,0.15,1775.09
8082,O003443,P0067,3,238.89,0.0,716.67
8083,O003444,P0005,3,405.18,0.0,1215.54
8084,O003444,P0058,1,102.69,0.0,102.69
8085,O003445,P0054,5,65.85,0.15,279.86
8086,O003446,P0071,2,55.67,0.05,105.77
8087,O003447,P0040,3,463.6,0.0,1390.8
8088,O003447,P0009,2,2163.32,0.1,3893.98
8089,O003447,P0016,1,3154.58,0.0,3154.58
8090,O003449,P0020,1,2296.45,0.05,2181.63
8091,O003449,P0016,2,3539.9,0.2,5663.84
8092,O003449,P0045,3,1061.63,0.0,3184.89
8093,O003450,P0063,1,120.07,0.05,114.07
8094,O003450,P0058,2,105.32,0.15,179.04
8095,O003450,P0039,3,664.73,0.15,1695.06
8096,O003450,P0087,2,189.48,0.0,378.96
8097,O003451,P0012,2,128.12,0.0,256.24
8098,O003452,P0087,1,196.0,0.0,196.0
8099,O003452,P0058,1,111.06,0.0,111.06
8100,O003452,P0005,2,429.78,0.0,859.56
8101,O003452,P0080,2,129.48,0.05,246.01
8102,O003453,P0039,2,713.93,0.05,1356.47
8103,O003455,P0013,2,1330.5,0.1,2394.9
8104,O003456,P0054,3,63.41,0.0,190.23
8105,O003456,P0020,1,2504.18,0.0,2504.18
8106,O003456,P0034,2,295.29,0.15,501.99
8107,O003456,P0022,1,3417.4,0.0,3417.4
8108,O003457,P0080,2,122.24,0.0,244.48
8109,O003457,P0020,2,2486.94,0.05,4725.19
8110,O003458,P0071,2,57.51,0.0,115.02
8111,O003458,P0022,2,3392.56,0.0,6785.12
8112,O003458,P0080,3,116.39,0.0,349.17
8113,O003459,P0080,2,115.16,0.0,230.32
8114,O003460,P0011,1,126.26,0.0,126.26
8115,O003460,P0055,2,834.85,0.0,1669.7
8116,O003461,P0045,2,962.92,0.0,1925.84
8117,O003461,P0039,3,729.76,0.0,2189.28
8118,O003461,P0054,5,57.54,0.05,273.32
8119,O003461,P0032,1,114.43,0.0,114.43
8120,O003462,P0020,1,2481.0,0.1,2232.9
8121,O003462,P0023,1,3087.46,0.1,2778.71
8122,O003463,P0053,4,69.84,0.0,279.36
8123,O003463,P0086,5,188.09,0.0,940.45
8124,O003464,P0039,2,726.76,0.0,1453.52
8125,O003464,P0020,2,2276.58,0.0,4553.16
8126,O003464,P0084,2,493.26,0.0,986.52
8127,O003465,P0061,5,137.4,0.2,549.6
8128,O003465,P0005,2,376.09,0.0,752.18
8129,O003465,P0084,3,527.01,0.05,1501.98
8130,O003466,P0020,1,2307.88,0.1,2077.09
8131,O003466,P0025,1,324.93,0.15,276.19
8132,O003469,P0084,1,467.66,0.0,467.66
8133,O003469,P0020,2,2333.99,0.0,4667.98
8134,O003470,P0028,2,2499.71,0.0,4999.42
8135,O003470,P0012,1,123.05,0.0,123.05
8136,O003470,P0016,2,3250.01,0.0,6500.02
8137,O003471,P0084,3,521.17,0.1,1407.16
8138,O003471,P0020,1,2323.5,0.0,2323.5
8139,O003471,P0022,1,3163.26,0.0,3163.26
8140,O003472,P0050,3,316.15,0.0,948.45
8141,O003472,P0084,1,517.3,0.1,465.57
8142,O003473,P0080,4,124.41,0.0,497.64
8143,O003473,P0059,2,100.42,0.15,170.71
8144,O003473,P0084,2,474.33,0.0,948.66
8145,O003475,P0008,1,2264.2,0.0,2264.2
8146,O003476,P0040,2,418.41,0.15,711.3
8147,O003477,P0039,1,691.37,0.1,622.23
8148,O003477,P0005,2,392.89,0.2,628.62
8149,O003477,P0057,3,916.61,0.0,2749.83
8150,O003478,P0058,2,104.34,0.0,208.68
8151,O003478,P0039,3,688.2,0.1,1858.14
8152,O003478,P0054,3,64.42,0.0,193.26
8153,O003479,P0034,1,325.96,0.1,293.36
8154,O003479,P0013,3,1443.93,0.0,4331.79
8155,O003480,P0077,3,300.28,0.0,900.84
8156,O003481,P0016,1,3234.77,0.05,3073.03
8157,O003481,P0050,1,308.43,0.0,308.43
8158,O003481,P0055,2,783.62,0.0,1567.24
8159,O003481,P0084,3,471.85,0.15,1203.22
8160,O003482,P0058,4,108.29,0.0,433.16
8161,O003483,P0084,3,466.11,0.1,1258.5
8162,O003483,P0012,1,121.36,0.0,121.36
8163,O003483,P0005,2,426.66,0.1,767.99
8164,O003484,P0020,2,2360.54,0.0,4721.08
8165,O003484,P0055,3,777.07,0.15,1981.53
8166,O003485,P0055,1,822.45,0.05,781.33
8167,O003486,P0039,3,739.05,0.0,2217.15
8168,O003487,P0034,3,322.38,0.0,967.14
8169,O003487,P0073,5,74.99,0.05,356.2
8170,O003488,P0020,2,2616.52,0.05,4971.39
8171,O003488,P0008,2,2426.16,0.0,4852.32
8172,O003489,P0041,1,445.11,0.1,400.6
8173,O003489,P0058,4,114.45,0.05,434.91
8174,O003489,P0054,1,63.66,0.15,54.11
8175,O003489,P0005,2,382.72,0.1,688.9
8176,O003490,P0020,1,2322.65,0.0,2322.65
8177,O003490,P0084,3,486.15,0.15,1239.68
8178,O003490,P0008,2,2205.87,0.15,3749.98
8179,O003490,P0009,1,1941.38,0.0,1941.38
8180,O003492,P0077,1,296.61,0.0,296.61
8181,O003493,P0045,3,1013.52,0.0,3040.56
8182,O003493,P0009,2,2253.73,0.05,4282.09
8183,O003493,P0080,5,129.94,0.15,552.24
8184,O003494,P0016,2,3180.46,0.05,6042.87
8185,O003494,P0084,2,509.48,0.0,1018.96
8186,O003494,P0078,3,351.1,0.0,1053.3
8187,O003495,P0025,3,311.8,0.15,795.09
8188,O003495,P0056,2,953.81,0.05,1812.24
8189,O003495,P0003,1,4481.5,0.15,3809.28
8190,O003495,P0057,3,898.43,0.15,2291.0
8191,O003496,P0071,4,56.76,0.15,192.98
8192,O003496,P0054,2,61.19,0.0,122.38
8193,O003497,P0020,2,2623.88,0.1,4722.98
8194,O003498,P0034,1,297.53,0.0,297.53
8195,O003499,P0080,5,124.34,0.15,528.45
8196,O003500,P0054,3,65.42,0.2,157.01
8197,O003500,P0084,1,490.4,0.15,416.84
8198,O003501,P0084,3,522.06,0.0,1566.18
8199,O003501,P0057,3,965.23,0.2,2316.55
8200,O003502,P0080,3,131.75,0.05,375.49
8201,O003502,P0005,3,377.95,0.1,1020.46
8202,O003502,P0087,2,187.75,0.0,375.5
8203,O003503,P0020,2,2309.14,0.0,4618.28
8204,O003503,P0016,1,3510.43,0.0,3510.43
8205,O003503,P0003,2,4470.23,0.05,8493.44
8206,O003504,P0084,3,496.89,0.05,1416.14
8207,O003504,P0080,1,117.99,0.0,117.99
8208,O003505,P0080,3,119.31,0.0,357.93
8209,O003505,P0008,2,2477.52,0.0,4955.04
8210,O003505,P0032,2,125.56,0.05,238.56
8211,O003506,P0050,2,307.49,0.05,584.23
8212,O003507,P0080,5,128.68,0.2,514.72
8213,O003507,P0071,4,54.72,0.05,207.94
8214,O003507,P0034,1,319.05,0.05,303.1
8215,O003508,P0054,2,56.08,0.0,112.16
8216,O003508,P0032,3,124.06,0.05,353.57
8217,O003508,P0084,2,523.66,0.05,994.95
8218,O003508,P0079,4,143.99,0.15,489.57
8219,O003509,P0044,1,993.84,0.1,894.46
8220,O003509,P0047,2,91.76,0.15,155.99
8221,O003509,P0077,3,277.98,0.15,708.85
8222,O003510,P0058,3,108.52,0.0,325.56
8223,O003510,P0016,2,3174.63,0.0,6349.26
8224,O003510,P0031,5,134.07,0.1,603.31
8225,O003510,P0012,5,127.13,0.1,572.08
8226,O003511,P0054,5,57.43,0.0,287.15
8227,O003512,P0055,1,754.62,0.0,754.62
8228,O003512,P0084,3,492.19,0.15,1255.08
8229,O003512,P0045,3,1068.26,0.0,3204.78
8230,O003513,P0020,2,2313.66,0.0,4627.32
8231,O003514,P0074,2,78.91,0.0,157.82
8232,O003514,P0008,1,2483.93,0.0,2483.93
8233,O003514,P0054,4,56.68,0.0,226.72
8234,O003514,P0032,2,122.29,0.0,244.58
8235,O003515,P0071,3,52.13,0.0,156.39
8236,O003515,P0082,1,459.93,0.0,459.93
8237,O003516,P0005,1,373.88,0.1,336.49
8238,O003517,P0084,2,523.36,0.05,994.38
8239,O003518,P0013,3,1513.46,0.0,4540.38
8240,O003518,P0077,3,272.58,0.05,776.85
8241,O003518,P0055,3,739.38,0.2,1774.51
8242,O003519,P0039,3,721.84,0.1,1948.97
8243,O003519,P0084,1,477.99,0.0,477.99
8244,O003519,P0020,2,2350.01,0.0,4700.02
8245,O003520,P0061,2,122.85,0.0,245.7
8246,O003520,P0039,1,718.67,0.0,718.67
8247,O003521,P0064,3,105.06,0.0,315.18
8248,O003521,P0012,5,116.73,0.05,554.47
8249,O003522,P0044,3,987.24,0.0,2961.72
8250,O003522,P0032,5,124.48,0.15,529.04
8251,O003522,P0054,3,63.09,0.1,170.34
8252,O003522,P0087,4,180.77,0.0,723.08
8253,O003523,P0016,1,3379.17,0.0,3379.17
8254,O003523,P0039,3,697.08,0.2,1672.99
8255,O003524,P0058,3,116.55,0.05,332.17
8256,O003525,P0045,2,1055.04,0.0,2110.08
8257,O003525,P0054,4,64.44,0.0,257.76
8258,O003525,P0050,3,319.41,0.0,958.23
8259,O003526,P0020,1,2589.58,0.0,2589.58
8260,O003526,P0034,3,309.32,0.0,927.96
8261,O003526,P0032,2,128.65,0.0,257.3
8262,O003527,P0005,3,394.34,0.0,1183.02
8263,O003528,P0012,5,114.7,0.0,573.5
8264,O003528,P0039,3,761.87,0.0,2285.61
8265,O003528,P0020,2,2628.13,0.0,5256.26
8266,O003528,P0002,1,4029.12,0.0,4029.12
8267,O003529,P0022,2,3258.43,0.0,6516.86
8268,O003530,P0005,3,372.97,0.15,951.07
8269,O003530,P0012,1,124.06,0.0,124.06
8270,O003530,P0020,1,2581.36,0.0,2581.36
8271,O003530,P0008,1,2335.59,0.0,2335.59
8272,O003531,P0022,2,3315.55,0.0,6631.1
8273,O003532,P0012,2,127.45,0.0,254.9
8274,O003532,P0067,2,232.36,0.0,464.72
8275,O003532,P0063,4,122.99,0.0,491.96
8276,O003533,P0008,2,2498.5,0.15,4247.45
8277,O003533,P0020,2,2265.12,0.0,4530.24
8278,O003533,P0084,1,496.77,0.05,471.93
8279,O003533,P0050,1,294.87,0.0,294.87
8280,O003534,P0025,3,313.89,0.2,753.34
8281,O003534,P0084,1,479.32,0.0,479.32
8282,O003534,P0003,1,4879.72,0.0,4879.72
8283,O003535,P0077,2,274.82,0.0,549.64
8284,O003535,P0080,2,123.45,0.0,246.9
8285,O003535,P0029,1,2308.03,0.1,2077.23
8286,O003536,P0055,2,772.23,0.1,1390.01
8287,O003536,P0032,2,115.9,0.0,231.8
8288,O003536,P0020,2,2387.58,0.0,4775.16
8289,O003537,P0032,5,115.13,0.0,575.65
8290,O003537,P0045,3,994.81,0.15,2536.77
8291,O003537,P0039,1,657.44,0.15,558.82
8292,O003539,P0020,1,2394.04,0.0,2394.04
8293,O003541,P0080,5,124.02,0.0,620.1
8294,O003541,P0045,1,1094.41,0.0,1094.41
8295,O003541,P0050,2,296.04,0.0,592.08
8296,O003542,P0004,3,402.36,0.0,1207.08
8297,O003542,P0003,2,4842.67,0.1,8716.81
8298,O003542,P0055,1,818.06,0.1,736.25
8299,O003542,P0002,1,4023.86,0.05,3822.67
8300,O003543,P0052,2,65.26,0.15,110.94
8301,O003543,P0050,3,291.04,0.05,829.46
8302,O003543,P0012,3,126.11,0.15,321.58
8303,O003543,P0084,1,472.05,0.0,472.05
8304,O003544,P0039,3,652.19,0.15,1663.08
8305,O003544,P0084,1,503.36,0.0,503.36
8306,O003544,P0008,2,2286.07,0.1,4114.93
8307,O003544,P0045,2,1058.41,0.0,2116.82
8308,O003545,P0077,1,315.68,0.0,315.68
8309,O003545,P0084,2,459.66,0.15,781.42
8310,O003546,P0039,1,661.39,0.0,661.39
8311,O003546,P0084,2,527.08,0.15,896.04
8312,O003548,P0029,2,2191.12,0.0,4382.24
8313,O003548,P0015,3,1344.96,0.2,3227.9
8314,O003548,P0012,4,122.22,0.0,488.88
8315,O003549,P0071,3,53.48,0.15,136.37
8316,O003549,P0084,2,455.81,0.0,911.62
8317,O003549,P0080,3,131.52,0.15,335.38
8318,O003550,P0071,5,56.28,0.0,281.4
8319,O003550,P0057,2,963.63,0.0,1927.26
8320,O003551,P0050,2,317.34,0.0,634.68
8321,O003551,P0034,3,314.42,0.0,943.26
8322,O003551,P0049,1,292.53,0.0,292.53
8323,O003552,P0039,3,731.18,0.0,2193.54
8324,O003553,P0034,2,316.98,0.05,602.26
8325,O003553,P0039,1,697.0,0.0,697.0
8326,O003554,P0058,4,113.78,0.15,386.85
8327,O003554,P0055,2,809.47,0.1,1457.05
8328,O003554,P0084,3,525.01,0.0,1575.03
8329,O003555,P0086,3,215.66,0.15,549.93
8330,O003556,P0054,3,56.97,0.0,170.91
8331,O003556,P0039,2,712.81,0.15,1211.78
8332,O003556,P0020,1,2397.74,0.05,2277.85
8333,O003557,P0003,1,4472.71,0.0,4472.71
8334,O003557,P0039,2,718.0,0.1,1292.4
8335,O003557,P0032,1,125.92,0.0,125.92
8336,O003558,P0020,1,2480.01,0.0,2480.01
8337,O003558,P0015,3,1400.5,0.05,3991.42
8338,O003559,P0087,2,203.79,0.0,407.58
8339,O003559,P0077,2,302.2,0.0,604.4
8340,O003560,P0054,3,65.17,0.2,156.41
8341,O003560,P0077,3,279.01,0.1,753.33
8342,O003561,P0053,1,70.74,0.15,60.13
8343,O003561,P0032,3,127.04,0.0,381.12
8344,O003561,P0022,1,3279.86,0.0,3279.86
8345,O003561,P0061,5,121.75,0.0,608.75
8346,O003562,P0077,1,317.15,0.0,317.15
8347,O003562,P0012,2,117.46,0.0,234.92
8348,O003562,P0080,1,115.83,0.1,104.25
8349,O003562,P0021,2,2565.46,0.1,4617.83
8350,O003563,P0054,2,57.05,0.1,102.69
8351,O003564,P0054,1,65.73,0.05,62.44
8352,O003564,P0003,2,4869.01,0.1,8764.22
8353,O003564,P0077,2,281.97,0.0,563.94
8354,O003564,P0005,3,395.69,0.05,1127.72
8355,O003565,P0039,2,757.78,0.15,1288.23
8356,O003566,P0039,1,718.58,0.1,646.72
8357,O003566,P0003,1,4475.37,0.15,3804.06
8358,O003567,P0080,3,123.64,0.15,315.28
8359,O003567,P0065,3,103.77,0.0,311.31
8360,O003567,P0008,2,2323.52,0.0,4647.04
8361,O003568,P0084,1,522.09,0.05,495.99
8362,O003568,P0008,1,2398.98,0.05,2279.03
8363,O003568,P0015,2,1397.15,0.05,2654.58
8364,O003568,P0039,1,748.96,0.0,748.96
8365,O003569,P0020,1,2534.35,0.1,2280.92
8366,O003569,P0080,2,115.74,0.0,231.48
8367,O003569,P0034,3,309.71,0.0,929.13
8368,O003569,P0084,1,468.71,0.15,398.4
8369,O003570,P0039,1,741.95,0.0,741.95
8370,O003570,P0054,5,59.42,0.0,297.1
8371,O003570,P0084,1,519.98,0.0,519.98
8372,O003571,P0055,3,836.74,0.05,2384.71
8373,O003571,P0020,2,2596.95,0.1,4674.51
8374,O003572,P0087,1,208.86,0.0,208.86
8375,O003572,P0022,2,3454.74,0.2,5527.58
8376,O003572,P0020,2,2578.34,0.15,4383.18
8377,O003573,P0084,2,467.8,0.0,935.6
8378,O003573,P0020,1,2235.47,0.0,2235.47
8379,O003573,P0057,2,839.63,0.0,1679.26
8380,O003573,P0005,1,393.22,0.1,353.9
8381,O003574,P0034,3,290.7,0.15,741.28
8382,O003574,P0037,1,714.43,0.15,607.27
8383,O003574,P0025,3,293.61,0.2,704.66
8384,O003575,P0008,2,2487.97,0.0,4975.94
8385,O003575,P0084,3,456.23,0.1,1231.82
8386,O003575,P0039,3,681.47,0.1,1839.97
8387,O003576,P0048,3,94.77,0.05,270.09
8388,O003576,P0071,1,57.67,0.1,51.9
8389,O003576,P0040,2,461.01,0.0,922.02
8390,O003577,P0050,2,306.72,0.15,521.42
8391,O003577,P0030,2,2310.1,0.0,4620.2
8392,O003578,P0071,1,53.61,0.0,53.61
8393,O003578,P0087,3,181.41,0.1,489.81
8394,O003578,P0039,3,715.31,0.05,2038.63
8395,O003579,P0039,2,760.22,0.0,1520.44
8396,O003579,P0045,1,971.74,0.05,923.15
8397,O003579,P0058,3,115.79,0.0,347.37
8398,O003580,P0039,1,705.45,0.0,705.45
8399,O003581,P0054,3,60.45,0.05,172.28
8400,O003581,P0020,1,2269.25,0.15,1928.86
8401,O003582,P0012,1,114.79,0.0,114.79
8402,O003582,P0043,3,941.41,0.0,2824.23
8403,O003582,P0080,1,130.85,0.0,130.85
8404,O003582,P0084,2,517.26,0.0,1034.52
8405,O003583,P0020,2,2385.54,0.1,4293.97
8406,O003583,P0039,1,759.23,0.0,759.23
8407,O003584,P0089,2,720.68,0.1,1297.22
8408,O003584,P0008,1,2363.03,0.1,2126.73
8409,O003584,P0045,1,1027.59,0.15,873.45
8410,O003585,P0077,2,276.68,0.15,470.36
8411,O003585,P0084,0,490.38,0.0,1471.14
8412,O003585,P0047,1,93.91,0.0,93.91
8413,O003586,P0039,1,718.35,0.0,718.35
8414,O003586,P0080,4,116.53,0.0,466.12
8415,O003586,P0005,1,386.44,0.0,386.44
8416,O003586,P0058,2,109.18,0.0,218.36
8417,O003588,P0005,2,378.76,0.15,643.89
8418,O003588,P0084,2,511.03,0.05,970.96
8419,O003589,P0047,2,95.26,0.1,171.47
8420,O003589,P0080,1,131.09,0.2,104.87
8421,O003590,P0087,1,195.73,0.0,195.73
8422,O003591,P0018,1,3794.77,0.05,3605.03
8423,O003591,P0016,1,3552.57,0.0,3552.57
8424,O003591,P0005,1,388.87,0.0,388.87
8425,O003591,P0032,2,118.36,0.0,236.72
8426,O003592,P0054,5,61.24,0.05,290.89
8427,O003593,P0087,3,193.19,0.1,521.61
8428,O003593,P0064,0,100.86,0.1,181.55
8429,O003593,P0020,1,2545.72,0.0,2545.72
8430,O003593,P0086,4,215.93,0.0,863.72
8431,O003594,P0039,2,670.83,0.1,1207.49
8432,O003594,P0012,5,117.35,0.0,586.75
8433,O003594,P0005,3,426.04,0.2,1022.5
8434,O003594,P0077,2,286.41,0.0,572.82
8435,O003595,P0022,1,3142.5,0.2,2514.0
8436,O003595,P0047,5,93.37,0.1,420.16
8437,O003595,P0039,3,678.07,0.0,2034.21
8438,O003595,P0080,5,131.94,0.0,659.7
8439,O003596,P0074,1,78.19,0.0,78.19
8440,O003597,P0032,4,127.9,0.0,511.6
8441,O003600,P0039,2,751.34,0.0,1502.68
8442,O003600,P0067,3,255.1,0.2,612.24
8443,O003600,P0020,2,2609.09,0.0,5218.18
8444,O003600,P0008,2,2242.66,0.1,4036.79
8445,O003601,P0054,1,61.36,0.05,58.29
8446,O003602,P0025,3,306.4,0.1,827.28
8447,O003602,P0054,1,62.97,0.0,62.97
8448,O003603,P0084,1,471.41,0.05,447.84
8449,O003603,P0020,1,2553.02,0.05,2425.37
8450,O003603,P0008,2,2373.22,0.0,4746.44
8451,O003604,P0020,1,2334.13,0.0,2334.13
8452,O003605,P0039,3,680.01,0.05,1938.03
8453,O003606,P0012,4,124.03,0.0,496.12
8454,O003606,P0045,3,1019.86,0.0,3059.58
8455,O003606,P0074,2,75.26,0.1,135.47
8456,O003606,P0020,2,2242.13,0.0,4484.26
8457,O003607,P0084,3,495.6,0.0,1486.8
8458,O003607,P0073,5,76.37,0.0,381.85
8459,O003607,P0032,5,123.79,0.05,588.0
8460,O003608,P0020,2,2379.65,0.0,4759.3
8461,O003608,P0005,2,374.88,0.0,749.76
8462,O003608,P0045,2,1059.44,0.05,2012.94
8463,O003609,P0032,3,109.97,0.0,329.91
8464,O003609,P0080,5,125.81,0.0,629.05
8465,O003609,P0079,1,129.92,0.0,129.92
8466,O003610,P0071,4,51.56,0.0,206.24
8467,O003610,P0039,2,727.79,0.0,1455.58
8468,O003611,P0026,3,305.52,0.1,824.9
8469,O003611,P0080,4,129.47,0.0,517.88
8470,O003612,P0015,1,1452.1,0.1,1306.89
8471,O003612,P0058,2,100.04,0.15,170.07
8472,O003612,P0022,1,3080.19,0.05,2926.18
8473,O003612,P0025,3,304.64,0.15,776.83
8474,O003613,P0039,3,742.3,0.05,2115.55
8475,O003613,P0013,3,1478.82,0.2,3549.17
8476,O003613,P0074,5,72.79,0.05,345.75
8477,O003613,P0087,3,182.08,0.0,546.24
8478,O003614,P0032,2,117.37,0.0,234.74
8479,O003614,P0020,1,2621.65,0.0,2621.65
8480,O003614,P0008,2,2367.24,0.0,4734.48
8481,O003615,P0063,2,109.31,0.2,174.9
8482,O003615,P0084,3,510.84,0.0,1532.52
8483,O003615,P0023,1,3172.1,0.0,3172.1
8484,O003615,P0032,1,122.07,0.0,122.07
8485,O003616,P0020,1,2385.1,0.0,2385.1
8486,O003617,P0077,1,288.35,0.0,288.35
8487,O003617,P0008,2,2540.45,0.05,4826.85
8488,O003617,P0045,2,1049.55,0.2,1679.28
8489,O003618,P0067,2,250.16,0.1,450.29
8490,O003618,P0016,2,3310.83,0.15,5628.41
8491,O003618,P0008,2,2314.54,0.0,4629.08
8492,O003619,P0084,1,456.8,0.05,433.96
8493,O003620,P0032,2,125.33,0.2,200.53
8494,O003620,P0020,1,2304.19,0.1,2073.77
8495,O003620,P0039,1,738.2,0.05,701.29
8496,O003621,P0020,1,2453.41,0.05,2330.74
8497,O003621,P0084,2,509.34,0.15,865.88
8498,O003621,P0033,4,115.99,0.0,463.96
8499,O003621,P0055,2,735.33,0.15,1250.06
8500,O003622,P0039,3,692.25,0.0,2076.75
8501,O003622,P0080,5,128.12,0.0,640.6
8502,O003623,P0034,3,327.17,0.15,834.28
8503,O003623,P0003,1,4473.46,0.0,4473.46
8504,O003623,P0074,4,71.07,0.05,270.07
8505,O003624,P0039,3,677.05,0.2,1624.92
8506,O003624,P0054,1,65.65,0.0,65.65
8507,O003625,P0052,5,61.93,0.0,309.65
8508,O003625,P0080,1,116.72,0.0,116.72
8509,O003626,P0020,1,2343.52,0.1,2109.17
8510,O003626,P0084,1,476.47,0.0,476.47
8511,O003626,P0087,4,201.98,0.0,807.92
8512,O003627,P0030,1,2270.18,0.0,2270.18
8513,O003627,P0055,1,744.67,0.05,707.44
8514,O003628,P0059,4,104.3,0.0,417.2
8515,O003629,P0040,1,432.98,0.15,368.03
8516,O003629,P0022,2,2990.33,0.05,5681.63
8517,O003629,P0086,1,184.48,0.0,184.48
8518,O003629,P0008,1,2354.73,0.05,2236.99
8519,O003630,P0059,4,105.03,0.0,420.12
8520,O003630,P0065,1,91.32,0.15,77.62
8521,O003630,P0049,3,313.68,0.05,893.99
8522,O003630,P0058,4,100.34,0.0,401.36
8523,O003632,P0034,1,284.9,0.05,270.65
8524,O003632,P0054,3,59.28,0.1,160.06
8525,O003632,P0025,2,322.7,0.05,613.13
8526,O003632,P0058,4,103.26,0.0,413.04
8527,O003633,P0020,2,2453.78,0.05,4662.18
8528,O003634,P0015,1,1401.9,0.0,1401.9
8529,O003634,P0054,3,56.58,0.05,161.25
8530,O003635,P0016,2,3314.85,0.0,6629.7
8531,O003635,P0045,1,1077.69,0.05,1023.81
8532,O003635,P0054,4,59.7,0.0,238.8
8533,O003636,P0045,3,992.68,0.2,2382.43
8534,O003636,P0087,3,208.95,0.0,626.85
8535,O003637,P0002,2,3961.39,0.0,7922.78
8536,O003637,P0086,4,213.3,0.0,853.2
8537,O003637,P0084,1,488.18,0.1,439.36
8538,O003638,P0073,3,71.31,0.0,213.93
8539,O003638,P0077,2,289.46,0.0,578.92
8540,O003638,P0020,2,2585.0,0.1,4653.0
8541,O003639,P0012,5,121.75,0.0,608.75
8542,O003639,P0039,2,734.72,0.1,1322.5
8543,O003639,P0077,2,277.6,0.0,555.2
8544,O003639,P0071,1,55.74,0.0,55.74
8545,O003640,P0054,1,56.88,0.0,56.88
8546,O003640,P0012,2,124.83,0.0,249.66
8547,O003640,P0034,1,292.02,0.0,292.02
8548,O003641,P0039,1,660.08,0.0,660.08
8549,O003641,P0071,4,52.02,0.0,208.08
8550,O003641,P0011,2,135.63,0.0,271.26
8551,O003641,P0003,2,4519.83,0.05,8587.68
8552,O003642,P0038,3,630.91,0.0,1892.73
8553,O003642,P0050,1,304.31,0.0,304.31
8554,O003643,P0011,2,137.53,0.1,247.55
8555,O003644,P0034,2,309.73,0.0,619.46
8556,O003644,P0061,2,121.82,0.05,231.46
8557,O003644,P0054,5,56.63,0.0,283.15
8558,O003644,P0032,4,123.96,0.0,495.84
8559,O003645,P0054,1,65.48,0.1,58.93
8560,O003645,P0084,2,516.97,0.1,930.55
8561,O003645,P0077,1,304.01,0.1,273.61
8562,O003646,P0045,1,965.75,0.0,965.75
8563,O003646,P0073,3,69.57,0.15,177.4
8564,O003646,P0023,2,3172.2,0.0,6344.4
8565,O003646,P0016,1,3319.84,0.0,3319.84
8566,O003647,P0080,3,120.35,0.0,361.05
8567,O003647,P0054,4,64.08,0.1,230.69
8568,O003647,P0039,3,744.01,0.0,2232.03
8569,O003647,P0067,1,246.16,0.0,246.16
8570,O003648,P0074,2,75.2,0.0,150.4
8571,O003648,P0054,2,65.33,0.0,130.66
8572,O003648,P0034,2,316.37,0.05,601.1
8573,O003649,P0054,4,65.26,0.0,261.04
8574,O003649,P0021,2,2594.89,0.0,5189.78
8575,O003650,P0020,2,2542.74,0.1,4576.93
8576,O003650,P0059,5,96.67,0.2,386.68
8577,O003650,P0008,1,2313.84,0.0,2313.84
8578,O003651,P0084,2,473.23,0.05,899.14
8579,O003652,P0020,2,2600.32,0.05,4940.61
8580,O003652,P0043,1,926.94,0.0,926.94
8581,O003652,P0013,3,1373.53,0.1,3708.53
8582,O003653,P0008,2,2492.22,0.0,4984.44
8583,O003653,P0020,2,2367.3,0.15,4024.41
8584,O003653,P0054,1,59.24,0.0,59.24
8585,O003653,P0039,2,673.45,0.2,1077.52
8586,O003654,P0030,2,2366.77,0.0,4733.54
8587,O003654,P0034,1,327.24,0.0,327.24
8588,O003654,P0071,3,55.29,0.0,165.87
8589,O003654,P0054,1,62.93,0.0,62.93
8590,O003655,P0084,3,450.62,0.0,1351.86
8591,O003655,P0087,3,205.89,0.05,586.79
8592,O003655,P0056,2,951.41,0.0,1902.82
8593,O003655,P0058,5,112.37,0.05,533.76
8594,O003656,P0032,5,111.59,0.0,557.95
8595,O003657,P0077,2,296.03,0.2,473.65
8596,O003658,P0087,5,180.81,0.15,768.44
8597,O003658,P0009,1,1942.54,0.0,1942.54
8598,O003659,P0012,1,128.78,0.0,128.78
8599,O003659,P0077,3,304.65,0.0,913.95
8600,O003660,P0012,2,130.2,0.0,260.4
8601,O003661,P0003,2,4430.74,0.0,8861.48
8602,O003661,P0040,2,408.11,0.1,734.6
8603,O003661,P0084,1,463.18,0.0,463.18
8604,O003662,P0003,2,4300.72,0.0,8601.44
8605,O003662,P0080,2,114.8,0.0,229.6
8606,O003663,P0077,1,270.5,0.2,216.4
8607,O003664,P0057,1,965.75,0.0,965.75
8608,O003664,P0037,1,710.49,0.1,639.44
8609,O003664,P0045,2,988.08,0.0,1976.16
8610,O003664,P0039,2,759.07,0.05,1442.23
8611,O003665,P0071,1,50.66,0.05,48.13
8612,O003665,P0004,1,345.65,0.05,328.37
8613,O003666,P0087,1,209.12,0.0,209.12
8614,O003667,P0077,3,288.31,0.0,864.93
8615,O003668,P0054,3,60.65,0.0,181.95
8616,O003668,P0084,2,451.53,0.15,767.6
8617,O003668,P0022,1,3483.35,0.15,2960.85
8618,O003669,P0084,2,500.43,0.1,900.77
8619,O003669,P0016,1,3650.81,0.0,3650.81
8620,O003669,P0045,1,1071.03,0.1,963.93
8621,O003670,P0020,2,2549.65,0.2,4079.44
8622,O003670,P0012,3,130.24,0.0,390.72
8623,O003670,P0033,5,121.19,0.0,605.95
8624,O003672,P0012,5,128.69,0.1,579.1
8625,O003672,P0041,3,429.21,0.0,1287.63
8626,O003673,P0009,1,2011.12,0.05,1910.56
8627,O003673,P0080,4,116.86,0.0,467.44
8628,O003674,P0030,1,2169.65,0.0,2169.65
8629,O003674,P0044,1,990.83,0.15,842.21
8630,O003674,P0032,3,119.52,0.0,358.56
8631,O003675,P0045,1,970.95,0.0,970.95
8632,O003676,P0020,2,2532.04,0.0,5064.08
8633,O003677,P0030,2,2414.75,0.0,4829.5
8634,O003677,P0039,2,678.87,0.0,1357.74
8635,O003678,P0020,2,2587.06,0.05,4915.41
8636,O003678,P0005,2,434.78,0.0,869.56
8637,O003678,P0080,4,116.57,0.05,442.97
8638,O003679,P0053,5,71.72,0.1,322.74
8639,O003679,P0084,2,506.02,0.05,961.44
8640,O003681,P0043,1,999.53,0.0,999.53
8641,O003681,P0012,1,114.96,0.05,109.21
8642,O003681,P0008,1,2356.68,0.15,2003.18
8643,O003682,P0039,3,717.95,0.0,2153.85
8644,O003682,P0044,3,942.66,0.0,2827.98
8645,O003682,P0080,1,119.33,0.15,101.43
8646,O003683,P0045,1,1063.37,0.0,1063.37
8647,O003683,P0020,2,2265.94,0.0,4531.88
8648,O003683,P0008,2,2367.48,0.0,4734.96
8649,O003683,P0039,1,654.48,0.15,556.31
8650,O003684,P0084,3,473.69,0.0,1421.07
8651,O003684,P0020,1,2384.82,0.0,2384.82
8652,O003684,P0045,3,948.11,0.0,2844.33
8653,O003684,P0039,3,721.18,0.1,1947.19
8654,O003685,P0030,2,2177.37,0.1,3919.27
8655,O003685,P0055,1,738.17,0.05,701.26
8656,O003686,P0087,5,185.16,0.0,925.8
8657,O003686,P0020,1,2291.74,0.05,2177.15
8658,O003686,P0080,4,128.16,0.15,435.74
8659,O003687,P0011,1,136.63,0.05,129.8
8660,O003687,P0050,1,312.92,0.0,312.92
8661,O003688,P0020,2,2617.42,0.1,4711.36
8662,O003689,P0020,1,2531.48,0.0,2531.48
8663,O003690,P0003,1,4618.76,0.0,4618.76
8664,O003691,P0084,2,477.13,0.0,954.26
8665,O003691,P0067,5,232.46,0.05,1104.18
8666,O003691,P0020,2,2408.65,0.0,4817.3
8667,O003692,P0045,3,1081.64,0.05,3082.67
8668,O003692,P0008,2,2534.38,0.2,4055.01
8669,O003692,P0039,2,663.92,0.0,1327.84
8670,O003693,P0073,1,66.2,0.0,66.2
8671,O003693,P0053,1,68.0,0.0,68.0
8672,O003693,P0045,1,1008.47,0.0,1008.47
8673,O003694,P0032,5,118.51,0.1,533.3
8674,O003695,P0008,2,2466.19,0.15,4192.52
8675,O003695,P0020,1,2426.2,0.15,2062.27
8676,O003696,P0080,3,127.55,0.0,382.65
8677,O003696,P0032,2,124.95,0.05,237.4
8678,O003696,P0022,2,3090.24,0.0,6180.48
8679,O003697,P0063,1,107.3,0.0,107.3
8680,O003697,P0050,2,286.12,0.0,572.24
8681,O003697,P0032,4,118.18,0.05,449.08
8682,O003698,P0084,3,505.55,0.05,1440.82
8683,O003698,P0039,2,718.42,0.1,1293.16
8684,O003699,P0080,1,128.41,0.0,128.41
8685,O003699,P0020,1,2487.81,0.1,2239.03
8686,O003699,P0008,1,2441.14,0.0,2441.14
8687,O003700,P0048,3,97.35,0.0,292.05
8688,O003701,P0084,1,500.64,0.1,450.58
8689,O003702,P0021,2,2457.28,0.0,4914.56
8690,O003702,P0080,4,128.57,0.0,514.28
8691,O003703,P0020,2,2623.18,0.2,4197.09
8692,O003703,P0073,3,71.69,0.0,215.07
8693,O003703,P0039,2,718.99,0.1,1294.18
8694,O003703,P0063,5,106.4,0.0,532.0
8695,O003704,P0044,3,972.77,0.0,2918.31
8696,O003706,P0087,5,197.84,0.0,989.2
8697,O003707,P0005,1,389.65,0.15,331.2
8698,O003707,P0030,1,2515.04,0.0,2515.04
8699,O003707,P0012,2,120.27,0.2,192.43
8700,O003708,P0020,2,2524.18,0.0,5048.36
8701,O003708,P0030,2,2248.42,0.0,4496.84
8702,O003709,P0071,1,51.16,0.2,40.93
8703,O003709,P0054,2,60.23,0.0,120.46
8704,O003709,P0055,3,746.18,0.0,2238.54
8705,O003710,P0008,2,2266.06,0.1,4078.91
8706,O003710,P0080,4,123.18,0.0,492.72
8707,O003711,P0054,5,57.95,0.1,260.78
8708,O003711,P0043,3,1005.97,0.2,2414.33
8709,O003711,P0053,4,70.95,0.0,283.8
8710,O003712,P0055,3,837.21,0.05,2386.05
8711,O003712,P0039,2,738.4,0.1,1329.12
8712,O003713,P0015,1,1379.73,0.0,1379.73
8713,O003713,P0054,1,58.36,0.0,58.36
8714,O003714,P0054,1,62.99,0.05,59.84
8715,O003715,P0062,5,138.21,0.0,691.05
8716,O003715,P0007,2,2216.09,0.0,4432.18
8717,O003715,P0054,4,62.64,0.0,250.56
8718,O003716,P0077,1,286.18,0.0,286.18
8719,O003717,P0009,1,2085.11,0.1,1876.6
8720,O003717,P0030,1,2265.2,0.0,2265.2
8721,O003717,P0039,3,686.85,0.0,2060.55
8722,O003718,P0009,2,2245.27,0.0,4490.54
8723,O003718,P0054,2,63.9,0.0,127.8
8724,O003718,P0058,2,102.2,0.0,204.4
8725,O003718,P0020,1,2421.82,0.0,2421.82
8726,O003719,P0050,1,297.84,0.0,297.84
8727,O003719,P0067,2,233.1,0.0,466.2
8728,O003719,P0087,2,187.17,0.0,374.34
8729,O003719,P0008,2,2371.62,0.15,4031.75
8730,O003720,P0073,1,71.0,0.0,71.0
8731,O003721,P0020,2,2358.1,0.0,4716.2
8732,O003721,P0054,4,63.49,0.0,253.96
8733,O003721,P0040,1,456.99,0.0,456.99
8734,O003722,P0044,1,937.89,0.0,937.89
8735,O003722,P0087,3,201.75,0.0,605.25
8736,O003722,P0080,3,124.69,0.05,355.37
8737,O003722,P0058,3,108.78,0.1,293.71
8738,O003723,P0008,1,2193.74,0.05,2084.05
8739,O003723,P0080,4,125.26,0.0,501.04
8740,O003723,P0011,2,142.33,0.0,284.66
8741,O003723,P0049,3,288.22,0.0,864.66
8742,O003724,P0080,4,115.13,0.0,460.52
8743,O003724,P0008,1,2332.84,0.0,2332.84
8744,O003725,P0084,3,492.91,0.0,1478.73
8745,O003725,P0016,2,3254.44,0.1,5857.99
8746,O003725,P0020,1,2426.07,0.0,2426.07
8747,O003725,P0022,2,3132.96,0.1,5639.33
8748,O003726,P0065,5,97.84,0.0,489.2
8749,O003726,P0012,4,114.71,0.0,458.84
8750,O003726,P0028,2,2615.77,0.0,5231.54
8751,O003726,P0054,2,56.51,0.15,96.07
8752,O003727,P0080,1,131.42,0.0,131.42
8753,O003728,P0048,5,98.95,0.05,470.01
8754,O003728,P0008,1,2207.3,0.1,1986.57
8755,O003728,P0013,1,1443.73,0.0,1443.73
8756,O003728,P0043,1,986.1,0.0,986.1
8757,O003729,P0059,5,103.49,0.0,517.45
8758,O003729,P0012,4,131.11,0.15,445.77
8759,O003730,P0005,1,405.68,0.05,385.4
8760,O003730,P0020,1,2454.48,0.0,2454.48
8761,O003730,P0037,3,766.04,0.0,2298.12
8762,O003731,P0032,5,126.2,0.0,631.0
8763,O003731,P0065,2,90.94,0.1,163.69
8764,O003731,P0059,3,100.31,0.1,270.84
8765,O003732,P0055,2,783.96,0.1,1411.13
8766,O003732,P0020,2,2495.27,0.05,4741.01
8767,O003734,P0005,1,420.37,0.1,378.33
8768,O003734,P0080,4,129.16,0.0,516.64
8769,O003734,P0053,3,66.79,0.05,190.35
8770,O003735,P0084,3,463.66,0.0,1390.98
8771,O003735,P0080,4,117.16,0.0,468.64
8772,O003735,P0012,2,122.41,0.0,244.82
8773,O003736,P0084,2,520.13,0.05,988.25
8774,O003737,P0040,3,400.32,0.0,1200.96
8775,O003738,P0039,2,733.47,0.05,1393.59
8776,O003739,P0025,1,316.37,0.0,316.37
8777,O003740,P0077,1,291.55,0.1,262.4
8778,O003740,P0043,1,981.01,0.15,833.86
8779,O003740,P0086,5,201.8,0.0,1009.0
8780,O003740,P0054,4,57.57,0.2,184.22
8781,O003741,P0020,1,2627.27,0.0,2627.27
8782,O003741,P0039,3,666.91,0.0,2000.73
8783,O003741,P0044,3,1054.2,0.1,2846.34
8784,O003742,P0054,5,60.05,0.05,285.24
8785,O003742,P0071,4,51.36,0.1,184.9
8786,O003742,P0084,3,515.04,0.0,1545.12
8787,O003742,P0039,3,742.42,0.15,1893.17
8788,O003743,P0032,3,127.76,0.0,383.28
8789,O003744,P0084,3,503.09,0.0,1509.27
8790,O003745,P0025,2,311.78,0.0,623.56
8791,O003745,P0012,3,128.62,0.0,385.86
8792,O003746,P0012,2,128.63,0.0,257.26
8793,O003747,P0009,1,2147.3,0.05,2039.94
8794,O003747,P0084,1,484.14,0.0,484.14
8795,O003748,P0016,2,3248.4,0.0,6496.8
8796,O003748,P0044,1,1044.48,0.15,887.81
8797,O003748,P0058,1,103.91,0.05,98.71
8798,O003748,P0020,1,2543.59,0.05,2416.41
8799,O003749,P0032,4,122.69,0.05,466.22
8800,O003750,P0005,1,412.19,0.0,412.19
8801,O003751,P0004,1,348.76,0.05,331.32
8802,O003751,P0012,1,115.64,0.05,109.86
8803,O003752,P0045,2,1076.13,0.15,1829.42
8804,O003752,P0058,5,103.41,0.0,517.05
8805,O003752,P0016,1,3577.77,0.0,3577.77
8806,O003752,P0012,2,116.28,0.0,232.56
8807,O003753,P0048,3,109.82,0.0,329.46
8808,O003753,P0071,1,53.84,0.05,51.15
8809,O003754,P0020,2,2402.79,0.0,4805.58
8810,O003754,P0053,2,66.36,0.0,132.72
8811,O003755,P0087,2,183.33,0.1,329.99
8812,O003755,P0054,4,59.04,0.1,212.54
8813,O003756,P0045,3,969.43,0.05,2762.88
8814,O003756,P0005,2,405.7,0.0,811.4
8815,O003757,P0020,2,2524.17,0.2,4038.67
8816,O003757,P0045,2,1050.37,0.05,1995.7
8817,O003757,P0039,2,730.23,0.1,1314.41
8818,O003757,P0037,2,767.24,0.15,1304.31
8819,O003758,P0054,2,58.95,0.0,117.9
8820,O003758,P0034,2,328.61,0.1,591.5
8821,O003758,P0087,1,189.97,0.0,189.97
8822,O003759,P0087,4,178.47,0.05,678.19
8823,O003760,P0020,2,2474.89,0.0,4949.78
8824,O003761,P0032,2,111.4,0.1,200.52
8825,O003763,P0084,1,515.8,0.15,438.43
8826,O003764,P0077,1,283.31,0.0,283.31
8827,O003764,P0084,3,482.15,0.05,1374.13
8828,O003765,P0045,2,1021.26,0.15,1736.14
8829,O003765,P0032,4,128.22,0.0,512.88
8830,O003765,P0038,3,644.02,0.05,1835.46
8831,O003766,P0039,2,669.14,0.0,1338.28
8832,O003767,P0071,5,54.98,0.05,261.15
8833,O003767,P0041,3,485.0,0.0,1455.0
8834,O003767,P0053,2,65.37,0.0,130.74
8835,O003767,P0012,1,119.97,0.0,119.97
8836,O003768,P0022,2,3274.08,0.05,6220.75
8837,O003768,P0009,1,2100.09,0.0,2100.09
8838,O003768,P0033,1,110.8,0.0,110.8
8839,O003768,P0077,3,306.84,0.0,920.52
8840,O003770,P0032,3,117.98,0.15,300.85
8841,O003770,P0020,2,2262.34,0.15,3845.98
8842,O003770,P0039,3,714.22,0.0,2142.66
8843,O003770,P0045,2,1064.01,0.1,1915.22
8844,O003771,P0011,1,140.14,0.0,140.14
8845,O003771,P0005,3,393.02,0.0,1179.06
8846,O003771,P0058,2,102.67,0.1,184.81
8847,O003771,P0054,2,57.95,0.0,115.9
8848,O003772,P0020,1,2245.68,0.0,2245.68
8849,O003773,P0080,3,118.56,0.0,355.68
8850,O003773,P0087,1,193.2,0.05,183.54
8851,O003774,P0080,2,129.68,0.05,246.39
8852,O003775,P0084,1,451.43,0.0,451.43
8853,O003775,P0020,1,2382.47,0.15,2025.1
8854,O003776,P0084,3,511.26,0.0,1533.78
8855,O003777,P0058,3,112.7,0.05,321.2
8856,O003778,P0034,1,298.85,0.0,298.85
8857,O003778,P0005,2,381.79,0.0,763.58
8858,O003778,P0022,2,3004.86,0.15,5108.26
8859,O003778,P0071,1,51.2,0.1,46.08
8860,O003779,P0050,1,289.85,0.0,289.85
8861,O003779,P0084,3,488.85,0.0,1466.55
8862,O003780,P0045,2,1011.83,0.0,2023.66
8863,O003780,P0087,3,205.33,0.0,615.99
8864,O003781,P0080,1,113.29,0.05,107.63
8865,O003781,P0020,2,2605.54,0.0,5211.08
8866,O003781,P0058,2,110.49,0.0,220.98
8867,O003781,P0059,1,99.7,0.0,99.7
8868,O003782,P0054,2,58.23,0.0,116.46
8869,O003783,P0039,3,675.04,0.2,1620.1
8870,O003783,P0080,4,125.6,0.0,502.4
8871,O003784,P0020,1,2266.58,0.1,2039.92
8872,O003785,P0015,3,1320.64,0.0,3961.92
8873,O003786,P0009,2,2239.16,0.15,3806.57
8874,O003786,P0032,5,114.4,0.0,572.0
8875,O003786,P0054,4,65.59,0.2,209.89
8876,O003787,P0087,1,203.81,0.1,183.43
8877,O003787,P0058,3,104.85,0.0,314.55
8878,O003788,P0054,5,61.12,0.1,275.04
8879,O003788,P0087,2,206.42,0.0,412.84
8880,O003788,P0086,3,201.32,0.0,603.96
8881,O003789,P0025,3,297.88,0.0,893.64
8882,O003789,P0003,1,4938.85,0.05,4691.91
8883,O003789,P0020,2,2486.1,0.05,4723.59
8884,O003789,P0084,2,483.39,0.0,966.78
8885,O003790,P0047,2,85.94,0.1,154.69
8886,O003790,P0008,2,2475.69,0.1,4456.24
8887,O003790,P0005,1,425.2,0.05,403.94
8888,O003791,P0084,2,469.73,0.1,845.51
8889,O003791,P0039,3,735.23,0.05,2095.41
8890,O003792,P0039,1,760.7,0.05,722.66
8891,O003792,P0087,2,205.28,0.0,410.56
8892,O003792,P0084,2,475.24,0.15,807.91
8893,O003793,P0034,1,323.22,0.1,290.9
8894,O003794,P0039,2,685.07,0.0,1370.14
8895,O003794,P0034,3,321.13,0.2,770.71
8896,O003794,P0071,2,49.79,0.0,99.58
8897,O003795,P0030,2,2284.52,0.0,4569.04
8898,O003795,P0020,1,2488.48,0.2,1990.78
8899,O003795,P0008,2,2354.16,0.0,4708.32
8900,O003795,P0043,2,1028.2,0.0,2056.4
8901,O003796,P0084,3,459.91,0.0,1379.73
8902,O003797,P0054,4,58.25,0.1,209.7
8903,O003798,P0008,1,2410.46,0.0,2410.46
8904,O003798,P0087,2,180.71,0.0,361.42
8905,O003798,P0040,1,455.76,0.0,455.76
8906,O003799,P0047,2,87.32,0.05,165.91
8907,O003799,P0039,2,658.2,0.0,1316.4
8908,O003799,P0015,1,1327.35,0.0,1327.35
8909,O003800,P0043,3,1034.05,0.0,3102.15
8910,O003800,P0013,2,1316.54,0.05,2501.43
8911,O003800,P0025,3,299.06,0.15,762.6
8912,O003801,P0039,2,730.53,0.0,1461.06
8913,O003801,P0084,1,524.55,0.05,498.32
8914,O003802,P0039,1,687.5,0.1,618.75
8915,O003802,P0084,1,517.67,0.0,517.67
8916,O003802,P0055,1,722.26,0.0,722.26
8917,O003802,P0080,5,122.85,0.05,583.54
8918,O003803,P0048,1,103.36,0.0,103.36
8919,O003803,P0073,5,72.74,0.0,363.7
8920,O003804,P0040,1,430.01,0.0,430.01
8921,O003804,P0077,2,296.36,0.0,592.72
8922,O003805,P0054,4,59.54,0.1,214.34
8923,O003806,P0005,2,432.88,0.0,865.76
8924,O003807,P0071,1,51.53,0.05,48.95
8925,O003808,P0080,3,130.17,0.15,331.93
8926,O003808,P0039,1,719.03,0.0,719.03
8927,O003809,P0039,3,755.83,0.1,2040.74
8928,O003809,P0084,1,453.62,0.0,453.62
8929,O003809,P0020,1,2573.76,0.05,2445.07
8930,O003811,P0054,2,58.21,0.1,104.78
8931,O003811,P0084,1,495.32,0.15,421.02
8932,O003811,P0034,2,300.66,0.05,571.25
8933,O003812,P0054,5,58.78,0.0,293.9
8934,O003812,P0043,1,954.3,0.15,811.16
8935,O003812,P0008,1,2405.83,0.15,2044.96
8936,O003813,P0054,3,65.27,0.0,195.81
8937,O003813,P0052,1,63.41,0.1,57.07
8938,O003814,P0012,3,129.82,0.1,350.51
8939,O003814,P0048,2,102.51,0.05,194.77
8940,O003815,P0002,2,4409.98,0.0,8819.96
8941,O003815,P0054,5,56.02,0.0,280.1
8942,O003815,P0008,1,2551.67,0.1,2296.5
8943,O003816,P0034,3,327.85,0.0,983.55
8944,O003816,P0022,1,3274.43,0.05,3110.71
8945,O003816,P0065,3,106.43,0.15,271.4
8946,O003816,P0058,5,106.38,0.0,531.9
8947,O003817,P0056,1,903.92,0.05,858.72
8948,O003817,P0032,5,122.98,0.05,584.16
8949,O003817,P0067,2,260.9,0.0,521.8
8950,O003818,P0058,3,106.85,0.0,320.55
8951,O003818,P0016,2,3230.21,0.0,6460.42
8952,O003818,P0074,3,71.21,0.0,213.63
8953,O003819,P0020,1,2555.24,0.1,2299.72
8954,O003821,P0084,2,460.31,0.0,920.62
8955,O003822,P0008,2,2437.6,0.0,4875.2
8956,O003823,P0058,5,107.3,0.15,456.02
8957,O003823,P0020,1,2534.26,0.0,2534.26
8958,O003823,P0071,5,51.5,0.0,257.5
8959,O003824,P0020,1,2608.46,0.0,2608.46
8960,O003824,P0005,3,403.31,0.05,1149.43
8961,O003825,P0077,1,276.21,0.0,276.21
8962,O003825,P0020,2,2617.62,0.0,5235.24
8963,O003825,P0028,2,2463.98,0.0,4927.96
8964,O003826,P0032,3,127.14,0.05,362.35
8965,O003826,P0011,2,132.5,0.0,265.0
8966,O003826,P0080,3,114.24,0.0,342.72
8967,O003826,P0054,1,65.84,0.0,65.84
8968,O003827,P0054,4,61.42,0.0,245.68
8969,O003827,P0071,4,57.0,0.05,216.6
8970,O003827,P0084,2,452.24,0.0,904.48
8971,O003827,P0003,1,4870.86,0.1,4383.77
8972,O003828,P0020,2,2543.8,0.1,4578.84
8973,O003828,P0077,2,296.06,0.05,562.51
8974,O003829,P0008,2,2369.65,0.15,4028.4
8975,O003829,P0054,4,64.2,0.15,218.28
8976,O003830,P0057,3,973.13,0.0,2919.39
8977,O003831,P0020,2,2573.66,0.0,5147.32
8978,O003831,P0080,5,115.41,0.0,577.05
8979,O003833,P0032,3,116.27,0.1,313.93
8980,O003833,P0014,1,1506.85,0.0,1506.85
8981,O003834,P0003,2,4674.07,0.15,7945.92
8982,O003834,P0022,1,3372.93,0.0,3372.93
8983,O003835,P0084,3,491.99,0.0,1475.97
8984,O003835,P0005,3,431.87,0.0,1295.61
8985,O003835,P0058,2,101.97,0.15,173.35
8986,O003835,P0020,1,2535.13,0.1,2281.62
8987,O003836,P0054,3,62.83,0.2,150.79
8988,O003837,P0020,2,2290.61,0.0,4581.22
8989,O003837,P0012,5,114.83,0.0,574.15
8990,O003837,P0005,1,404.01,0.0,404.01
8991,O003838,P0054,3,65.64,0.15,167.38
8992,O003838,P0020,2,2265.65,0.0,4531.3
8993,O003838,P0084,3,470.48,0.0,1411.44
8994,O003839,P0080,3,127.94,0.15,326.25
8995,O003839,P0020,2,2279.06,0.1,4102.31
8996,O003839,P0032,1,123.84,0.1,111.46
8997,O003839,P0071,2,57.49,0.0,114.98
8998,O003840,P0077,3,286.72,0.1,774.14
8999,O003840,P0034,2,317.93,0.0,635.86
9000,O003840,P0080,1,115.77,0.0,115.77
9001,O003840,P0064,3,95.33,0.0,285.99
9002,O003841,P0084,2,491.28,0.0,982.56
9003,O003841,P0049,2,316.3,0.0,632.6
9004,O003841,P0054,1,61.07,0.0,61.07
9005,O003842,P0084,2,509.88,0.1,917.78
9006,O003842,P0061,2,136.0,0.05,258.4
9007,O003843,P0086,2,188.95,0.0,377.9
9008,O003843,P0020,1,2503.27,0.0,2503.27
9009,O003843,P0054,3,61.29,0.0,183.87
9010,O003843,P0021,1,2448.65,0.0,2448.65
9011,O003844,P0039,2,702.64,0.0,1405.28
9012,O003844,P0020,2,2317.4,0.05,4403.06
9013,O003844,P0025,2,319.67,0.0,639.34
9014,O003846,P0084,3,464.94,0.0,1394.82
9015,O003846,P0041,2,463.68,0.1,834.62
9016,O003846,P0013,1,1461.64,0.0,1461.64
9017,O003846,P0032,4,117.44,0.0,469.76
9018,O003847,P0084,2,458.29,0.05,870.75
9019,O003848,P0039,1,761.6,0.05,723.52
9020,O003848,P0054,2,56.54,0.0,113.08
9021,O003848,P0043,2,1023.05,0.0,2046.1
9022,O003848,P0020,1,2588.03,0.0,2588.03
9023,O003849,P0008,2,2423.15,0.0,4846.3
9024,O003849,P0039,3,679.11,0.2,1629.86
9025,O003850,P0034,1,289.01,0.0,289.01
9026,O003850,P0048,5,107.08,0.05,508.63
9027,O003851,P0080,2,127.78,0.0,255.56
9028,O003854,P0054,1,65.38,0.2,52.3
9029,O003855,P0039,3,662.03,0.0,1986.09
9030,O003855,P0053,1,70.95,0.05,67.4
9031,O003855,P0054,1,56.83,0.0,56.83
9032,O003856,P0080,4,131.41,0.0,525.64
9033,O003856,P0050,1,297.33,0.0,297.33
9034,O003856,P0030,1,2276.55,0.0,2276.55
9035,O003856,P0020,1,2408.8,0.15,2047.48
9036,O003857,P0087,3,202.36,0.0,607.08
9037,O003857,P0045,1,963.78,0.1,867.4
9038,O003858,P0005,1,433.98,0.0,433.98
9039,O003858,P0032,3,122.91,0.0,368.73
9040,O003858,P0020,2,2579.56,0.1,4643.21
9041,O003858,P0058,1,109.07,0.0,109.07
9042,O003859,P0009,1,1930.03,0.0,1930.03
9043,O003859,P0020,2,2455.6,0.0,4911.2
9044,O003860,P0020,2,2618.55,0.0,5237.1
9045,O003861,P0084,3,469.82,0.2,1127.57
9046,O003862,P0020,2,2435.84,0.0,4871.68
9047,O003863,P0077,3,288.35,0.05,821.8
9048,O003864,P0025,1,308.16,0.0,308.16
9049,O003865,P0012,4,126.27,0.0,505.08
9050,O003866,P0050,2,308.05,0.1,554.49
9051,O003866,P0009,2,2153.11,0.05,4090.91
9052,O003867,P0084,1,526.11,0.05,499.8
9053,O003867,P0054,2,62.07,0.0,124.14
9054,O003867,P0012,1,118.5,0.0,118.5
9055,O003867,P0045,1,1016.05,0.0,1016.05
9056,O003868,P0039,1,651.06,0.05,618.51
9057,O003868,P0080,3,123.17,0.0,369.51
9058,O003868,P0012,2,132.08,0.05,250.95
9059,O003869,P0080,2,131.32,0.0,262.64
9060,O003869,P0071,4,50.76,0.0,203.04
9061,O003869,P0015,3,1406.06,0.0,4218.18
9062,O003870,P0084,2,472.41,0.0,944.82
9063,O003870,P0003,2,4358.34,0.0,8716.68
9064,O003871,P0013,3,1444.67,0.0,4334.01
9065,O003872,P0084,2,494.17,0.1,889.51
9066,O003873,P0067,3,260.13,0.15,663.33
9067,O003873,P0005,2,415.2,0.0,830.4
9068,O003874,P0071,3,56.76,0.0,170.28
9069,O003874,P0039,3,731.69,0.15,1865.81
9070,O003875,P0086,3,200.11,0.05,570.31
9071,O003875,P0005,1,379.23,0.2,303.38
9072,O003875,P0077,2,316.3,0.0,632.6
9073,O003875,P0034,3,304.27,0.1,821.53
9074,O003876,P0080,3,130.63,0.1,352.7
9075,O003876,P0002,1,4309.17,0.0,4309.17
9076,O003876,P0045,1,1048.35,0.0,1048.35
9077,O003878,P0080,5,123.7,0.0,618.5
9078,O003878,P0084,2,526.66,0.1,947.99
9079,O003878,P0047,4,86.57,0.0,346.28
9080,O003879,P0077,2,281.33,0.05,534.53
9081,O003879,P0048,3,103.32,0.0,309.96
9082,O003880,P0071,5,49.37,0.15,209.82
9083,O003880,P0044,2,922.99,0.0,1845.98
9084,O003881,P0020,1,2361.29,0.1,2125.16
9085,O003881,P0039,1,657.56,0.1,591.8
9086,O003881,P0005,3,394.68,0.1,1065.64
9087,O003882,P0084,2,497.81,0.0,995.62
9088,O003882,P0080,1,121.36,0.05,115.29
9089,O003882,P0025,2,296.8,0.05,563.92
9090,O003883,P0084,1,495.87,0.05,471.08
9091,O003883,P0054,3,60.12,0.0,180.36
9092,O003886,P0022,2,3311.49,0.0,6622.98
9093,O003886,P0020,2,2317.07,0.0,4634.14
9094,O003888,P0073,4,69.89,0.0,279.56
9095,O003888,P0071,1,50.58,0.05,48.05
9096,O003888,P0055,3,766.31,0.0,2298.93
9097,O003888,P0020,2,2494.26,0.0,4988.52
9098,O003889,P0008,1,2561.01,0.0,2561.01
9099,O003889,P0045,2,1030.29,0.1,1854.52
9100,O003889,P0080,1,128.97,0.0,128.97
9101,O003889,P0039,3,725.53,0.1,1958.93
9102,O003890,P0074,2,72.48,0.15,123.22
9103,O003890,P0047,5,94.32,0.15,400.86
9104,O003890,P0026,2,312.21,0.0,624.42
9105,O003891,P0071,5,52.59,0.0,262.95
9106,O003892,P0080,1,127.75,0.0,127.75
9107,O003892,P0084,1,503.28,0.1,452.95
9108,O003892,P0012,1,123.78,0.0,123.78
9109,O003893,P0043,3,999.12,0.0,2997.36
9110,O003893,P0084,3,523.87,0.05,1493.03
9111,O003893,P0034,1,322.04,0.0,322.04
9112,O003894,P0037,1,749.79,0.1,674.81
9113,O003894,P0087,2,199.43,0.0,398.86
9114,O003894,P0080,4,130.14,0.0,520.56
9115,O003895,P0015,2,1397.57,0.0,2795.14
9116,O003895,P0005,3,399.95,0.0,1199.85
9117,O003895,P0020,1,2303.44,0.0,2303.44
9118,O003895,P0011,4,129.61,0.0,518.44
9119,O003896,P0080,3,128.14,0.0,384.42
9120,O003896,P0032,1,112.64,0.0,112.64
9121,O003896,P0071,1,57.63,0.0,57.63
9122,O003896,P0020,2,2397.7,0.1,4315.86
9123,O003897,P0053,1,72.1,0.1,64.89
9124,O003897,P0045,1,1069.44,0.0,1069.44
9125,O003897,P0016,1,3180.36,0.0,3180.36
9126,O003897,P0039,3,706.2,0.2,1694.88
9127,O003898,P0073,4,69.48,0.0,277.92
9128,O003899,P0057,1,961.59,0.0,961.59
9129,O003899,P0012,5,113.5,0.15,482.38
9130,O003899,P0045,1,1053.72,0.2,842.98
9131,O003900,P0012,4,132.63,0.2,424.42
9132,O003900,P0077,1,280.55,0.0,280.55
9133,O003900,P0084,3,511.39,0.2,1227.34
9134,O003901,P0087,1,208.83,0.0,208.83
9135,O003901,P0050,3,285.64,0.0,856.92
9136,O003902,P0032,4,117.59,0.15,399.81
9137,O003903,P0020,1,2625.72,0.0,2625.72
9138,O003904,P0008,2,2433.03,0.0,4866.06
9139,O003904,P0032,5,128.25,0.0,641.25
9140,O003904,P0054,3,55.97,0.0,167.91
9141,O003905,P0080,5,132.18,0.1,594.81
9142,O003905,P0020,0,2368.5,0.0,4737.0
9143,O003905,P0013,3,1317.1,0.0,3951.3
9144,O003905,P0039,1,675.53,0.0,675.53
9145,O003906,P0054,5,57.75,0.0,288.75
9146,O003906,P0040,3,411.14,0.05,1171.75
9147,O003907,P0054,1,64.81,0.0,64.81
9148,O003907,P0039,2,715.58,0.0,1431.16
9149,O003908,P0020,2,2437.46,0.0,4874.92
9150,O003908,P0032,2,113.73,0.0,227.46
9151,O003908,P0077,2,304.78,0.0,609.56
9152,O003908,P0087,1,179.71,0.0,179.71
9153,O003909,P0012,5,121.97,0.05,579.36
9154,O003909,P0053,2,66.49,0.2,106.38
9155,O003910,P0023,1,3122.83,0.0,3122.83
9156,O003910,P0016,1,3580.48,0.05,3401.46
9157,O003911,P0058,4,116.93,0.0,467.72
9158,O003911,P0071,2,54.24,0.0,108.48
9159,O003912,P0020,1,2419.26,0.0,2419.26
9160,O003912,P0023,2,3097.55,0.0,6195.1
9161,O003913,P0071,5,50.35,0.0,251.75
9162,O003914,P0020,1,2255.38,0.1,2029.84
9163,O003914,P0009,2,1956.02,0.1,3520.84
9164,O003914,P0034,1,317.96,0.0,317.96
9165,O003915,P0039,3,741.93,0.0,2225.79
9166,O003915,P0045,3,1045.49,0.0,3136.47
9167,O003916,P0020,1,2468.64,0.15,2098.34
9168,O003917,P0039,1,652.72,0.05,620.08
9169,O003917,P0053,2,64.82,0.0,129.64
9170,O003917,P0080,2,117.27,0.15,199.36
9171,O003917,P0059,5,106.9,0.0,534.5
9172,O003918,P0011,5,126.67,0.0,633.35
9173,O003918,P0054,1,65.02,0.05,61.77
9174,O003918,P0032,1,120.13,0.05,114.12
9175,O003919,P0057,3,971.35,0.0,2914.05
9176,O003920,P0058,5,106.75,0.0,533.75
9177,O003920,P0030,2,2254.99,0.0,4509.98
9178,O003920,P0054,1,57.93,0.15,49.24
9179,O003920,P0057,1,912.55,0.0,912.55
9180,O003921,P0058,4,110.44,0.05,419.67
9181,O003921,P0039,1,697.92,0.2,558.34
9182,O003922,P0005,2,424.44,0.2,679.1
9183,O003922,P0013,3,1352.73,0.1,3652.37
9184,O003922,P0084,3,466.01,0.05,1328.13
9185,O003922,P0067,1,242.13,0.0,242.13
9186,O003923,P0058,2,100.68,0.1,181.22
9187,O003924,P0067,3,261.41,0.0,784.23
9188,O003924,P0077,1,298.41,0.0,298.41
9189,O003924,P0045,3,980.73,0.0,2942.19
9190,O003924,P0053,1,64.02,0.0,64.02
9191,O003925,P0013,2,1379.49,0.05,2621.03
9192,O003926,P0025,1,309.75,0.0,309.75
9193,O003926,P0050,3,305.8,0.0,917.4
9194,O003926,P0040,2,423.25,0.2,677.2
9195,O003926,P0034,2,297.55,0.0,595.1
9196,O003927,P0087,1,184.04,0.0,184.04
9197,O003927,P0077,1,290.27,0.0,290.27
9198,O003928,P0029,1,2210.12,0.0,2210.12
9199,O003929,P0048,2,94.62,0.0,189.24
9200,O003930,P0025,2,319.14,0.0,638.28
9201,O003930,P0053,3,69.06,0.0,207.18
9202,O003930,P0080,2,114.12,0.15,194.0
9203,O003931,P0003,2,4400.0,0.0,8800.0
9204,O003931,P0020,1,2511.2,0.05,2385.64
9205,O003931,P0087,1,199.99,0.15,169.99
9206,O003931,P0039,3,658.05,0.0,1974.15
9207,O003932,P0012,3,115.48,0.0,346.44
9208,O003932,P0032,4,111.28,0.0,445.12
9209,O003932,P0080,3,124.0,0.05,353.4
9210,O003932,P0045,1,1067.01,0.1,960.31
9211,O003933,P0008,1,2369.61,0.1,2132.65
9212,O003933,P0039,1,713.93,0.0,713.93
9213,O003933,P0084,3,510.06,0.0,1530.18
9214,O003934,P0054,5,64.98,0.0,324.9
9215,O003935,P0039,3,652.86,0.05,1860.65
9216,O003935,P0020,2,2575.05,0.05,4892.6
9217,O003935,P0045,3,948.52,0.15,2418.73
9218,O003936,P0054,3,63.83,0.0,191.49
9219,O003936,P0039,2,736.93,0.0,1473.86
9220,O003936,P0029,1,2292.0,0.05,2177.4
9221,O003937,P0058,1,113.27,0.0,113.27
9222,O003938,P0039,3,751.25,0.0,2253.75
9223,O003938,P0005,3,419.06,0.1,1131.46
9224,O003938,P0087,2,205.99,0.1,370.78
9225,O003938,P0045,1,943.36,0.0,943.36
9226,O003939,P0052,2,65.33,0.0,130.66
9227,O003939,P0054,1,63.22,0.05,60.06
9228,O003939,P0055,3,767.33,0.0,2301.99
9229,O003940,P0005,1,377.24,0.05,358.38
9230,O003941,P0043,3,937.1,0.0,2811.3
9231,O003942,P0077,3,303.87,0.1,820.45
9232,O003942,P0084,2,481.26,0.0,962.52
9233,O003943,P0039,2,716.16,0.0,1432.32
9234,O003943,P0061,1,134.82,0.0,134.82
9235,O003943,P0020,1,2240.14,0.15,1904.12
9236,O003943,P0013,2,1390.79,0.05,2642.5
9237,O003944,P0015,2,1326.22,0.0,2652.44
9238,O003944,P0058,4,115.63,0.05,439.39
9239,O003945,P0039,3,701.08,0.2,1682.59
9240,O003945,P0054,1,58.2,0.05,55.29
9241,O003945,P0023,2,3301.61,0.05,6273.06
9242,O003946,P0054,4,63.19,0.2,202.21
9243,O003947,P0013,1,1374.45,0.1,1237.01
9244,O003947,P0058,3,103.29,0.15,263.39
9245,O003947,P0005,3,376.89,0.0,1130.67
9246,O003947,P0074,4,71.51,0.05,271.74
9247,O003948,P0016,1,3127.52,0.0,3127.52
9248,O003948,P0039,3,721.47,0.0,2164.41
9249,O003949,P0084,3,469.21,0.0,1407.63
9250,O003949,P0032,1,120.08,0.15,102.07
9251,O003949,P0080,3,121.57,0.0,364.71
9252,O003950,P0020,1,2573.69,0.15,2187.64
9253,O003950,P0058,3,100.99,0.0,302.97
9254,O003950,P0008,2,2201.82,0.0,4403.64
9255,O003951,P0005,2,386.05,0.05,733.5
9256,O003952,P0058,5,113.38,0.0,566.9
9257,O003952,P0054,4,59.55,0.0,238.2
9258,O003952,P0016,2,3598.64,0.0,7197.28
9259,O003953,P0074,4,76.18,0.05,289.48
9260,O003953,P0020,1,2570.6,0.0,2570.6
9261,O003953,P0037,2,679.66,0.1,1223.39
9262,O003953,P0022,1,3179.0,0.0,3179.0
9263,O003955,P0087,1,206.46,0.0,206.46
9264,O003955,P0032,4,125.1,0.05,475.38
9265,O003956,P0077,3,294.52,0.0,883.56
9266,O003956,P0039,1,705.88,0.0,705.88
9267,O003956,P0012,1,120.74,0.0,120.74
9268,O003957,P0063,5,110.96,0.05,527.06
9269,O003957,P0054,5,64.23,0.15,272.98
9270,O003957,P0009,1,2110.39,0.0,2110.39
9271,O003958,P0005,1,388.25,0.1,349.42
9272,O003959,P0077,1,290.1,0.0,290.1
9273,O003959,P0080,5,131.75,0.0,658.75
9274,O003959,P0016,2,3569.04,0.2,5710.46
9275,O003959,P0050,2,291.43,0.0,582.86
9276,O003960,P0016,2,3602.1,0.05,6843.99
9277,O003960,P0020,1,2267.46,0.2,1813.97
9278,O003960,P0033,2,118.94,0.1,214.09
9279,O003960,P0080,2,120.04,0.15,204.07
9280,O003962,P0071,5,55.34,0.0,276.7
9281,O003962,P0080,2,127.27,0.05,241.81
9282,O003962,P0032,4,126.18,0.0,504.72
9283,O003963,P0055,1,759.09,0.2,607.27
9284,O003963,P0008,2,2192.84,0.2,3508.54
9285,O003963,P0020,2,2610.92,0.05,4960.75
9286,O003963,P0016,1,3200.19,0.0,3200.19
9287,O003964,P0039,2,751.41,0.0,1502.82
9288,O003964,P0055,1,760.02,0.05,722.02
9289,O003964,P0064,4,98.58,0.2,315.46
9290,O003964,P0020,2,2371.23,0.0,4742.46
9291,O003965,P0034,1,300.02,0.0,300.02
9292,O003965,P0054,5,56.7,0.05,269.32
9293,O003965,P0008,1,2307.01,0.0,2307.01
9294,O003965,P0002,2,4043.83,0.0,8087.66
9295,O003966,P0067,4,242.58,0.0,970.32
9296,O003966,P0058,1,114.3,0.0,114.3
9297,O003967,P0080,1,123.78,0.0,123.78
9298,O003967,P0059,2,104.99,0.05,199.48
9299,O003968,P0087,3,206.68,0.0,620.04
9300,O003968,P0020,1,2537.46,0.05,2410.59
9301,O003968,P0054,3,65.13,0.0,195.39
9302,O003968,P0073,3,70.51,0.0,211.53
9303,O003969,P0087,5,192.91,0.0,964.55
9304,O003969,P0084,1,461.71,0.0,461.71
9305,O003969,P0080,5,123.16,0.05,585.01
9306,O003970,P0039,3,752.97,0.0,2258.91
9307,O003970,P0080,3,116.76,0.0,350.28
9308,O003970,P0057,1,903.27,0.0,903.27
9309,O003970,P0077,3,280.57,0.1,757.54
9310,O003971,P0056,2,917.11,0.0,1834.22
9311,O003971,P0077,1,287.63,0.0,287.63
9312,O003972,P0020,2,2239.62,0.15,3807.35
9313,O003972,P0053,3,64.02,0.2,153.65
9314,O003972,P0008,2,2219.03,0.0,4438.06
9315,O003973,P0054,3,59.48,0.0,178.44
9316,O003974,P0086,1,191.25,0.0,191.25
9317,O003974,P0012,1,114.0,0.0,114.0
9318,O003974,P0008,1,2260.84,0.0,2260.84
9319,O003974,P0013,3,1471.29,0.1,3972.48
9320,O003975,P0020,1,2394.47,0.0,2394.47
9321,O003976,P0058,5,107.8,0.0,539.0
9322,O003976,P0077,2,307.65,0.1,553.77
9323,O003976,P0053,2,70.89,0.15,120.51
9324,O003977,P0084,3,462.35,0.0,1387.05
9325,O003977,P0062,5,130.78,0.0,653.9
9326,O003977,P0032,1,116.65,0.0,116.65
9327,O003977,P0058,2,111.63,0.1,200.93
9328,O003978,P0039,1,697.24,0.1,627.52
9329,O003978,P0012,2,126.65,0.0,253.3
9330,O003978,P0005,2,396.02,0.0,792.04
9331,O003978,P0007,1,2301.76,0.0,2301.76
9332,O003979,P0058,4,111.45,0.05,423.51
9333,O003980,P0039,2,749.57,0.0,1499.14
9334,O003980,P0054,3,56.8,0.05,161.88
9335,O003980,P0084,3,500.94,0.0,1502.82
9336,O003981,P0037,3,767.79,0.0,2303.37
9337,O003981,P0080,2,128.11,0.0,256.22
9338,O003982,P0039,2,737.25,0.0,1474.5
9339,O003983,P0005,2,390.61,0.0,781.22
9340,O003983,P0071,2,55.46,0.0,110.92
9341,O003983,P0039,1,708.53,0.15,602.25
9342,O003984,P0045,2,993.22,0.0,1986.44
9343,O003984,P0012,3,117.76,0.0,353.28
9344,O003984,P0057,2,927.02,0.1,1668.64
9345,O003985,P0032,1,125.69,0.0,125.69
9346,O003985,P0008,2,2323.51,0.2,3717.62
9347,O003985,P0023,1,3286.88,0.15,2793.85
9348,O003985,P0039,1,682.1,0.0,682.1
9349,O003986,P0084,2,466.4,0.0,932.8
9350,O003986,P0020,2,2482.72,0.05,4717.17
9351,O003987,P0039,1,725.36,0.0,725.36
9352,O003987,P0087,2,206.09,0.0,412.18
9353,O003988,P0087,5,191.15,0.05,907.96
9354,O003989,P0052,3,63.93,0.0,191.79
9355,O003989,P0009,1,2258.8,0.1,2032.92
9356,O003990,P0053,5,65.66,0.05,311.88
9357,O003991,P0077,2,291.8,0.0,583.6
9358,O003991,P0020,1,2393.1,0.0,2393.1
9359,O003991,P0005,2,426.53,0.05,810.41
9360,O003992,P0044,3,968.52,0.0,2905.56
9361,O003994,P0044,1,1040.12,0.15,884.1
9362,O003994,P0086,3,184.78,0.05,526.62
9363,O003995,P0077,2,294.61,0.0,589.22
9364,O003996,P0054,5,61.31,0.05,291.22
9365,O003996,P0080,4,126.8,0.0,507.2
9366,O003997,P0084,3,456.57,0.05,1301.22
9367,O003998,P0044,1,935.64,0.0,935.64
9368,O003998,P0054,5,61.04,0.0,305.2
9369,O003998,P0020,2,2568.33,0.15,4366.16
9370,O003999,P0016,2,3144.88,0.2,5031.81
9371,O003999,P0045,3,995.21,0.0,2985.63
9372,O003999,P0026,1,293.49,0.0,293.49
9373,O004000,P0071,3,55.88,0.0,167.64
9374,O004000,P0020,2,2441.81,0.1,4395.26
9375,O004001,P0032,2,123.4,0.0,246.8
9376,O004001,P0058,4,114.34,0.05,434.49
9377,O004001,P0020,1,2457.91,0.1,2212.12
9378,O004001,P0008,2,2266.34,0.0,4532.68
9379,O004002,P0055,1,831.07,0.0,831.07
9380,O004004,P0016,1,3526.13,0.2,2820.9
9381,O004004,P0008,1,2381.27,0.15,2024.08
9382,O004005,P0080,4,128.15,0.1,461.34
9383,O004005,P0032,2,119.27,0.0,238.54
9384,O004005,P0015,2,1406.32,0.0,2812.64
9385,O004006,P0084,1,502.59,0.0,502.59
9386,O004006,P0016,2,3183.06,0.1,5729.51
9387,O004006,P0020,2,2237.49,0.0,4474.98
9388,O004006,P0080,1,123.9,0.05,117.7
9389,O004007,P0039,2,703.23,0.0,1406.46
9390,O004008,P0020,0,2574.48,0.05,2445.76
9391,O004008,P0005,3,410.69,0.1,1108.86
9392,O004008,P0012,2,130.43,0.05,247.82
9393,O004009,P0020,1,2615.72,0.15,2223.36
9394,O004009,P0084,3,487.26,0.0,1461.78
9395,O004009,P0012,3,131.15,0.0,393.45
9396,O004010,P0030,1,2378.96,0.0,2378.96
9397,O004011,P0039,1,691.24,0.15,587.55
9398,O004012,P0038,1,648.34,0.0,648.34
9399,O004012,P0080,5,121.28,0.0,606.4
9400,O004012,P0039,3,745.88,0.05,2125.76
9401,O004013,P0025,3,276.84,0.0,830.52
9402,O004013,P0021,1,2675.58,0.0,2675.58
9403,O004014,P0012,2,114.93,0.05,218.37
9404,O004014,P0034,3,298.24,0.0,894.72
9405,O004015,P0080,5,117.05,0.0,585.25
9406,O004015,P0020,1,2493.04,0.0,2493.04
9407,O004015,P0039,2,672.17,0.05,1277.12
9408,O004015,P0047,5,85.78,0.15,364.56
9409,O004016,P0012,2,124.54,0.0,249.08
9410,O004016,P0034,3,308.91,0.1,834.06
9411,O004016,P0005,3,424.53,0.0,1273.59
9412,O004016,P0061,3,126.83,0.1,342.44
9413,O004017,P0005,3,427.07,0.0,1281.21
9414,O004017,P0043,1,1002.11,0.0,1002.11
9415,O004018,P0020,2,2580.86,0.0,5161.72
9416,O004019,P0034,3,305.04,0.0,915.12
9417,O004020,P0039,2,748.96,0.0,1497.92
9418,O004020,P0054,2,58.17,0.0,116.34
9419,O004021,P0016,1,3534.86,0.1,3181.37
9420,O004021,P0080,3,131.36,0.0,394.08
9421,O004021,P0054,3,58.34,0.0,175.02
9422,O004022,P0071,1,50.91,0.0,50.91
9423,O004022,P0008,1,2509.4,0.0,2509.4
9424,O004023,P0011,2,140.38,0.0,280.76
9425,O004023,P0002,2,4001.66,0.0,8003.32
9426,O004023,P0054,5,63.19,0.0,315.95
9427,O004023,P0039,1,726.07,0.0,726.07
9428,O004024,P0051,3,336.67,0.0,1010.01
9429,O004024,P0020,1,2494.84,0.0,2494.84
9430,O004024,P0084,1,482.2,0.0,482.2
9431,O004025,P0012,4,123.14,0.2,394.05
9432,O004026,P0020,2,2391.95,0.15,4066.31
9433,O004028,P0020,2,2360.71,0.0,4721.42
9434,O004028,P0003,2,4249.59,0.0,8499.18
9435,O004028,P0080,5,130.64,0.0,653.2
9436,O004028,P0009,2,2110.33,0.0,4220.66
9437,O004029,P0055,2,830.57,0.1,1495.03
9438,O004030,P0084,2,474.84,0.05,902.2
9439,O004030,P0020,1,2372.78,0.0,2372.78
9440,O004030,P0054,4,63.78,0.05,242.36
9441,O004030,P0034,2,292.52,0.15,497.28
9442,O004032,P0028,1,2440.33,0.0,2440.33
9443,O004033,P0008,2,2477.69,0.0,4955.38
9444,O004033,P0054,4,60.96,0.0,243.84
9445,O004034,P0012,1,120.71,0.0,120.71
9446,O004034,P0050,3,315.34,0.0,946.02
9447,O004034,P0020,2,2554.96,0.1,4598.93
9448,O004034,P0055,1,786.49,0.0,786.49
9449,O004036,P0087,3,202.83,0.1,547.64
9450,O004037,P0020,2,2318.29,0.0,4636.58
9451,O004037,P0039,3,688.65,0.1,1859.35
9452,O004037,P0005,3,372.27,0.1,1005.13
9453,O004037,P0084,2,467.03,0.0,934.06
9454,O004038,P0012,5,113.34,0.2,453.36
9455,O004038,P0003,2,4418.15,0.2,7069.04
9456,O004039,P0039,3,751.4,0.0,2254.2
9457,O004039,P0054,5,62.88,0.0,314.4
9458,O004039,P0025,0,306.44,0.0,306.44
9459,O004039,P0087,3,184.55,0.0,553.65
9460,O004040,P0041,2,475.39,0.0,950.78
9461,O004040,P0054,3,59.54,0.15,151.83
9462,O004041,P0073,1,65.21,0.0,65.21
9463,O004042,P0020,2,2480.25,0.0,4960.5
9464,O004042,P0013,3,1520.44,0.1,4105.19
9465,O004042,P0021,2,2705.65,0.1,4870.17
9466,O004042,P0034,1,321.9,0.0,321.9
9467,O004043,P0084,1,511.73,0.15,434.97
9468,O004043,P0080,4,128.92,0.05,489.9
9469,O004044,P0039,3,734.32,0.15,1872.52
9470,O004044,P0080,3,119.77,0.0,359.31
9471,O004045,P0058,3,102.9,0.0,308.7
9472,O004046,P0080,2,122.25,0.15,207.82
9473,O004046,P0054,1,64.83,0.15,55.11
9474,O004046,P0055,1,752.17,0.0,752.17
9475,O004047,P0058,4,116.77,0.05,443.73
9476,O004047,P0020,2,2261.39,0.0,4522.78
9477,O004047,P0071,2,51.84,0.0,103.68
9478,O004047,P0055,3,785.55,0.05,2238.82
9479,O004048,P0061,3,130.46,0.1,352.24
9480,O004048,P0040,2,467.6,0.0,935.2
9481,O004048,P0080,1,114.58,0.0,114.58
9482,O004048,P0057,3,851.14,0.0,2553.42
9483,O004049,P0020,2,2270.58,0.15,3859.99
9484,O004049,P0003,1,4321.02,0.0,4321.02
9485,O004049,P0013,1,1456.2,0.05,1383.39
9486,O004050,P0018,1,3593.93,0.1,3234.54
9487,O004050,P0020,2,2573.67,0.05,4889.97
9488,O004051,P0084,2,489.2,0.0,978.4
9489,O004051,P0013,3,1386.01,0.15,3534.33
9490,O004051,P0016,2,3526.66,0.05,6700.65
9491,O004052,P0084,2,450.88,0.1,811.58
9492,O004052,P0080,4,125.29,0.1,451.04
9493,O004052,P0020,1,2239.0,0.0,2239.0
9494,O004053,P0061,5,122.89,0.0,614.45
9495,O004053,P0020,2,2433.19,0.0,4866.38
9496,O004053,P0025,0,286.81,0.1,516.26
9497,O004053,P0084,3,493.79,0.15,1259.16
9498,O004054,P0055,3,739.04,0.0,2217.12
9499,O004054,P0039,3,735.58,0.05,2096.4
9500,O004054,P0077,3,292.0,0.0,876.0
9501,O004055,P0020,2,2495.66,0.1,4492.19
9502,O004056,P0080,1,127.21,0.0,127.21
9503,O004056,P0005,1,427.21,0.15,363.13
9504,O004058,P0009,1,2008.06,0.05,1907.66
9505,O004058,P0053,2,62.4,0.15,106.08
9506,O004058,P0039,1,728.94,0.1,656.05
9507,O004058,P0020,1,2283.38,0.05,2169.21
9508,O004059,P0039,2,746.63,0.0,1493.26
9509,O004060,P0080,2,125.35,0.05,238.16
9510,O004060,P0008,2,2365.78,0.0,4731.56
9511,O004060,P0003,2,4745.86,0.05,9017.13
9512,O004060,P0032,3,120.33,0.0,360.99
9513,O004061,P0039,3,710.03,0.15,1810.58
9514,O004061,P0065,5,102.5,0.0,512.5
9515,O004062,P0084,2,478.91,0.1,862.04
9516,O004063,P0008,1,2267.97,0.0,2267.97
9517,O004063,P0054,2,63.73,0.0,127.46
9518,O004063,P0084,3,487.17,0.0,1461.51
9519,O004063,P0005,2,422.98,0.0,845.96
9520,O004064,P0016,2,3377.49,0.0,6754.98
9521,O004064,P0044,3,1005.47,0.0,3016.41
9522,O004064,P0080,1,130.75,0.15,111.14
9523,O004065,P0008,2,2508.18,0.0,5016.36
9524,O004065,P0045,1,978.69,0.0,978.69
9525,O004065,P0015,3,1384.09,0.0,4152.27
9526,O004065,P0009,1,2248.22,0.0,2248.22
9527,O004066,P0020,2,2592.62,0.0,5185.24
9528,O004066,P0079,2,129.78,0.0,259.56
9529,O004066,P0025,1,279.23,0.0,279.23
9530,O004066,P0039,2,758.67,0.0,1517.34
9531,O004067,P0058,3,111.06,0.0,333.18
9532,O004067,P0077,1,289.3,0.0,289.3
9533,O004068,P0054,1,64.86,0.2,51.89
9534,O004069,P0039,3,716.77,0.0,2150.31
9535,O004069,P0015,1,1318.62,0.1,1186.76
9536,O004070,P0013,1,1542.91,0.05,1465.76
9537,O004072,P0050,3,301.35,0.0,904.05
9538,O004072,P0053,1,71.05,0.0,71.05
9539,O004073,P0067,5,260.91,0.0,1304.55
9540,O004073,P0020,2,2277.29,0.0,4554.58
9541,O004073,P0073,1,69.28,0.15,58.89
9542,O004073,P0055,3,775.87,0.0,2327.61
9543,O004074,P0041,3,418.41,0.0,1255.23
9544,O004075,P0080,1,121.85,0.0,121.85
9545,O004075,P0022,1,3057.31,0.1,2751.58
9546,O004075,P0040,2,427.14,0.1,768.85
9547,O004075,P0037,1,770.92,0.2,616.74
9548,O004076,P0084,3,493.0,0.0,1479.0
9549,O004076,P0045,1,954.11,0.0,954.11
9550,O004077,P0054,4,63.54,0.0,254.16
9551,O004077,P0077,3,298.09,0.0,894.27
9552,O004077,P0084,2,460.75,0.05,875.42
9553,O004078,P0020,2,2472.84,0.0,4945.68
9554,O004078,P0077,3,313.28,0.0,939.84
9555,O004078,P0043,1,930.41,0.0,930.41
9556,O004079,P0043,2,949.47,0.2,1519.15
9557,O004080,P0084,2,506.74,0.0,1013.48
9558,O004080,P0054,1,62.09,0.15,52.78
9559,O004080,P0005,2,371.63,0.0,743.26
9560,O004081,P0014,1,1409.75,0.1,1268.78
9561,O004082,P0005,1,377.86,0.0,377.86
9562,O004082,P0039,1,748.51,0.0,748.51
9563,O004083,P0039,1,725.94,0.0,725.94
9564,O004084,P0025,2,317.64,0.0,635.28
9565,O004084,P0021,2,2637.64,0.1,4747.75
9566,O004085,P0067,4,260.2,0.0,1040.8
9567,O004085,P0087,1,197.13,0.2,157.7
9568,O004086,P0045,1,1009.68,0.0,1009.68
9569,O004086,P0084,1,507.36,0.1,456.62
9570,O004087,P0054,2,62.26,0.05,118.29
9571,O004087,P0061,4,124.66,0.0,498.64
9572,O004087,P0087,2,203.44,0.0,406.88
9573,O004087,P0005,2,415.79,0.05,790.0
9574,O004088,P0008,2,2416.53,0.0,4833.06
9575,O004089,P0080,4,128.42,0.15,436.63
9576,O004089,P0054,2,58.41,0.05,110.98
9577,O004089,P0058,5,111.66,0.05,530.38
9578,O004089,P0087,3,192.82,0.0,578.46
9579,O004090,P0084,1,478.58,0.0,478.58
9580,O004091,P0032,3,123.78,0.0,371.34
9581,O004091,P0008,2,2423.88,0.1,4362.98
9582,O004091,P0012,5,127.75,0.0,638.75
9583,O004091,P0039,1,765.14,0.0,765.14
9584,O004092,P0087,4,190.98,0.0,763.92
9585,O004092,P0084,2,466.12,0.05,885.63
9586,O004092,P0030,1,2212.46,0.0,2212.46
9587,O004093,P0005,1,407.74,0.0,407.74
9588,O004094,P0084,2,522.11,0.0,1044.22
9589,O004094,P0030,2,2181.02,0.2,3489.63
9590,O004094,P0053,5,65.13,0.05,309.37
9591,O004094,P0058,2,112.93,0.0,225.86
9592,O004095,P0005,3,390.15,0.0,1170.45
9593,O004095,P0080,2,127.16,0.1,228.89
9594,O004095,P0045,2,1021.93,0.0,2043.86
9595,O004096,P0040,2,440.86,0.05,837.63
9596,O004096,P0003,2,4400.05,0.0,8800.1
9597,O004096,P0045,1,1074.46,0.0,1074.46
9598,O004097,P0045,2,1028.22,0.0,2056.44
9599,O004097,P0054,1,64.13,0.0,64.13
9600,O004097,P0039,1,686.08,0.15,583.17
9601,O004098,P0054,2,60.15,0.0,120.3
9602,O004098,P0005,2,420.43,0.0,840.86
9603,O004099,P0084,2,452.19,0.0,904.38
9604,O004099,P0032,5,128.53,0.0,642.65
9605,O004099,P0053,4,66.68,0.1,240.05
9606,O004099,P0039,2,672.07,0.0,1344.14
9607,O004100,P0039,3,725.5,0.0,2176.5
9608,O004100,P0073,4,71.83,0.05,272.95
9609,O004101,P0012,2,124.44,0.1,223.99
9610,O004101,P0034,1,328.63,0.15,279.34
9611,O004101,P0032,5,125.69,0.1,565.6
9612,O004101,P0011,2,143.14,0.15,243.34
9613,O004102,P0080,1,124.05,0.0,124.05
9614,O004102,P0003,1,4610.26,0.1,4149.23
9615,O004102,P0045,3,954.2,0.0,2862.6
9616,O004102,P0058,1,109.72,0.0,109.72
9617,O004103,P0080,5,119.46,0.0,597.3
9618,O004103,P0012,4,132.79,0.0,531.16
9619,O004103,P0015,1,1486.47,0.0,1486.47
9620,O004104,P0020,1,2404.2,0.15,2043.57
9621,O004105,P0044,1,986.64,0.0,986.64
9622,O004106,P0039,3,680.76,0.0,2042.28
9623,O004106,P0013,3,1461.78,0.0,4385.34
9624,O004107,P0005,3,397.66,0.0,1192.98
9625,O004107,P0020,1,2350.06,0.1,2115.05
9626,O004108,P0013,1,1441.31,0.05,1369.24
9627,O004108,P0058,1,115.71,0.05,109.92
9628,O004108,P0073,4,75.7,0.0,302.8
9629,O004108,P0020,1,2302.46,0.2,1841.97
9630,O004109,P0032,3,128.42,0.0,385.26
9631,O004109,P0080,5,124.78,0.0,623.9
9632,O004110,P0074,2,67.38,0.0,134.76
9633,O004111,P0012,2,126.56,0.05,240.46
9634,O004111,P0028,2,2738.08,0.0,5476.16
9635,O004111,P0020,2,2401.61,0.0,4803.22
9636,O004111,P0058,1,100.96,0.05,95.91
9637,O004112,P0053,3,68.2,0.05,194.37
9638,O004112,P0039,3,665.83,0.0,1997.49
9639,O004113,P0058,4,108.7,0.0,434.8
9640,O004113,P0054,4,57.27,0.1,206.17
9641,O004114,P0020,1,2269.63,0.0,2269.63
9642,O004115,P0020,2,2440.66,0.15,4149.12
9643,O004116,P0008,2,2530.87,0.0,5061.74
9644,O004117,P0012,5,131.43,0.0,657.15
9645,O004117,P0084,1,502.69,0.0,502.69
9646,O004117,P0061,5,120.32,0.1,541.44
9647,O004117,P0055,1,817.02,0.0,817.02
9648,O004118,P0009,1,2076.33,0.0,2076.33
9649,O004118,P0050,2,283.84,0.0,567.68
9650,O004119,P0043,3,993.48,0.0,2980.44
9651,O004120,P0084,3,523.95,0.2,1257.48
9652,O004120,P0045,3,1039.66,0.0,3118.98
9653,O004120,P0020,1,2353.44,0.05,2235.77
9654,O004120,P0058,5,115.1,0.0,575.5
9655,O004121,P0029,2,2146.34,0.0,4292.68
9656,O004121,P0054,1,58.5,0.1,52.65
9657,O004121,P0005,1,373.77,0.0,373.77
9658,O004121,P0058,4,111.27,0.0,445.08
9659,O004122,P0039,2,714.55,0.15,1214.73
9660,O004123,P0084,2,472.87,0.0,945.74
9661,O004123,P0008,2,2321.71,0.0,4643.42
9662,O004123,P0080,1,125.75,0.0,125.75
9663,O004124,P0054,5,62.38,0.05,296.3
9664,O004124,P0020,2,2527.48,0.0,5054.96
9665,O004125,P0045,2,968.68,0.05,1840.49
9666,O004126,P0034,3,291.08,0.15,742.25
9667,O004128,P0052,2,61.99,0.0,123.98
9668,O004129,P0054,3,60.83,0.1,164.24
9669,O004129,P0022,2,3011.53,0.0,6023.06
9670,O004129,P0056,3,943.62,0.0,2830.86
9671,O004129,P0045,1,1099.05,0.1,989.14
9672,O004130,P0071,2,56.62,0.0,113.24
9673,O004130,P0041,1,430.2,0.05,408.69
9674,O004130,P0039,1,691.43,0.1,622.29
9675,O004132,P0058,1,116.48,0.1,104.83
9676,O004132,P0087,5,179.43,0.05,852.29
9677,O004133,P0002,1,4357.02,0.0,4357.02
9678,O004133,P0071,2,54.23,0.0,108.46
9679,O004134,P0077,3,296.81,0.0,890.43
9680,O004135,P0077,3,281.12,0.2,674.69
9681,O004135,P0080,5,114.31,0.2,457.24
9682,O004135,P0054,3,65.08,0.0,195.24
9683,O004136,P0020,1,2242.54,0.2,1794.03
9684,O004136,P0048,5,108.86,0.1,489.87
9685,O004137,P0087,5,180.7,0.15,767.98
9686,O004138,P0005,2,383.2,0.0,766.4
9687,O004139,P0080,4,118.09,0.0,472.36
9688,O004140,P0073,3,71.18,0.2,170.83
9689,O004140,P0012,2,132.35,0.1,238.23
9690,O004140,P0020,1,2626.03,0.05,2494.73
9691,O004141,P0087,5,188.79,0.0,943.95
9692,O004142,P0054,3,59.94,0.05,170.83
9693,O004142,P0084,1,455.36,0.2,364.29
9694,O004142,P0005,1,394.08,0.0,394.08
9695,O004142,P0050,1,288.07,0.0,288.07
9696,O004143,P0065,1,102.66,0.0,102.66
9697,O004143,P0012,4,126.43,0.0,505.72
9698,O004144,P0054,3,60.95,0.05,173.71
9699,O004144,P0012,1,129.17,0.0,129.17
9700,O004144,P0020,1,2470.81,0.0,2470.81
9701,O004144,P0058,5,101.11,0.05,480.27
9702,O004146,P0012,4,114.89,0.1,413.6
9703,O004146,P0025,2,299.01,0.05,568.12
9704,O004147,P0020,2,2441.53,0.05,4638.91
9705,O004148,P0065,3,100.11,0.0,300.33
9706,O004148,P0020,1,2561.57,0.0,2561.57
9707,O004148,P0003,2,4689.21,0.05,8909.5
9708,O004149,P0073,2,65.47,0.15,111.3
9709,O004150,P0032,3,113.9,0.2,273.36
9710,O004150,P0045,1,963.95,0.1,867.56
9711,O004151,P0073,4,65.39,0.05,248.48
9712,O004151,P0013,3,1319.93,0.2,3167.83
9713,O004151,P0052,2,56.69,0.0,113.38
9714,O004152,P0039,2,738.56,0.0,1477.12
9715,O004152,P0032,4,120.39,0.0,481.56
9716,O004153,P0023,1,3142.45,0.15,2671.08
9717,O004154,P0008,1,2519.87,0.0,2519.87
9718,O004155,P0032,4,109.87,0.0,439.48
9719,O004156,P0020,2,2391.36,0.0,4782.72
9720,O004156,P0077,3,280.68,0.0,842.04
9721,O004156,P0005,2,420.9,0.0,841.8
9722,O004157,P0029,1,2206.16,0.0,2206.16
9723,O004157,P0025,1,307.19,0.05,291.83
9724,O004157,P0071,4,57.66,0.15,196.04
9725,O004158,P0054,3,63.8,0.0,191.4
9726,O004159,P0071,1,49.7,0.0,49.7
9727,O004159,P0032,3,110.54,0.0,331.62
9728,O004160,P0077,3,279.22,0.0,837.66
9729,O004160,P0039,3,754.99,0.15,1925.22
9730,O004160,P0015,2,1485.75,0.0,2971.5
9731,O004160,P0080,1,114.28,0.1,102.85
9732,O004161,P0055,2,751.7,0.1,1353.06
9733,O004161,P0032,1,115.69,0.0,115.69
9734,O004161,P0067,3,248.38,0.0,745.14
9735,O004161,P0025,2,318.18,0.0,636.36
9736,O004162,P0039,1,669.4,0.1,602.46
9737,O004163,P0054,3,63.95,0.0,191.85
9738,O004163,P0034,1,325.14,0.0,325.14
9739,O004164,P0077,1,271.81,0.0,271.81
9740,O004164,P0005,2,399.96,0.1,719.93
9741,O004164,P0008,2,2241.29,0.1,4034.32
9742,O004164,P0032,2,111.11,0.05,211.11
9743,O004165,P0054,3,63.41,0.0,190.23
9744,O004165,P0080,2,117.44,0.0,234.88
9745,O004166,P0021,1,2650.37,0.05,2517.85
9746,O004166,P0005,1,424.91,0.1,382.42
9747,O004166,P0084,2,475.28,0.05,903.03
9748,O004166,P0008,2,2438.66,0.0,4877.32
9749,O004168,P0009,1,1949.14,0.2,1559.31
9750,O004169,P0039,2,690.81,0.0,1381.62
9751,O004170,P0080,3,113.58,0.05,323.7
9752,O004170,P0057,1,910.15,0.0,910.15
9753,O004171,P0087,4,183.37,0.0,733.48
9754,O004171,P0021,1,2428.84,0.15,2064.51
9755,O004171,P0084,2,501.78,0.05,953.38
9756,O004172,P0053,5,62.58,0.0,312.9
9757,O004172,P0084,2,495.68,0.0,991.36
9758,O004172,P0045,2,1075.03,0.05,2042.56
9759,O004174,P0080,5,116.28,0.0,581.4
9760,O004174,P0054,3,64.84,0.0,194.52
9761,O004174,P0008,2,2313.63,0.05,4395.9
9762,O004176,P0016,2,3313.21,0.0,6626.42
9763,O004176,P0009,2,2146.33,0.0,4292.66
9764,O004176,P0073,5,74.49,0.0,372.45
9765,O004176,P0054,1,65.37,0.0,65.37
9766,O004177,P0005,1,423.24,0.2,338.59
9767,O004177,P0084,1,466.72,0.15,396.71
9768,O004178,P0067,2,240.7,0.1,433.26
9769,O004178,P0022,1,3149.79,0.0,3149.79
9770,O004178,P0043,2,1048.33,0.0,2096.66
9771,O004178,P0047,5,83.04,0.0,415.2
9772,O004179,P0032,4,118.54,0.0,474.16
9773,O004180,P0020,1,2371.73,0.0,2371.73
9774,O004181,P0054,3,56.81,0.0,170.43
9775,O004181,P0039,1,696.29,0.1,626.66
9776,O004182,P0086,2,200.24,0.1,360.43
9777,O004182,P0054,2,64.38,0.1,115.88
9778,O004183,P0080,5,123.39,0.0,616.95
9779,O004183,P0034,1,321.7,0.0,321.7
9780,O004183,P0053,5,66.86,0.0,334.3
9781,O004183,P0039,2,710.5,0.1,1278.9
9782,O004184,P0032,1,112.43,0.05,106.81
9783,O004184,P0054,2,63.34,0.0,126.68
9784,O004184,P0084,1,477.66,0.1,429.89
9785,O004185,P0065,3,94.46,0.0,283.38
9786,O004187,P0034,1,288.1,0.0,288.1
9787,O004187,P0020,1,2457.66,0.0,2457.66
9788,O004189,P0080,2,113.97,0.05,216.54
9789,O004189,P0021,1,2673.43,0.0,2673.43
9790,O004189,P0084,2,464.79,0.1,836.62
9791,O004190,P0063,5,119.26,0.0,596.3
9792,O004190,P0034,1,321.28,0.0,321.28
9793,O004190,P0020,2,2484.98,0.0,4969.96
9794,O004190,P0008,1,2344.27,0.0,2344.27
9795,O004191,P0050,1,304.18,0.0,304.18
9796,O004191,P0039,1,727.36,0.0,727.36
9797,O004192,P0084,3,494.55,0.0,1483.65
9798,O004192,P0067,2,246.01,0.0,492.02
9799,O004192,P0031,4,132.7,0.0,530.8
9800,O004193,P0057,3,919.12,0.0,2757.36
9801,O004194,P0055,3,718.92,0.0,2156.76
9802,O004194,P0077,3,300.68,0.05,856.94
9803,O004194,P0034,3,296.21,0.2,710.9
9804,O004194,P0020,1,2270.61,0.1,2043.55
9805,O004195,P0020,1,2373.29,0.0,2373.29
9806,O004196,P0053,5,63.65,0.1,286.42
9807,O004197,P0063,4,110.64,0.0,442.56
9808,O004197,P0057,3,943.12,0.0,2829.36
9809,O004198,P0020,2,2298.9,0.0,4597.8
9810,O004199,P0055,1,801.35,0.0,801.35
9811,O004199,P0071,1,52.88,0.1,47.59
9812,O004199,P0032,3,110.14,0.0,330.42
9813,O004199,P0028,1,2521.35,0.0,2521.35
9814,O004200,P0039,3,752.97,0.1,2033.02
9815,O004200,P0004,2,360.18,0.0,720.36
9816,O004202,P0025,2,324.46,0.0,648.92
9817,O004202,P0008,2,2511.53,0.1,4520.75
9818,O004202,P0020,1,2536.35,0.0,2536.35
9819,O004202,P0087,1,180.7,0.15,153.6
9820,O004203,P0080,1,121.79,0.2,97.43
9821,O004203,P0032,1,118.61,0.1,106.75
9822,O004204,P0044,2,1030.04,0.2,1648.06
9823,O004205,P0084,3,481.39,0.0,1444.17
9824,O004206,P0020,1,2319.97,0.15,1971.97
9825,O004206,P0071,4,49.41,0.05,187.76
9826,O004206,P0021,2,2522.83,0.0,5045.66
9827,O004207,P0053,3,64.53,0.1,174.23
9828,O004207,P0080,1,116.44,0.1,104.8
9829,O004207,P0050,2,279.74,0.05,531.51
9830,O004207,P0012,2,118.36,0.2,189.38
9831,O004208,P0050,2,318.48,0.0,636.96
9832,O004208,P0080,3,120.41,0.0,361.23
9833,O004210,P0045,2,984.72,0.0,1969.44
9834,O004210,P0003,2,4835.14,0.0,9670.28
9835,O004210,P0054,5,65.76,0.0,328.8
9836,O004210,P0012,5,116.8,0.0,584.0
9837,O004211,P0080,4,123.37,0.0,493.48
9838,O004212,P0008,1,2490.5,0.0,2490.5
9839,O004212,P0020,2,2457.8,0.0,4915.6
9840,O004212,P0045,1,954.87,0.05,907.13
9841,O004212,P0016,1,3469.9,0.0,3469.9
9842,O004213,P0080,3,131.6,0.0,394.8
9843,O004213,P0039,3,716.78,0.0,2150.34
9844,O004213,P0087,5,196.23,0.1,883.04
9845,O004213,P0084,2,511.76,0.1,921.17
9846,O004214,P0039,3,651.02,0.1,1757.75
9847,O004214,P0048,4,95.02,0.05,361.08
9848,O004215,P0084,1,527.91,0.0,527.91
9849,O004216,P0005,2,391.28,0.05,743.43
9850,O004216,P0084,1,523.93,0.0,523.93
9851,O004216,P0087,4,190.47,0.0,761.88
9852,O004216,P0039,2,652.33,0.1,1174.19
9853,O004217,P0039,1,740.13,0.0,740.13
9854,O004218,P0034,1,287.66,0.0,287.66
9855,O004218,P0087,4,207.76,0.0,831.04
9856,O004218,P0077,2,309.64,0.0,619.28
9857,O004219,P0032,4,115.9,0.1,417.24
9858,O004220,P0013,2,1326.34,0.1,2387.41
9859,O004220,P0039,3,761.61,0.0,2284.83
9860,O004221,P0005,1,409.49,0.15,348.07
9861,O004221,P0048,1,109.56,0.0,109.56
9862,O004221,P0084,2,513.35,0.0,1026.7
9863,O004221,P0080,5,122.49,0.1,551.2
9864,O004222,P0005,2,430.51,0.0,861.02
9865,O004223,P0008,2,2290.11,0.0,4580.22
9866,O004223,P0077,2,278.1,0.0,556.2
9867,O004223,P0013,1,1407.66,0.0,1407.66
9868,O004223,P0045,1,1048.46,0.0,1048.46
9869,O004224,P0012,4,120.22,0.0,480.88
9870,O004224,P0084,3,484.04,0.0,1452.12
9871,O004224,P0080,3,122.51,0.05,349.15
9872,O004225,P0020,1,2271.13,0.0,2271.13
9873,O004225,P0054,2,58.53,0.2,93.65
9874,O004225,P0025,2,320.37,0.0,640.74
9875,O004226,P0020,2,2316.55,0.0,4633.1
9876,O004226,P0079,5,140.33,0.0,701.65
9877,O004228,P0084,2,473.28,0.2,757.25
9878,O004228,P0043,2,922.32,0.0,1844.64
9879,O004228,P0050,3,292.05,0.0,876.15
9880,O004228,P0080,2,129.77,0.05,246.56
9881,O004229,P0079,3,138.87,0.2,333.29
9882,O004230,P0086,1,214.3,0.15,182.16
9883,O004231,P0030,1,2466.19,0.0,2466.19
9884,O004231,P0071,3,51.01,0.15,130.08
9885,O004231,P0045,1,1005.33,0.0,1005.33
9886,O004233,P0080,5,123.51,0.0,617.55
9887,O004233,P0030,2,2431.11,0.0,4862.22
9888,O004233,P0012,3,126.17,0.0,378.51
9889,O004233,P0084,3,493.21,0.05,1405.65
9890,O004234,P0044,2,955.77,0.0,1911.54
9891,O004234,P0064,2,98.22,0.15,166.97
9892,O004235,P0039,2,690.74,0.0,1381.48
9893,O004235,P0080,2,118.14,0.1,212.65
9894,O004235,P0084,2,463.63,0.1,834.53
9895,O004235,P0053,5,70.53,0.15,299.75
9896,O004236,P0028,1,2496.94,0.0,2496.94
9897,O004237,P0053,4,64.97,0.1,233.89
9898,O004237,P0087,5,208.1,0.1,936.45
9899,O004237,P0034,1,281.91,0.15,239.62
9900,O004237,P0016,1,3615.3,0.0,3615.3
9901,O004238,P0008,2,2252.27,0.0,4504.54
9902,O004238,P0053,4,62.19,0.0,248.76
9903,O004238,P0061,5,120.01,0.0,600.05
9904,O004238,P0020,2,2594.86,0.05,4930.23
9905,O004239,P0003,1,4716.81,0.1,4245.13
9906,O004239,P0008,1,2203.11,0.0,2203.11
9907,O004239,P0022,2,3434.13,0.05,6524.85
9908,O004239,P0074,3,78.75,0.0,236.25
9909,O004240,P0012,2,113.68,0.2,181.89
9910,O004240,P0032,5,129.12,0.0,645.6
9911,O004240,P0039,1,674.43,0.05,640.71
9912,O004240,P0063,5,116.12,0.1,522.54
9913,O004241,P0063,1,110.01,0.05,104.51
9914,O004242,P0039,1,693.65,0.15,589.6
9915,O004242,P0032,5,118.41,0.0,592.05
9916,O004242,P0080,2,129.01,0.0,258.02
9917,O004242,P0013,3,1388.3,0.0,4164.9
9918,O004243,P0053,4,68.75,0.0,275.0
9919,O004243,P0050,3,299.8,0.2,719.52
9920,O004244,P0054,2,61.52,0.05,116.89
9921,O004244,P0020,1,2472.65,0.15,2101.75
9922,O004244,P0084,1,516.65,0.0,516.65
9923,O004245,P0071,5,54.63,0.0,273.15
9924,O004245,P0047,1,85.09,0.05,80.84
9925,O004246,P0020,2,2586.43,0.15,4396.93
9926,O004246,P0067,2,267.18,0.0,534.36
9927,O004247,P0065,1,105.01,0.0,105.01
9928,O004248,P0084,3,496.53,0.0,1489.59
9929,O004248,P0045,2,1087.99,0.0,2175.98
9930,O004249,P0045,2,1011.78,0.15,1720.03
9931,O004249,P0040,2,449.78,0.0,899.56
9932,O004249,P0053,4,70.01,0.15,238.03
9933,O004249,P0037,2,678.54,0.0,1357.08
9934,O004250,P0053,1,65.27,0.1,58.74
9935,O004251,P0009,0,2169.57,0.0,2169.57
9936,O004252,P0005,2,388.35,0.05,737.86
9937,O004252,P0053,2,70.05,0.15,119.08
9938,O004253,P0002,1,4082.88,0.0,4082.88
9939,O004253,P0016,1,3505.32,0.2,2804.26
9940,O004254,P0045,1,972.66,0.0,972.66
9941,O004254,P0039,3,676.03,0.1,1825.28
9942,O004254,P0012,4,114.16,0.0,456.64
9943,O004255,P0080,4,117.3,0.0,469.2
9944,O004255,P0058,2,114.85,0.05,218.21
9945,O004255,P0044,1,1013.89,0.0,1013.89
9946,O004257,P0020,1,2514.57,0.0,2514.57
9947,O004259,P0033,2,123.15,0.0,246.3
9948,O004259,P0077,2,289.6,0.0,579.2
9949,O004259,P0047,2,92.3,0.0,184.6
9950,O004259,P0012,5,113.77,0.05,540.41
9951,O004261,P0045,2,973.19,0.0,1946.38
9952,O004261,P0032,1,110.38,0.05,104.86
9953,O004262,P0012,2,125.32,0.05,238.11
9954,O004262,P0080,1,114.62,0.0,114.62
9955,O004262,P0020,1,2481.51,0.0,2481.51
9956,O004263,P0016,2,3132.72,0.05,5952.17
9957,O004263,P0087,2,185.72,0.0,371.44
9958,O004265,P0005,2,412.78,0.1,743.0
9959,O004265,P0039,1,703.13,0.05,667.97
9960,O004265,P0064,1,98.98,0.0,98.98
9961,O004266,P0005,1,407.14,0.0,407.14
9962,O004266,P0016,2,3386.4,0.05,6434.16
9963,O004266,P0084,3,471.25,0.05,1343.06
9964,O004267,P0065,5,94.58,0.1,425.61
9965,O004268,P0028,1,2809.89,0.0,2809.89
9966,O004268,P0020,2,2493.7,0.0,4987.4
9967,O004269,P0031,3,119.53,0.0,358.59
9968,O004269,P0026,1,294.92,0.0,294.92
9969,O004269,P0045,2,1036.08,0.0,2072.16
9970,O004270,P0006,2,359.31,0.1,646.76
9971,O004271,P0020,2,2250.57,0.1,4051.03
9972,O004271,P0087,2,187.46,0.0,374.92
9973,O004271,P0039,1,661.94,0.0,661.94
9974,O004271,P0054,4,59.55,0.0,238.2
9975,O004272,P0032,5,120.17,0.0,600.85
9976,O004272,P0077,2,289.74,0.0,579.48
9977,O004272,P0020,2,2573.11,0.15,4374.29
9978,O004273,P0034,2,325.25,0.0,650.5
9979,O004273,P0084,1,472.79,0.0,472.79
9980,O004274,P0054,4,58.62,0.05,222.76
9981,O004274,P0039,2,740.46,0.0,1480.92
9982,O004274,P0020,1,2498.79,0.0,2498.79
9983,O004275,P0087,5,193.19,0.0,965.95
9984,O004275,P0079,3,139.99,0.0,419.97
9985,O004276,P0020,1,2350.85,0.15,1998.22
9986,O004276,P0039,3,749.79,0.0,2249.37
9987,O004277,P0065,5,95.89,0.0,479.45
9988,O004278,P0084,3,492.54,0.1,1329.86
9989,O004278,P0020,1,2261.07,0.15,1921.91
9990,O004278,P0039,2,745.7,0.15,1267.69
9991,O004278,P0009,1,2097.4,0.15,1782.79
9992,O004279,P0080,1,125.33,0.05,119.06
9993,O004279,P0045,3,1012.02,0.0,3036.06
9994,O004280,P0030,2,2520.46,0.0,5040.92
9995,O004280,P0020,2,2339.95,0.15,3977.91
9996,O004280,P0056,1,923.72,0.0,923.72
9997,O004280,P0005,3,402.28,0.1,1086.16
9998,O004281,P0020,2,2247.53,0.0,4495.06
9999,O004282,P0005,3,393.18,0.1,1061.59
10000,O004284,P0003,2,4240.57,0.0,8481.14
10001,O004284,P0054,5,56.75,0.05,269.56
10002,O004284,P0005,2,418.3,0.0,836.6
10003,O004284,P0077,1,281.5,0.05,267.42
10004,O004285,P0011,3,143.55,0.0,430.65
10005,O004285,P0080,4,113.81,0.0,455.24
10006,O004286,P0055,3,718.1,0.15,1831.16
10007,O004288,P0016,2,3322.28,0.05,6312.33
10008,O004289,P0016,2,3133.54,0.0,6267.08
10009,O004290,P0020,2,2620.38,0.0,5240.76
10010,O004290,P0077,1,295.54,0.0,295.54
10011,O004291,P0020,2,2412.82,0.1,4343.08
10012,O004291,P0087,2,206.44,0.0,412.88
10013,O004291,P0058,4,100.75,0.05,382.85
10014,O004291,P0079,3,145.39,0.05,414.36
10015,O004292,P0005,1,416.51,0.0,416.51
10016,O004293,P0039,2,718.13,0.05,1364.45
10017,O004293,P0058,5,106.7,0.05,506.82
10018,O004293,P0084,3,496.32,0.0,1488.96
10019,O004294,P0039,1,657.84,0.1,592.06
10020,O004294,P0037,3,690.16,0.0,2070.48
10021,O004295,P0005,3,416.33,0.0,1248.99
10022,O004296,P0054,2,62.04,0.05,117.88
10023,O004297,P0005,3,417.83,0.0,1253.49
10024,O004297,P0071,5,50.51,0.15,214.67
10025,O004298,P0054,2,64.77,0.0,129.54
10026,O004299,P0004,1,395.57,0.05,375.79
10027,O004299,P0087,4,201.21,0.0,804.84
10028,O004299,P0055,3,730.96,0.0,2192.88
10029,O004301,P0015,1,1484.87,0.0,1484.87
10030,O004301,P0077,3,276.68,0.0,830.04
10031,O004301,P0044,3,1054.19,0.0,3162.57
10032,O004301,P0016,2,3309.19,0.15,5625.62
10033,O004302,P0005,2,375.72,0.0,751.44
10034,O004302,P0032,5,124.78,0.0,623.9
10035,O004302,P0048,3,106.9,0.0,320.7
10036,O004303,P0057,2,926.74,0.05,1760.81
10037,O004303,P0020,2,2520.4,0.0,5040.8
10038,O004304,P0045,1,957.54,0.0,957.54
10039,O004304,P0005,2,391.96,0.0,783.92
10040,O004304,P0077,1,288.76,0.1,259.88
10041,O004304,P0080,4,132.42,0.0,529.68
10042,O004305,P0067,3,250.64,0.0,751.92
10043,O004305,P0012,3,130.98,0.0,392.94
10044,O004305,P0032,3,109.83,0.1,296.54
10045,O004306,P0012,5,117.82,0.15,500.73
10046,O004306,P0053,2,65.21,0.05,123.9
10047,O004306,P0055,1,721.06,0.1,648.95
10048,O004306,P0084,1,451.58,0.0,451.58
10049,O004307,P0054,1,59.01,0.0,59.01
10050,O004308,P0005,3,383.16,0.05,1092.01
10051,O004309,P0065,1,106.17,0.1,95.55
10052,O004309,P0077,1,277.07,0.0,277.07
10053,O004311,P0043,1,950.44,0.1,855.4
10054,O004311,P0067,3,234.39,0.0,703.17
10055,O004311,P0008,1,2420.36,0.05,2299.34
10056,O004311,P0084,1,474.26,0.0,474.26
10057,O004312,P0044,2,1062.23,0.15,1805.79
10058,O004312,P0039,2,686.72,0.0,1373.44
10059,O004312,P0053,3,67.22,0.05,191.58
10060,O004312,P0032,1,128.08,0.0,128.08
10061,O004313,P0020,2,2554.44,0.0,5108.88
10062,O004313,P0054,3,61.68,0.15,157.28
10063,O004313,P0032,2,123.52,0.0,247.04
10064,O004314,P0034,1,296.28,0.05,281.47
10065,O004315,P0054,3,62.46,0.05,178.01
10066,O004315,P0003,2,4639.5,0.0,9279.0
10067,O004316,P0020,1,2329.6,0.0,2329.6
10068,O004317,P0032,1,124.63,0.15,105.94
10069,O004317,P0063,3,107.93,0.0,323.79
10070,O004318,P0039,3,716.19,0.0,2148.57
10071,O004318,P0080,5,123.65,0.0,618.25
10072,O004318,P0003,1,4515.9,0.0,4515.9
10073,O004318,P0071,2,51.0,0.0,102.0
10074,O004319,P0077,2,309.32,0.15,525.84
10075,O004319,P0080,3,119.88,0.0,359.64
10076,O004319,P0009,1,2035.71,0.2,1628.57
10077,O004320,P0005,3,419.17,0.0,1257.51
10078,O004320,P0045,1,1009.54,0.0,1009.54
10079,O004320,P0016,1,3241.69,0.0,3241.69
10080,O004320,P0050,1,326.74,0.05,310.4
10081,O004321,P0008,1,2293.29,0.0,2293.29
10082,O004322,P0077,1,299.19,0.15,254.31
10083,O004322,P0050,3,295.06,0.0,885.18
10084,O004322,P0016,2,3124.36,0.0,6248.72
10085,O004323,P0056,3,956.52,0.0,2869.56
10086,O004323,P0034,3,327.11,0.0,981.33
10087,O004323,P0045,2,1045.08,0.0,2090.16
10088,O004324,P0084,1,469.0,0.0,469.0
10089,O004324,P0077,3,309.72,0.1,836.24
10090,O004325,P0005,3,390.71,0.0,1172.13
10091,O004326,P0009,1,2257.79,0.0,2257.79
10092,O004327,P0055,2,801.49,0.0,1602.98
10093,O004327,P0084,2,455.66,0.1,820.19
10094,O004327,P0003,1,4880.36,0.05,4636.34
10095,O004328,P0038,3,597.84,0.15,1524.49
10096,O004329,P0039,3,674.65,0.0,2023.95
10097,O004331,P0080,2,114.34,0.2,182.94
10098,O004332,P0077,3,301.93,0.0,905.79
10099,O004332,P0080,3,124.71,0.0,374.13
10100,O004332,P0039,1,756.73,0.0,756.73
10101,O004333,P0061,1,125.52,0.05,119.24
10102,O004333,P0016,1,3390.83,0.0,3390.83
10103,O004334,P0054,1,57.13,0.1,51.42
10104,O004335,P0086,1,213.1,0.15,181.14
10105,O004335,P0016,2,3649.58,0.0,7299.16
10106,O004335,P0029,2,2149.74,0.0,4299.48
10107,O004335,P0058,5,105.15,0.0,525.75
10108,O004336,P0020,2,2603.6,0.1,4686.48
10109,O004336,P0063,4,118.12,0.0,472.48
10110,O004336,P0012,5,122.74,0.0,613.7
10111,O004337,P0030,1,2361.59,0.0,2361.59
10112,O004337,P0084,1,528.68,0.0,528.68
10113,O004337,P0071,3,50.95,0.1,137.57
10114,O004338,P0054,3,57.61,0.05,164.19
10115,O004338,P0039,1,658.02,0.15,559.32
10116,O004338,P0005,2,413.8,0.15,703.46
10117,O004339,P0061,3,122.05,0.0,366.15
10118,O004339,P0054,4,61.47,0.0,245.88
10119,O004340,P0020,2,2370.73,0.2,3793.17
10120,O004341,P0077,2,307.38,0.0,614.76
10121,O004341,P0087,5,204.2,0.05,969.95
10122,O004342,P0067,3,252.07,0.05,718.4
10123,O004342,P0054,4,62.28,0.05,236.66
10124,O004343,P0055,3,770.99,0.0,2312.97
10125,O004343,P0012,3,127.9,0.0,383.7
10126,O004343,P0087,4,192.78,0.1,694.01
10127,O004343,P0020,2,2316.08,0.1,4168.94
10128,O004344,P0039,2,728.59,0.0,1457.18
10129,O004344,P0020,1,2522.04,0.0,2522.04
10130,O004344,P0080,3,121.8,0.1,328.86
10131,O004344,P0058,1,115.64,0.05,109.86
10132,O004346,P0028,1,2538.69,0.05,2411.76
10133,O004346,P0045,2,1062.69,0.05,2019.11
10134,O004347,P0077,2,287.89,0.05,546.99
10135,O004348,P0020,2,2498.37,0.0,4996.74
10136,O004349,P0053,2,69.92,0.05,132.85
10137,O004349,P0039,1,686.15,0.0,686.15
10138,O004349,P0054,2,65.18,0.0,130.36
10139,O004350,P0012,3,126.69,0.0,380.07
10140,O004350,P0016,1,3183.63,0.0,3183.63
10141,O004352,P0032,3,113.04,0.0,339.12
10142,O004352,P0062,2,135.86,0.0,271.72
10143,O004352,P0005,2,394.19,0.2,630.7
10144,O004353,P0034,2,306.24,0.0,612.48
10145,O004353,P0005,3,389.34,0.0,1168.02
10146,O004353,P0080,5,123.1,0.0,615.5
10147,O004354,P0005,3,396.24,0.1,1069.85
10148,O004355,P0047,1,83.46,0.0,83.46
10149,O004356,P0084,2,511.82,0.0,1023.64
10150,O004356,P0065,2,96.82,0.1,174.28
10151,O004356,P0052,1,59.92,0.0,59.92
10152,O004357,P0020,1,2351.12,0.2,1880.9
10153,O004357,P0033,4,121.09,0.1,435.92
10154,O004357,P0080,3,119.66,0.1,323.08
10155,O004358,P0013,2,1519.4,0.05,2886.86
10156,O004358,P0054,3,62.15,0.15,158.48
10157,O004359,P0084,3,460.75,0.0,1382.25
10158,O004360,P0040,3,408.23,0.0,1224.69
10159,O004360,P0067,2,262.07,0.0,524.14
10160,O004360,P0039,1,757.67,0.0,757.67
10161,O004362,P0080,4,124.49,0.0,497.96
10162,O004362,P0084,3,470.26,0.1,1269.7
10163,O004362,P0039,1,712.64,0.0,712.64
10164,O004362,P0008,1,2422.44,0.0,2422.44
10165,O004363,P0054,5,58.81,0.05,279.35
10166,O004363,P0032,1,116.09,0.0,116.09
10167,O004363,P0073,3,76.47,0.0,229.41
10168,O004363,P0052,5,57.07,0.0,285.35
10169,O004364,P0012,1,118.05,0.0,118.05
10170,O004364,P0003,1,4421.09,0.0,4421.09
10171,O004365,P0005,2,384.31,0.0,768.62
10172,O004365,P0084,1,517.33,0.0,517.33
10173,O004366,P0025,2,301.97,0.0,603.94
10174,O004367,P0037,3,682.97,0.05,1946.46
10175,O004367,P0032,2,124.0,0.0,248.0
10176,O004367,P0054,4,59.54,0.0,238.16
10177,O004368,P0020,2,2491.55,0.0,4983.1
10178,O004368,P0012,2,116.96,0.0,233.92
10179,O004369,P0054,4,56.51,0.0,226.04
10180,O004369,P0039,1,674.77,0.1,607.29
10181,O004370,P0032,2,119.26,0.0,238.52
10182,O004370,P0034,3,296.17,0.0,888.51
10183,O004370,P0058,1,106.06,0.0,106.06
10184,O004371,P0071,4,53.0,0.2,169.6
10185,O004371,P0034,3,310.52,0.0,931.56
10186,O004372,P0005,1,399.63,0.05,379.65
10187,O004372,P0009,2,1979.35,0.0,3958.7
10188,O004372,P0020,2,2614.24,0.0,5228.48
10189,O004373,P0030,2,2514.87,0.1,4526.77
10190,O004373,P0023,1,2844.7,0.0,2844.7
10191,O004373,P0039,2,716.69,0.05,1361.71
10192,O004373,P0071,3,53.38,0.1,144.13
10193,O004374,P0037,3,755.84,0.1,2040.77
10194,O004374,P0050,2,280.41,0.05,532.78
10195,O004375,P0039,3,755.25,0.0,2265.75
10196,O004375,P0005,1,422.99,0.05,401.84
10197,O004376,P0077,2,299.25,0.0,598.5
10198,O004377,P0012,1,126.65,0.05,120.32
10199,O004377,P0058,2,109.5,0.05,208.05
10200,O004378,P0039,3,753.84,0.0,2261.52
10201,O004378,P0005,2,402.67,0.1,724.81
10202,O004378,P0073,2,74.81,0.1,134.66
10203,O004379,P0020,2,2262.54,0.05,4298.83
10204,O004379,P0007,2,2327.49,0.0,4654.98
10205,O004379,P0030,1,2534.27,0.0,2534.27
10206,O004379,P0080,4,121.34,0.0,485.36
10207,O004380,P0058,4,106.3,0.1,382.68
10208,O004380,P0040,3,463.02,0.0,1389.06
10209,O004381,P0052,5,63.93,0.0,319.65
10210,O004384,P0020,2,2339.86,0.0,4679.72
10211,O004384,P0045,1,1075.61,0.0,1075.61
10212,O004384,P0055,1,756.73,0.0,756.73
10213,O004385,P0009,1,1923.25,0.0,1923.25
10214,O004385,P0058,2,100.94,0.0,201.88
10215,O004385,P0062,4,136.01,0.0,544.04
10216,O004385,P0034,1,321.55,0.0,321.55
10217,O004386,P0071,4,49.95,0.0,199.8
10218,O004387,P0013,3,1529.32,0.0,4587.96
10219,O004388,P0077,2,287.15,0.15,488.16
10220,O004388,P0064,1,95.67,0.15,81.32
10221,O004388,P0073,3,74.8,0.05,213.18
10222,O004389,P0079,3,133.94,0.05,381.73
10223,O004389,P0073,1,67.3,0.0,67.3
10224,O004389,P0045,3,1069.54,0.1,2887.76
10225,O004390,P0053,2,62.65,0.1,112.77
10226,O004391,P0015,3,1482.98,0.1,4004.05
10227,O004391,P0067,4,262.21,0.0,1048.84
10228,O004391,P0034,2,287.75,0.0,575.5
10229,O004391,P0045,3,1034.66,0.0,3103.98
10230,O004392,P0040,1,440.83,0.0,440.83
10231,O004392,P0016,1,3112.06,0.05,2956.46
10232,O004393,P0012,3,120.62,0.15,307.58
10233,O004393,P0008,1,2554.99,0.05,2427.24
10234,O004395,P0087,2,183.31,0.0,366.62
10235,O004395,P0080,5,126.11,0.0,630.55
10236,O004396,P0008,2,2327.33,0.05,4421.93
10237,O004396,P0043,3,965.34,0.0,2896.02
10238,O004396,P0067,3,230.55,0.0,691.65
10239,O004396,P0071,4,49.98,0.0,199.92
10240,O004397,P0009,1,1981.28,0.0,1981.28
10241,O004397,P0058,4,116.63,0.0,466.52
10242,O004397,P0008,2,2450.02,0.0,4900.04
10243,O004397,P0054,5,64.62,0.0,323.1
10244,O004398,P0013,2,1497.72,0.0,2995.44
10245,O004398,P0049,3,307.69,0.0,923.07
10246,O004398,P0052,1,65.61,0.15,55.77
10247,O004398,P0002,1,4143.04,0.05,3935.89
10248,O004399,P0008,2,2299.0,0.0,4598.0
10249,O004400,P0086,4,212.09,0.0,848.36
10250,O004400,P0020,1,2464.77,0.05,2341.53
10251,O004400,P0032,4,124.39,0.0,497.56
10252,O004400,P0045,3,1068.31,0.0,3204.93
10253,O004401,P0084,3,524.7,0.05,1495.4
10254,O004402,P0037,3,756.58,0.15,1929.28
10255,O004402,P0080,4,112.92,0.05,429.1
10256,O004402,P0005,3,408.73,0.0,1226.19
10257,O004402,P0043,2,920.08,0.0,1840.16
10258,O004403,P0055,3,779.57,0.0,2338.71
10259,O004403,P0058,1,108.72,0.1,97.85
10260,O004404,P0005,3,410.78,0.05,1170.72
10261,O004404,P0020,1,2282.15,0.0,2282.15
10262,O004404,P0084,2,454.15,0.0,908.3
10263,O004405,P0043,2,970.33,0.05,1843.63
10264,O004405,P0032,2,128.14,0.0,256.28
10265,O004405,P0054,5,63.19,0.0,315.95
10266,O004405,P0064,2,99.85,0.0,199.7
10267,O004406,P0039,3,714.46,0.05,2036.21
10268,O004406,P0020,1,2580.19,0.05,2451.18
10269,O004407,P0071,4,53.89,0.0,215.56
10270,O004407,P0008,2,2379.99,0.0,4759.98
10271,O004407,P0032,5,113.05,0.1,508.72
10272,O004408,P0087,5,199.42,0.0,997.1
10273,O004408,P0071,1,49.27,0.05,46.81
10274,O004408,P0026,3,294.17,0.05,838.38
10275,O004409,P0054,5,57.0,0.0,285.0
10276,O004409,P0045,2,1066.58,0.0,2133.16
10277,O004409,P0025,3,297.44,0.1,803.09
10278,O004409,P0084,1,513.11,0.0,513.11
10279,O004410,P0079,2,134.08,0.15,227.94
10280,O004410,P0080,2,126.46,0.1,227.63
10281,O004410,P0020,2,2464.65,0.2,3943.44
10282,O004410,P0084,2,503.68,0.15,856.26
10283,O004411,P0054,5,65.7,0.1,295.65
10284,O004412,P0048,2,106.51,0.0,213.02
10285,O004412,P0044,3,1011.05,0.0,3033.15
10286,O004412,P0033,5,119.87,0.0,599.35
10287,O004412,P0045,3,1079.55,0.15,2752.85
10288,O004413,P0016,2,3114.75,0.0,6229.5
10289,O004413,P0080,2,121.09,0.0,242.18
10290,O004413,P0054,2,60.51,0.15,102.87
10291,O004414,P0084,2,521.62,0.0,1043.24
10292,O004415,P0080,2,113.88,0.0,227.76
10293,O004415,P0050,1,294.71,0.0,294.71
10294,O004416,P0054,4,61.96,0.2,198.27
10295,O004416,P0044,2,978.03,0.0,1956.06
10296,O004416,P0020,2,2398.44,0.0,4796.88
10297,O004417,P0020,1,2284.45,0.0,2284.45
10298,O004417,P0079,3,132.36,0.2,317.66
10299,O004417,P0048,4,96.01,0.0,384.04
10300,O004419,P0077,1,284.21,0.0,284.21
10301,O004419,P0012,2,131.97,0.0,263.94
10302,O004419,P0058,4,114.42,0.0,457.68
10303,O004420,P0080,1,124.96,0.0,124.96
10304,O004420,P0025,1,285.33,0.05,271.06
10305,O004420,P0077,1,293.28,0.05,278.62
10306,O004420,P0082,2,467.18,0.0,934.36
10307,O004421,P0084,3,453.91,0.0,1361.73
10308,O004422,P0045,2,987.81,0.0,1975.62
10309,O004423,P0008,1,2482.01,0.1,2233.81
10310,O004424,P0020,2,2521.41,0.0,5042.82
10311,O004424,P0016,2,3553.81,0.0,7107.62
10312,O004425,P0054,1,62.96,0.0,62.96
10313,O004425,P0055,2,794.05,0.2,1270.48
10314,O004426,P0039,2,698.66,0.0,1397.32
10315,O004426,P0008,2,2211.33,0.15,3759.26
10316,O004427,P0067,5,255.7,0.0,1278.5
10317,O004427,P0026,3,319.79,0.05,911.4
10318,O004428,P0080,2,127.96,0.05,243.12
10319,O004429,P0005,1,380.27,0.2,304.22
10320,O004429,P0012,2,128.86,0.0,257.72
10321,O004429,P0020,2,2521.55,0.0,5043.1
10322,O004429,P0008,1,2527.0,0.2,2021.6
10323,O004430,P0025,3,302.61,0.0,907.83
10324,O004430,P0080,2,118.15,0.1,212.67
10325,O004430,P0022,2,3289.14,0.0,6578.28
10326,O004431,P0023,2,3107.17,0.0,6214.34
10327,O004431,P0011,1,139.0,0.15,118.15
10328,O004431,P0032,3,116.32,0.0,348.96
10329,O004432,P0054,2,56.52,0.0,113.04
10330,O004432,P0008,2,2341.16,0.0,4682.32
10331,O004433,P0039,2,671.63,0.0,1343.26
10332,O004433,P0013,3,1415.9,0.05,4035.32
10333,O004434,P0020,1,2567.11,0.05,2438.75
10334,O004435,P0063,1,111.77,0.1,100.59
10335,O004436,P0034,1,304.39,0.15,258.73
10336,O004437,P0039,3,691.32,0.1,1866.56
10337,O004437,P0045,2,1079.38,0.0,2158.76
10338,O004437,P0020,2,2373.71,0.05,4510.05
10339,O004439,P0005,3,396.46,0.0,1189.38
10340,O004439,P0015,2,1304.14,0.1,2347.45
10341,O004439,P0084,2,488.38,0.0,976.76
10342,O004440,P0016,2,3254.93,0.0,6509.86
10343,O004440,P0020,1,2566.2,0.0,2566.2
10344,O004440,P0021,2,2379.79,0.0,4759.58
10345,O004441,P0020,2,2399.34,0.05,4558.75
10346,O004441,P0077,1,279.78,0.0,279.78
10347,O004441,P0008,1,2299.28,0.05,2184.32
10348,O004441,P0016,1,3652.74,0.0,3652.74
10349,O004442,P0055,2,792.05,0.0,1584.1
10350,O004443,P0032,5,117.91,0.05,560.07
10351,O004443,P0005,1,392.36,0.0,392.36
10352,O004443,P0039,1,667.2,0.1,600.48
10353,O004444,P0020,2,2289.72,0.0,4579.44
10354,O004444,P0039,2,750.0,0.15,1275.0
10355,O004444,P0016,2,3367.03,0.0,6734.06
10356,O004444,P0009,2,2093.94,0.0,4187.88
10357,O004445,P0039,3,750.06,0.2,1800.14
10358,O004445,P0063,2,118.69,0.0,237.38
10359,O004445,P0087,5,198.1,0.2,792.4
10360,O004445,P0058,1,103.88,0.1,93.49
10361,O004446,P0008,2,2409.2,0.0,4818.4
10362,O004446,P0058,4,100.54,0.05,382.05
10363,O004447,P0044,1,936.29,0.0,936.29
10364,O004447,P0054,1,63.16,0.0,63.16
10365,O004447,P0020,2,2344.22,0.15,3985.17
10366,O004448,P0084,1,517.62,0.15,439.98
10367,O004448,P0003,2,4957.52,0.2,7932.03
10368,O004448,P0048,3,97.18,0.0,291.54
10369,O004449,P0039,3,728.13,0.0,2184.39
10370,O004450,P0050,1,299.37,0.0,299.37
10371,O004450,P0020,1,2425.69,0.1,2183.12
10372,O004451,P0008,1,2277.11,0.1,2049.4
10373,O004451,P0048,5,99.08,0.0,495.4
10374,O004451,P0080,2,119.58,0.15,203.29
10375,O004452,P0054,4,59.6,0.0,238.4
10376,O004453,P0020,2,2271.93,0.0,4543.86
10377,O004453,P0056,1,886.27,0.0,886.27
10378,O004454,P0071,5,53.35,0.05,253.41
10379,O004454,P0054,4,58.31,0.05,221.58
10380,O004455,P0087,5,189.04,0.0,945.2
10381,O004455,P0040,3,463.79,0.05,1321.8
10382,O004456,P0005,2,420.93,0.0,841.86
10383,O004456,P0048,1,108.04,0.05,102.64
10384,O004456,P0032,5,120.27,0.05,571.28
10385,O004457,P0084,2,468.39,0.0,936.78
10386,O004458,P0087,4,205.98,0.05,782.72
10387,O004458,P0016,2,3492.01,0.05,6634.82
10388,O004458,P0080,4,113.88,0.2,364.42
10389,O004459,P0023,2,3018.88,0.1,5433.98
10390,O004459,P0039,3,666.03,0.0,1998.09
10391,O004459,P0032,3,112.61,0.0,337.83
10392,O004460,P0086,2,200.92,0.0,401.84
10393,O004460,P0020,2,2301.15,0.1,4142.07
10394,O004461,P0054,3,56.31,0.0,168.93
10395,O004462,P0013,3,1321.53,0.15,3369.9
10396,O004462,P0087,3,197.8,0.15,504.39
10397,O004463,P0020,1,2398.01,0.05,2278.11
10398,O004463,P0084,3,525.88,0.15,1340.99
10399,O004464,P0054,4,60.44,0.0,241.76
10400,O004465,P0022,2,3399.91,0.0,6799.82
10401,O004465,P0020,1,2436.0,0.0,2436.0
10402,O004465,P0025,1,306.69,0.0,306.69
10403,O004466,P0012,5,126.78,0.05,602.2
10404,O004466,P0034,3,293.22,0.1,791.69
10405,O004466,P0015,3,1460.15,0.0,4380.45
10406,O004467,P0020,2,2388.08,0.1,4298.54
10407,O004468,P0030,1,2372.71,0.1,2135.44
10408,O004468,P0077,2,297.37,0.05,565.0
10409,O004468,P0084,2,469.58,0.0,939.16
10410,O004469,P0016,1,3187.68,0.1,2868.91
10411,O004469,P0053,5,69.24,0.2,276.96
10412,O004469,P0020,1,2555.31,0.0,2555.31
10413,O004470,P0025,3,282.93,0.05,806.35
10414,O004470,P0045,2,973.9,0.0,1947.8
10415,O004471,P0005,2,411.11,0.0,822.22
10416,O004471,P0034,1,328.27,0.05,311.86
10417,O004472,P0080,4,115.33,0.05,438.25
10418,O004473,P0008,2,2394.88,0.0,4789.76
10419,O004473,P0012,2,120.61,0.0,241.22
10420,O004474,P0048,3,107.2,0.05,305.52
10421,O004474,P0084,3,496.26,0.05,1414.34
10422,O004474,P0087,2,190.2,0.0,380.4
10423,O004475,P0071,3,52.49,0.0,157.47
10424,O004475,P0012,3,121.65,0.0,364.95
10425,O004475,P0080,1,127.04,0.0,127.04
10426,O004476,P0055,2,810.88,0.1,1459.58
10427,O004476,P0053,3,69.88,0.0,209.64
10428,O004478,P0084,3,485.33,0.0,1455.99
10429,O004478,P0020,1,2547.82,0.05,2420.43
10430,O004479,P0032,5,112.99,0.0,564.95
10431,O004479,P0020,2,2612.91,0.0,5225.82
10432,O004480,P0022,2,3306.55,0.05,6282.44
10433,O004481,P0032,5,122.66,0.0,613.3
10434,O004481,P0071,5,51.57,0.05,244.96
10435,O004481,P0084,1,517.43,0.0,517.43
10436,O004482,P0077,1,270.09,0.0,270.09
10437,O004483,P0020,1,2367.02,0.0,2367.02
10438,O004483,P0012,3,114.84,0.2,275.62
10439,O004483,P0050,1,293.63,0.1,264.27
10440,O004484,P0058,4,108.85,0.1,391.86
10441,O004484,P0015,2,1288.62,0.0,2577.24
10442,O004484,P0020,2,2515.01,0.0,5030.02
10443,O004484,P0034,2,324.59,0.05,616.72
10444,O004485,P0058,1,102.54,0.15,87.16
10445,O004485,P0020,2,2344.08,0.0,4688.16
10446,O004486,P0054,1,59.92,0.05,56.92
10447,O004487,P0034,3,299.86,0.0,899.58
10448,O004487,P0080,1,119.52,0.0,119.52
10449,O004487,P0057,3,930.45,0.1,2512.22
10450,O004487,P0020,1,2435.09,0.05,2313.34
10451,O004488,P0011,2,128.66,0.0,257.32
10452,O004489,P0052,1,62.07,0.0,62.07
10453,O004489,P0016,2,3161.64,0.0,6323.28
10454,O004489,P0054,5,64.77,0.0,323.85
10455,O004490,P0050,2,297.03,0.0,594.06
10456,O004490,P0008,2,2481.9,0.0,4963.8
10457,O004490,P0014,2,1343.34,0.05,2552.35
10458,O004491,P0045,2,1053.4,0.1,1896.12
10459,O004491,P0071,1,54.01,0.15,45.91
10460,O004491,P0084,1,509.84,0.0,509.84
10461,O004491,P0032,3,116.37,0.15,296.74
10462,O004492,P0039,3,761.12,0.0,2283.36
10463,O004492,P0011,4,125.08,0.1,450.29
10464,O004494,P0020,1,2567.94,0.05,2439.54
10465,O004495,P0055,3,735.37,0.0,2206.11
10466,O004495,P0058,1,101.5,0.1,91.35
10467,O004495,P0032,2,120.24,0.0,240.48
10468,O004496,P0067,2,233.48,0.0,466.96
10469,O004496,P0005,2,378.07,0.05,718.33
10470,O004496,P0012,1,128.88,0.05,122.44
10471,O004496,P0084,1,468.79,0.0,468.79
10472,O004497,P0054,3,61.31,0.0,183.93
10473,O004497,P0058,5,103.82,0.05,493.14
10474,O004498,P0054,1,65.32,0.15,55.52
10475,O004499,P0039,2,724.05,0.0,1448.1
10476,O004499,P0020,1,2595.64,0.0,2595.64
10477,O004499,P0022,1,3255.63,0.0,3255.63
10478,O004499,P0028,2,2609.65,0.0,5219.3
10479,O004500,P0020,1,2303.18,0.0,2303.18
10480,O004500,P0039,1,689.35,0.05,654.88
10481,O004501,P0032,2,121.87,0.0,243.74
10482,O004501,P0025,2,301.39,0.0,602.78
10483,O004502,P0008,2,2364.13,0.0,4728.26
10484,O004502,P0056,1,877.83,0.0,877.83
10485,O004502,P0074,1,72.34,0.2,57.87
10486,O004502,P0084,3,513.18,0.0,1539.54
10487,O004503,P0008,2,2544.34,0.0,5088.68
10488,O004503,P0028,2,2436.49,0.0,4872.98
10489,O004503,P0044,3,954.74,0.1,2577.8
10490,O004503,P0012,3,122.06,0.0,366.18
10491,O004504,P0084,3,499.93,0.0,1499.79
10492,O004504,P0021,1,2447.79,0.0,2447.79
10493,O004504,P0071,4,50.23,0.1,180.83
10494,O004504,P0003,1,4962.49,0.0,4962.49
10495,O004505,P0020,1,2350.82,0.1,2115.74
10496,O004505,P0073,2,73.19,0.0,146.38
10497,O004505,P0080,5,114.25,0.1,514.12
10498,O004505,P0013,2,1486.72,0.05,2824.77
10499,O004506,P0086,4,202.3,0.0,809.2
10500,O004506,P0020,1,2627.96,0.0,2627.96
10501,O004507,P0002,2,4317.33,0.0,8634.66
10502,O004507,P0045,3,1031.63,0.0,3094.89
10503,O004507,P0003,2,4301.27,0.05,8172.41
10504,O004508,P0025,2,289.81,0.0,579.62
10505,O004508,P0084,1,490.7,0.1,441.63
10506,O004508,P0011,1,138.04,0.0,138.04
10507,O004509,P0005,3,393.4,0.0,1180.2
10508,O004509,P0084,2,475.64,0.0,951.28
10509,O004510,P0020,2,2296.85,0.0,4593.7
10510,O004511,P0044,3,925.97,0.05,2639.01
10511,O004511,P0084,2,465.4,0.05,884.26
10512,O004512,P0032,1,120.98,0.0,120.98
10513,O004513,P0021,2,2510.13,0.05,4769.25
10514,O004514,P0004,1,348.63,0.15,296.34
10515,O004515,P0053,4,66.69,0.1,240.08
10516,O004515,P0080,4,120.02,0.0,480.08
10517,O004515,P0087,1,188.87,0.0,188.87
10518,O004516,P0054,2,59.34,0.05,112.75
10519,O004516,P0002,1,4071.37,0.0,4071.37
10520,O004517,P0039,3,702.68,0.0,2108.04
10521,O004517,P0058,2,101.12,0.0,202.24
10522,O004517,P0050,1,323.84,0.05,307.65
10523,O004518,P0020,1,2518.7,0.05,2392.76
10524,O004519,P0087,3,205.2,0.05,584.82
10525,O004519,P0039,3,751.19,0.0,2253.57
10526,O004519,P0045,1,1069.54,0.0,1069.54
10527,O004519,P0057,2,944.4,0.0,1888.8
10528,O004520,P0080,4,131.75,0.15,447.95
10529,O004520,P0039,3,655.58,0.0,1966.74
10530,O004520,P0020,1,2278.16,0.0,2278.16
10531,O004521,P0020,1,2469.35,0.0,2469.35
10532,O004521,P0040,1,454.68,0.0,454.68
10533,O004521,P0045,2,1100.45,0.0,2200.9
10534,O004522,P0045,3,1077.51,0.15,2747.65
10535,O004523,P0073,1,74.67,0.0,74.67
10536,O004524,P0071,3,49.94,0.0,149.82
10537,O004525,P0020,1,2434.56,0.0,2434.56
10538,O004526,P0020,1,2279.79,0.0,2279.79
10539,O004526,P0084,2,494.15,0.0,988.3
10540,O004526,P0034,1,306.64,0.0,306.64
10541,O004526,P0039,1,691.26,0.0,691.26
10542,O004527,P0064,5,104.06,0.0,520.3
10543,O004528,P0020,1,2435.52,0.1,2191.97
10544,O004528,P0016,2,3341.2,0.0,6682.4
10545,O004528,P0012,1,117.58,0.15,99.94
10546,O004528,P0013,1,1350.81,0.0,1350.81
10547,O004529,P0039,2,680.2,0.0,1360.4
10548,O004529,P0020,2,2616.75,0.0,5233.5
10549,O004529,P0080,1,127.94,0.0,127.94
10550,O004529,P0087,4,208.95,0.0,835.8
10551,O004530,P0077,1,306.3,0.1,275.67
10552,O004530,P0071,3,50.59,0.0,151.77
10553,O004533,P0030,1,2339.91,0.0,2339.91
10554,O004534,P0061,2,129.03,0.1,232.25
10555,O004535,P0003,2,4900.08,0.0,9800.16
10556,O004535,P0045,2,976.36,0.0,1952.72
10557,O004535,P0008,1,2331.25,0.0,2331.25
10558,O004536,P0045,3,1002.25,0.1,2706.08
10559,O004536,P0008,2,2313.66,0.05,4395.95
10560,O004536,P0065,5,96.59,0.0,482.95
10561,O004537,P0032,4,121.06,0.0,484.24
10562,O004537,P0020,1,2315.19,0.0,2315.19
10563,O004538,P0039,2,761.82,0.0,1523.64
10564,O004539,P0004,3,395.11,0.0,1185.33
10565,O004539,P0020,2,2392.82,0.0,4785.64
10566,O004539,P0034,2,328.92,0.0,657.84
10567,O004540,P0037,2,684.43,0.15,1163.53
10568,O004540,P0008,2,2539.8,0.0,5079.6
10569,O004540,P0039,1,670.57,0.0,670.57
10570,O004540,P0032,4,128.87,0.0,515.48
10571,O004541,P0020,1,2303.28,0.15,1957.79
10572,O004542,P0058,3,116.39,0.0,349.17
10573,O004542,P0022,2,3087.98,0.15,5249.57
10574,O004543,P0032,3,124.58,0.0,373.74
10575,O004543,P0020,2,2616.96,0.15,4448.83
10576,O004543,P0018,2,3387.93,0.0,6775.86
10577,O004544,P0080,4,119.84,0.0,479.36
10578,O004544,P0020,1,2526.35,0.0,2526.35
10579,O004545,P0039,2,761.87,0.0,1523.74
10580,O004545,P0012,3,124.38,0.1,335.83
10581,O004545,P0050,3,326.69,0.1,882.06
10582,O004545,P0008,2,2490.12,0.1,4482.22
10583,O004546,P0045,2,1098.71,0.0,2197.42
10584,O004546,P0030,2,2514.0,0.05,4776.6
10585,O004546,P0020,2,2253.63,0.0,4507.26
10586,O004547,P0058,1,107.45,0.0,107.45
10587,O004547,P0020,2,2422.78,0.0,4845.56
10588,O004548,P0005,3,399.38,0.1,1078.33
10589,O004548,P0080,5,116.27,0.0,581.35
10590,O004548,P0071,2,53.8,0.05,102.22
10591,O004549,P0008,1,2231.04,0.0,2231.04
10592,O004549,P0087,3,178.01,0.0,534.03
10593,O004549,P0012,3,129.06,0.15,329.1
10594,O004550,P0038,3,600.41,0.05,1711.17
10595,O004550,P0054,2,61.54,0.0,123.08
10596,O004551,P0071,1,51.24,0.0,51.24
10597,O004551,P0084,2,473.32,0.0,946.64
10598,O004551,P0020,1,2349.51,0.05,2232.03
10599,O004553,P0080,3,119.42,0.0,358.26
10600,O004553,P0008,1,2214.62,0.0,2214.62
10601,O004554,P0020,1,2614.94,0.0,2614.94
10602,O004554,P0021,2,2619.76,0.0,5239.52
10603,O004554,P0032,3,117.97,0.0,353.91
10604,O004555,P0012,5,120.04,0.1,540.18
10605,O004556,P0020,2,2273.26,0.1,4091.87
10606,O004556,P0048,4,99.81,0.0,399.24
10607,O004557,P0054,2,62.56,0.1,112.61
10608,O004557,P0008,1,2451.48,0.0,2451.48
10609,O004558,P0020,1,2593.27,0.1,2333.94
10610,O004558,P0039,1,714.17,0.0,714.17
10611,O004558,P0008,2,2435.02,0.05,4626.54
10612,O004559,P0021,2,2413.26,0.0,4826.52
10613,O004559,P0032,2,116.47,0.0,232.94
10614,O004559,P0080,2,126.79,0.0,253.58
10615,O004560,P0050,2,305.65,0.0,611.3
10616,O004560,P0077,3,304.8,0.0,914.4
10617,O004560,P0054,5,58.14,0.05,276.16
10618,O004561,P0052,3,65.32,0.0,195.96
10619,O004561,P0034,1,296.96,0.1,267.26
10620,O004562,P0084,3,466.79,0.05,1330.35
10621,O004563,P0073,1,69.89,0.05,66.4
10622,O004563,P0058,1,99.84,0.0,99.84
10623,O004564,P0008,1,2439.14,0.2,1951.31
10624,O004564,P0080,2,129.09,0.0,258.18
10625,O004564,P0039,1,759.4,0.05,721.43
10626,O004565,P0015,1,1344.06,0.2,1075.25
10627,O004565,P0052,4,64.62,0.0,258.48
10628,O004566,P0071,2,57.31,0.0,114.62
10629,O004566,P0008,2,2276.05,0.05,4324.5
10630,O004566,P0039,1,742.48,0.0,742.48
10631,O004566,P0032,3,120.23,0.0,360.69
10632,O004567,P0045,1,1034.76,0.15,879.55
10633,O004567,P0080,2,124.41,0.0,248.82
10634,O004567,P0057,2,854.65,0.1,1538.37
10635,O004567,P0077,3,294.33,0.0,882.99
10636,O004568,P0050,2,327.76,0.0,655.52
10637,O004568,P0080,2,125.05,0.1,225.09
10638,O004568,P0012,5,114.64,0.05,544.54
10639,O004568,P0013,2,1416.01,0.0,2832.02
10640,O004569,P0020,2,2259.28,0.15,3840.78
10641,O004570,P0058,4,109.52,0.0,438.08
10642,O004571,P0005,3,430.53,0.1,1162.43
10643,O004571,P0065,3,98.52,0.15,251.23
10644,O004572,P0058,5,109.19,0.0,545.95
10645,O004572,P0080,4,116.24,0.0,464.96
10646,O004572,P0005,1,434.46,0.0,434.46
10647,O004572,P0002,1,4428.08,0.0,4428.08
10648,O004573,P0045,2,979.97,0.1,1763.95
10649,O004573,P0077,1,269.96,0.0,269.96
10650,O004573,P0005,2,380.7,0.0,761.4
10651,O004573,P0039,2,755.03,0.05,1434.56
10652,O004574,P0020,2,2546.87,0.0,5093.74
10653,O004574,P0008,1,2464.35,0.1,2217.92
10654,O004575,P0045,3,944.49,0.2,2266.78
10655,O004575,P0020,2,2246.78,0.0,4493.56
10656,O004575,P0054,4,61.96,0.1,223.06
10657,O004575,P0047,4,83.95,0.05,319.01
10658,O004576,P0045,2,953.66,0.0,1907.32
10659,O004576,P0039,3,714.54,0.0,2143.62
10660,O004576,P0054,1,61.98,0.0,61.98
10661,O004577,P0039,3,745.45,0.1,2012.72
10662,O004577,P0045,3,1047.63,0.0,3142.89
10663,O004577,P0053,1,64.56,0.0,64.56
10664,O004577,P0031,4,121.47,0.2,388.7
10665,O004578,P0011,4,143.64,0.15,488.38
10666,O004579,P0033,2,114.32,0.0,228.64
10667,O004579,P0008,2,2519.42,0.15,4283.01
10668,O004579,P0077,2,299.42,0.0,598.84
10669,O004580,P0045,2,956.34,0.0,1912.68
10670,O004581,P0020,2,2438.1,0.1,4388.58
10671,O004581,P0071,5,49.38,0.0,246.9
10672,O004581,P0055,3,797.29,0.2,1913.5
10673,O004582,P0032,1,124.58,0.0,124.58
10674,O004582,P0050,2,311.76,0.05,592.34
10675,O004582,P0087,3,182.83,0.0,548.49
10676,O004582,P0044,2,1013.4,0.0,2026.8
10677,O004583,P0005,3,384.36,0.2,922.46
10678,O004583,P0080,5,123.81,0.0,619.05
10679,O004583,P0077,3,274.16,0.0,822.48
10680,O004583,P0040,1,432.33,0.0,432.33
10681,O004584,P0084,2,471.96,0.2,755.14
10682,O004584,P0071,2,52.21,0.1,93.98
10683,O004584,P0087,3,204.36,0.0,613.08
10684,O004584,P0034,2,325.43,0.0,650.86
10685,O004585,P0080,2,115.41,0.0,230.82
10686,O004585,P0077,1,312.59,0.05,296.96
10687,O004586,P0045,1,992.18,0.0,992.18
10688,O004586,P0030,2,2159.62,0.1,3887.32
10689,O004586,P0084,2,501.14,0.05,952.17
10690,O004587,P0045,1,1086.98,0.0,1086.98
10691,O004587,P0020,2,2462.11,0.0,4924.22
10692,O004587,P0084,2,477.27,0.05,906.81
10693,O004587,P0054,2,57.79,0.0,115.58
10694,O004588,P0020,1,2400.86,0.15,2040.73
10695,O004588,P0003,1,4914.9,0.0,4914.9
10696,O004588,P0015,1,1489.6,0.0,1489.6
10697,O004588,P0012,1,123.67,0.0,123.67
10698,O004589,P0084,3,476.15,0.0,1428.45
10699,O004589,P0058,2,100.35,0.15,170.6
10700,O004589,P0059,3,112.89,0.0,338.67
10701,O004589,P0016,2,3515.86,0.0,7031.72
10702,O004590,P0040,2,450.41,0.0,900.82
10703,O004590,P0071,1,52.64,0.0,52.64
10704,O004592,P0077,3,281.56,0.05,802.45
10705,O004592,P0016,1,3370.67,0.1,3033.6
10706,O004592,P0013,3,1365.72,0.1,3687.44
10707,O004593,P0071,4,53.29,0.1,191.84
10708,O004593,P0012,5,115.99,0.0,579.95
10709,O004593,P0009,1,2023.82,0.15,1720.25
10710,O004594,P0013,2,1393.72,0.0,2787.44
10711,O004594,P0032,2,110.61,0.0,221.22
10712,O004595,P0015,1,1329.05,0.0,1329.05
10713,O004595,P0073,3,76.13,0.0,228.39
10714,O004596,P0037,2,715.41,0.1,1287.74
10715,O004596,P0027,3,322.79,0.05,919.95
10716,O004597,P0016,2,3205.65,0.1,5770.17
10717,O004597,P0058,4,104.95,0.0,419.8
10718,O004597,P0077,2,281.39,0.0,562.78
10719,O004597,P0012,5,115.19,0.2,460.76
10720,O004598,P0012,4,128.08,0.0,512.32
10721,O004599,P0077,1,287.53,0.0,287.53
10722,O004600,P0054,3,59.49,0.0,178.47
10723,O004600,P0077,1,299.08,0.05,284.13
10724,O004602,P0043,1,1004.31,0.1,903.88
10725,O004602,P0039,2,762.26,0.0,1524.52
10726,O004602,P0045,1,1017.51,0.0,1017.51
10727,O004602,P0015,3,1310.47,0.1,3538.27
10728,O004603,P0061,4,129.19,0.1,465.08
10729,O004603,P0080,1,129.24,0.15,109.85
10730,O004603,P0009,1,2149.83,0.0,2149.83
10731,O004603,P0045,2,1013.42,0.0,2026.84
10732,O004604,P0016,1,3268.22,0.05,3104.81
10733,O004604,P0058,4,109.9,0.1,395.64
10734,O004604,P0032,4,125.11,0.0,500.44
10735,O004604,P0021,1,2526.01,0.0,2526.01
10736,O004605,P0013,2,1401.49,0.0,2802.98
10737,O004605,P0061,3,131.47,0.2,315.53
10738,O004605,P0049,1,291.2,0.2,232.96
10739,O004605,P0012,5,118.15,0.0,590.75
10740,O004606,P0020,2,2383.24,0.1,4289.83
10741,O004606,P0005,1,378.37,0.15,321.61
10742,O004606,P0021,1,2742.99,0.0,2742.99
10743,O004607,P0020,1,2611.3,0.0,2611.3
10744,O004607,P0071,5,52.44,0.15,222.87
10745,O004607,P0080,1,120.79,0.0,120.79
10746,O004608,P0039,1,711.11,0.05,675.55
10747,O004608,P0074,2,78.55,0.0,157.1
10748,O004608,P0058,2,99.81,0.0,199.62
10749,O004608,P0008,1,2293.67,0.0,2293.67
10750,O004609,P0077,3,277.93,0.0,833.79
10751,O004609,P0045,3,986.69,0.2,2368.06
10752,O004610,P0050,3,315.85,0.0,947.55
10753,O004611,P0084,3,521.31,0.0,1563.93
10754,O004611,P0087,2,207.38,0.0,414.76
10755,O004611,P0053,1,62.11,0.0,62.11
10756,O004612,P0029,1,2386.55,0.05,2267.22
10757,O004612,P0071,3,49.27,0.0,147.81
10758,O004613,P0067,5,238.65,0.0,1193.25
10759,O004613,P0056,3,854.15,0.2,2049.96
10760,O004615,P0039,1,714.39,0.05,678.67
10761,O004616,P0023,1,3060.51,0.1,2754.46
10762,O004617,P0039,2,670.95,0.0,1341.9
10763,O004618,P0008,1,2530.48,0.0,2530.48
10764,O004618,P0071,0,53.0,0.0,212.0
10765,O004618,P0039,3,684.73,0.0,2054.19
10766,O004619,P0064,1,106.65,0.0,106.65
10767,O004619,P0080,2,115.11,0.0,230.22
10768,O004620,P0050,3,296.69,0.1,801.06
10769,O004620,P0034,1,281.95,0.1,253.76
10770,O004621,P0021,1,2707.96,0.0,2707.96
10771,O004621,P0008,2,2307.85,0.1,4154.13
10772,O004621,P0055,2,765.67,0.0,1531.34
10773,O004621,P0073,3,66.08,0.1,178.42
10774,O004622,P0058,2,102.21,0.0,204.42
10775,O004622,P0040,1,457.5,0.0,457.5
10776,O004622,P0016,1,3605.27,0.0,3605.27
10777,O004623,P0034,2,289.83,0.0,579.66
10778,O004624,P0054,4,61.45,0.0,245.8
10779,O004625,P0001,1,4359.96,0.0,4359.96
10780,O004625,P0084,2,505.58,0.0,1011.16
10781,O004626,P0020,2,2620.34,0.0,5240.68
10782,O004627,P0058,4,104.71,0.0,418.84
10783,O004627,P0073,4,65.49,0.0,261.96
10784,O004628,P0005,1,413.9,0.05,393.2
10785,O004628,P0054,3,58.04,0.15,148.0
10786,O004629,P0087,5,183.66,0.1,826.47
10787,O004629,P0080,5,115.26,0.0,576.3
10788,O004630,P0080,1,114.52,0.0,114.52
10789,O004630,P0005,1,416.32,0.0,416.32
10790,O004631,P0026,2,286.02,0.05,543.44
10791,O004631,P0020,1,2422.01,0.05,2300.91
10792,O004631,P0057,3,942.8,0.0,2828.4
10793,O004631,P0087,5,206.52,0.0,1032.6
10794,O004632,P0039,3,661.96,0.0,1985.88
10795,O004632,P0054,2,61.61,0.15,104.74
10796,O004632,P0012,5,120.49,0.0,602.45
10797,O004633,P0077,3,314.99,0.2,755.98
10798,O004633,P0020,1,2505.72,0.0,2505.72
10799,O004633,P0032,4,112.8,0.0,451.2
10800,O004633,P0012,2,124.81,0.0,249.62
10801,O004634,P0084,1,452.37,0.15,384.51
10802,O004635,P0080,4,116.69,0.0,466.76
10803,O004635,P0013,3,1381.78,0.05,3938.07
10804,O004636,P0012,2,113.76,0.2,182.02
10805,O004636,P0020,2,2515.0,0.05,4778.5
10806,O004636,P0005,2,401.76,0.1,723.17
10807,O004637,P0084,2,464.42,0.0,928.84
10808,O004637,P0054,4,64.84,0.0,259.36
10809,O004637,P0008,2,2265.11,0.0,4530.22
10810,O004638,P0025,2,280.13,0.15,476.22
10811,O004639,P0080,4,125.03,0.0,500.12
10812,O004639,P0012,3,130.15,0.0,390.45
10813,O004640,P0054,5,64.47,0.05,306.23
10814,O004640,P0039,1,743.95,0.0,743.95
10815,O004640,P0038,1,664.48,0.15,564.81
10816,O004640,P0005,3,400.17,0.05,1140.48
10817,O004641,P0032,1,117.59,0.1,105.83
10818,O004641,P0013,1,1346.18,0.2,1076.94
10819,O004641,P0020,1,2351.09,0.0,2351.09
10820,O004641,P0039,3,716.74,0.0,2150.22
10821,O004642,P0037,2,686.25,0.0,1372.5
10822,O004642,P0020,2,2443.23,0.05,4642.14
10823,O004642,P0039,1,710.16,0.2,568.13
10824,O004642,P0045,1,994.31,0.0,994.31
10825,O004643,P0039,2,673.75,0.1,1212.75
10826,O004643,P0044,1,1075.89,0.0,1075.89
10827,O004643,P0020,1,2604.61,0.0,2604.61
10828,O004643,P0058,4,114.92,0.0,459.68
10829,O004644,P0020,2,2479.47,0.0,4958.94
10830,O004644,P0008,2,2328.52,0.1,4191.34
10831,O004645,P0039,1,711.21,0.05,675.65
10832,O004645,P0008,1,2487.28,0.0,2487.28
10833,O004646,P0084,2,493.73,0.05,938.09
10834,O004646,P0087,5,208.83,0.0,1044.15
10835,O004646,P0020,2,2466.14,0.1,4439.05
10836,O004647,P0080,5,115.42,0.0,577.1
10837,O004647,P0008,1,2357.59,0.05,2239.71
10838,O004647,P0039,1,754.02,0.1,678.62
10839,O004647,P0054,4,59.18,0.0,236.72
10840,O004648,P0008,1,2449.74,0.1,2204.77
10841,O004648,P0080,4,113.44,0.0,453.76
10842,O004649,P0058,2,100.58,0.0,201.16
10843,O004650,P0040,3,447.86,0.0,1343.58
10844,O004650,P0077,2,294.74,0.2,471.58
10845,O004650,P0054,2,64.5,0.0,129.0
10846,O004651,P0047,5,87.88,0.0,439.4
10847,O004652,P0077,2,296.43,0.1,533.57
10848,O004652,P0047,5,90.1,0.0,450.5
10849,O004652,P0087,5,205.77,0.0,1028.85
10850,O004653,P0044,3,968.71,0.0,2906.13
10851,O004653,P0013,1,1445.84,0.05,1373.55
10852,O004654,P0054,1,63.09,0.15,53.63
10853,O004654,P0041,3,469.13,0.2,1125.91
10854,O004654,P0020,1,2613.48,0.0,2613.48
10855,O004655,P0037,1,753.38,0.1,678.04
10856,O004655,P0050,3,313.62,0.05,893.82
10857,O004655,P0084,1,506.59,0.0,506.59
10858,O004656,P0020,2,2413.45,0.0,4826.9
10859,O004656,P0016,1,3576.54,0.0,3576.54
10860,O004656,P0087,1,192.15,0.0,192.15
10861,O004656,P0080,4,122.68,0.0,490.72
10862,O004657,P0080,3,124.92,0.0,374.76
10863,O004657,P0015,2,1495.92,0.05,2842.25
10864,O004658,P0067,3,259.56,0.0,778.68
10865,O004659,P0077,2,273.74,0.0,547.48
10866,O004660,P0065,5,94.7,0.0,473.5
10867,O004660,P0039,1,762.78,0.0,762.78
10868,O004661,P0084,2,489.52,0.15,832.18
10869,O004661,P0043,3,941.76,0.15,2401.49
10870,O004661,P0020,1,2607.39,0.1,2346.65
10871,O004661,P0005,3,395.84,0.1,1068.77
10872,O004662,P0084,2,486.36,0.15,826.81
10873,O004662,P0071,5,51.29,0.0,256.45
10874,O004663,P0033,3,106.88,0.05,304.61
10875,O004663,P0084,2,518.9,0.0,1037.8
10876,O004663,P0080,1,131.56,0.0,131.56
10877,O004664,P0073,3,68.48,0.0,205.44
10878,O004664,P0016,2,3556.59,0.2,5690.54
10879,O004665,P0034,2,288.63,0.0,577.26
10880,O004665,P0080,5,120.86,0.0,604.3
10881,O004665,P0048,5,94.36,0.1,424.62
10882,O004665,P0044,2,963.85,0.0,1927.7
10883,O004666,P0030,1,2486.9,0.2,1989.52
10884,O004666,P0022,1,3022.09,0.0,3022.09
10885,O004666,P0005,1,378.46,0.05,359.54
10886,O004667,P0058,1,113.43,0.05,107.76
10887,O004667,P0084,1,509.38,0.0,509.38
10888,O004668,P0054,1,64.37,0.05,61.15
10889,O004668,P0020,2,2580.35,0.1,4644.63
10890,O004668,P0080,5,123.68,0.15,525.64
10891,O004668,P0087,2,193.36,0.0,386.72
10892,O004669,P0037,3,666.06,0.0,1998.18
10893,O004669,P0071,3,50.61,0.0,151.83
10894,O004670,P0045,1,1011.76,0.0,1011.76
10895,O004670,P0020,2,2447.01,0.0,4894.02
10896,O004671,P0045,2,1017.77,0.05,1933.76
10897,O004671,P0071,1,53.18,0.0,53.18
10898,O004671,P0012,1,123.27,0.0,123.27
10899,O004671,P0084,2,455.74,0.0,911.48
10900,O004672,P0016,1,3158.9,0.0,3158.9
10901,O004672,P0054,1,59.26,0.0,59.26
10902,O004672,P0020,1,2424.75,0.05,2303.51
10903,O004673,P0039,1,744.65,0.0,744.65
10904,O004673,P0020,2,2319.44,0.0,4638.88
10905,O004673,P0045,2,1086.32,0.05,2064.01
10906,O004673,P0022,2,3001.04,0.2,4801.66
10907,O004674,P0061,2,123.54,0.0,247.08
10908,O004675,P0038,2,664.23,0.2,1062.77
10909,O004676,P0020,1,2375.82,0.0,2375.82
10910,O004676,P0055,2,805.85,0.05,1531.12
10911,O004676,P0084,1,461.7,0.0,461.7
10912,O004676,P0079,4,147.57,0.05,560.77
10913,O004677,P0074,3,72.23,0.05,205.86
10914,O004678,P0080,4,116.92,0.0,467.68
10915,O004678,P0020,2,2622.08,0.0,5244.16
10916,O004678,P0058,3,105.1,0.0,315.3
5805,O002473,P0039,1,689.8,0.0,689.8
2217,O000965,P0020,1,2279.27,0.0,2279.27
4746,O002019,P0039,1,674.35,0.1,606.92
4967,O002110,P0008,1,2267.35,0.0,2267.35
10471,O004496,P0084,1,468.79,0.0,468.79
1349,O000578,P0084,2,454.38,0.1,817.88
4186,O001789,P0065,1,95.52,0.0,95.52
897,O000375,P0003,2,4548.03,0.0,9096.06
7146,O003042,P0015,2,1471.78,0.2,2354.85
4243,O001817,P0057,2,968.96,0.0,1937.92
10528,O004520,P0080,4,131.75,0.15,447.95
744,O000320,P0012,3,116.42,0.15,296.87
347,O000160,P0071,4,54.41,0.0,217.64
106,O000047,P0044,3,926.35,0.0,2779.05
8427,O003593,P0087,3,193.19,0.1,521.61
9545,O004075,P0022,1,3057.31,0.1,2751.58
2566,O001115,P0053,4,71.74,0.1,258.26
10484,O004502,P0056,1,877.83,0.0,877.83
9815,O004200,P0004,2,360.18,0.0,720.36
5737,O002444,P0020,2,2286.19,0.0,4572.38
6494,O002760,P0065,5,92.03,0.0,460.15
8791,O003745,P0012,3,128.62,0.0,385.86
4657,O001983,P0077,2,297.83,0.0,595.66
10053,O004311,P0043,1,950.44,0.1,855.4
9482,O004048,P0057,3,851.14,0.0,2553.42
1445,O000621,P0086,1,211.75,0.1,190.58
7081,O003017,P0020,2,2585.5,0.0,5171.0
9067,O003873,P0005,2,415.2,0.0,830.4
8640,O003681,P0043,1,999.53,0.0,999.53
8907,O003799,P0039,2,658.2,0.0,1316.4
7483,O003196,P0054,3,56.65,0.0,169.95
5511,O002342,P0012,1,127.57,0.05,121.19
5466,O002326,P0043,2,1010.41,0.0,2020.82
1106,O000466,P0020,1,2614.72,0.15,2222.51
9154,O003909,P0053,2,66.49,0.2,106.38
4096,O001748,P0003,1,4489.05,0.0,4489.05
531,O000237,P0055,3,769.69,0.0,2309.07
3927,O001682,P0037,1,666.71,0.0,666.71
9474,O004046,P0055,1,752.17,0.0,752.17
2066,O000900,P0005,1,394.06,0.2,315.25
6825,O002901,P0054,3,65.85,0.0,197.55
9241,O003945,P0023,2,3301.61,0.05,6273.06
8198,O003501,P0084,3,522.06,0.0,1566.18
3623,O001556,P0039,3,652.6,0.05,1859.91
8927,O003809,P0039,3,755.83,0.1,2040.74
8970,O003827,P0084,2,452.24,0.0,904.48
8061,O003433,P0012,2,115.97,0.0,231.94
578,O000258,P0043,1,943.3,0.0,943.3
476,O000215,P0037,3,714.49,0.0,2143.47
9447,O004034,P0020,2,2554.96,0.1,4598.93
3435,O001480,P0047,1,92.62,0.0,92.62
1450,O000624,P0084,2,466.95,0.0,933.9
1164,O000491,P0055,1,777.81,0.0,777.81
8377,O003573,P0084,2,467.8,0.0,935.6
74,O000036,P0045,2,1026.03,0.2,1641.65
1,O999999,P0001,1,100.0,0.0,100.0
2,O999998,P0001,1,100.0,0.0,100.0
3,O999997,P0001,1,100.0,0.0,100.0
4,O999996,P0001,1,100.0,0.0,100.0
5,O999995,P0001,1,100.0,0.0,100.0
